cell_id,model,task_id,seed,condition,program_id,mechanism,evidence,candidate_rule,eligibility,abstain_reason,semantic_risk,recommended_priority,source_sha256,source_authority,taxonomy_layer,taxonomy_tags,existing_h1_mechanism_present,existing_h2_mechanism_present
f1e95f633cbcfc728ca9ba13f3a974367c63f6173153472665d62f27491db1da,qwen3.5:4b,Mbpp/633,11,Ab1_H0,1f1c2146d9146a3cf527fbb340c3099ea3253a8290b0e1c1b4a478b8eb4e22c7,packaging_markdown_extractor,"formal extraction_status=extracted; markdown=True; prose=True; taxonomy=UNRESOLVED:[""plus_only_failure_unlocalized"", ""diagnostic_execution_not_run""]",Scaffold_or_Pipeline_correction,scaffold_or_pipeline_correction,not a Healer responsibility,candidate selection or text stripping can choose the wrong program,none,a2d3b0d6cb33484ac935f4299e96e13ff5e7e81196671034571f5a70ed63be44,artifacts/public_benchmark_development/mbpp_qwen35_4b_failure_supply_pilot/runs/mbpp_q35_4b_dev20_failure_supply_pilot_r001/j/994a35c397d482b177e5943874ec2a79bfa4548060897654ac1f63c5aebcf496.json,UNRESOLVED,"[""plus_only_failure_unlocalized"", ""diagnostic_execution_not_run""]",false,false
9dfc1d7cd599ab3f3af077b4dcd4dfdef3d001b75b433d101f3815073e3cc35d,qwen3.5:4b,Mbpp/633,11,Ab2g_H1,9e3ee507e60cac742190443c25b27c41c9be9f30f7638e968d8a2bac17cb5d4e,module_assert,one or more top-level Assert nodes; residual mechanism absent,module_assert_entrypoint_selftest_quarantine_v0,excluded_existing_H2,mechanism is already the exact fixed H2 development candidate,governed by H2; no new rule inferred,none,794b7bcc9e3c2d1b8bc773e7044903e47317206cf8cf5acff587170d1aa9b98a,artifacts/public_benchmark_development/mbpp_qwen35_4b_failure_supply_pilot/runs/mbpp_q35_4b_dev20_failure_supply_pilot_r001/j/5d2dc395d112686c7892db1cd7e0561fc4b30e8f73204b5f370aef2c308302f3.json,UNRESOLVED,"[""base_and_plus_failure_unlocalized"", ""diagnostic_execution_not_run""]",false,true
63d369a9d1f5f84fa260fb5b4592fbc73af36648fba39cb5a609c619642246ac,qwen3.5:4b,Mbpp/633,22,Ab1_H0,582d2250ff8335f9e80d9d5f0de3cced1bac07d4465acb4e45c85e1135fa43a6,packaging_markdown_extractor,"formal extraction_status=extracted; markdown=True; prose=True; taxonomy=UNRESOLVED:[""plus_only_failure_unlocalized"", ""diagnostic_execution_not_run""]",Scaffold_or_Pipeline_correction,scaffold_or_pipeline_correction,not a Healer responsibility,candidate selection or text stripping can choose the wrong program,none,84b08d0edabcf0d2319841225388521dcb2d723b85d2b8f7f93e8403733bd7f1,artifacts/public_benchmark_development/mbpp_qwen35_4b_failure_supply_pilot/runs/mbpp_q35_4b_dev20_failure_supply_pilot_r001/j/7ab63706c721e6cf7aaa02d3b2e9655f8ee6ef34c58e8b8df5ee1348d45d0623.json,UNRESOLVED,"[""plus_only_failure_unlocalized"", ""diagnostic_execution_not_run""]",false,false
b69cbe74a1db02ae2362864da9bd8ec443d7e4b0dc424395007d1b4e4bcf5a39,qwen3.5:4b,Mbpp/633,22,Ab2g_H1,8b4d3b35c37ec36bb20980cc04655e5be26f27295e535b1bd7d205db0cc19ce3,semantic_algorithm_boundary_or_no_unique_local_mechanism,"AST parses; required_entry_point_present=True; no_unique_missing_import=true; no_safe_demo_print=true; taxonomy=UNRESOLVED:[""base_and_plus_failure_unlocalized"", ""diagnostic_execution_not_run""]",none,not_eligible,no unique local semantics-preserving repair is evidenced,"likely algorithmic, boundary, data-flow, or otherwise unlocalized",none,f7946e38d1da8691ae43674c409d56054b77c0e5de5c6cf1d4c59dcc8a40c39b,artifacts/public_benchmark_development/mbpp_qwen35_4b_failure_supply_pilot/runs/mbpp_q35_4b_dev20_failure_supply_pilot_r001/j/e4659ccd987d97e1a5f9915a5dc656a89c3ea5e78bc2fee976e343b814db53ce.json,UNRESOLVED,"[""base_and_plus_failure_unlocalized"", ""diagnostic_execution_not_run""]",false,false
224956b99cd0c0ceeed0b6a1c9461dd84f4ca2dc7c9d86295b8b739037e74ff3,qwen3.5:4b,Mbpp/633,33,Ab1_H0,cd44ecef70f1c75ce83874e5edfb39cd4b95f42e7ca3b25c4da582ad024d8893,packaging_markdown_extractor,"formal extraction_status=ambiguous; markdown=True; prose=False; taxonomy=L0:[""extraction_ambiguous"", ""fail_closed_no_candidate_selection""]",Scaffold_or_Pipeline_correction,scaffold_or_pipeline_correction,not a Healer responsibility,candidate selection or text stripping can choose the wrong program,none,2904c66bb5c55dffc616ffee5e12f64ce56f779dd14783cbec68f9e7bb098c23,artifacts/public_benchmark_development/mbpp_qwen35_4b_failure_supply_pilot/runs/mbpp_q35_4b_dev20_failure_supply_pilot_r001/j/ddf887bc974d8f55f970ad35dfb5a9649507a1a875ceb989e45e088c47be68f5.json,L0,"[""extraction_ambiguous"", ""fail_closed_no_candidate_selection""]",false,false
a4e20446ad1d6bd0adcc2c5b0eb07f68ad421cfd9dcaf5eaecd404cfd4235f7f,qwen3.5:4b,Mbpp/633,33,Ab2g_H1,cbd141a4315526c793d3d16a59b41f9651b819378e4b0af6bb43804a4e73f9f0,module_assert,one or more top-level Assert nodes; residual mechanism absent,module_assert_entrypoint_selftest_quarantine_v0,excluded_existing_H2,mechanism is already the exact fixed H2 development candidate,governed by H2; no new rule inferred,none,e5d09ed6ad61e8335430f445d00615445534bab8ea52c5cf394aabf350da8d44,artifacts/public_benchmark_development/mbpp_qwen35_4b_failure_supply_pilot/runs/mbpp_q35_4b_dev20_failure_supply_pilot_r001/j/9a6720918d7a3e81c52933e0d1a519499897818cbfc1f2282929b137f21548f4.json,UNRESOLVED,"[""base_and_plus_failure_unlocalized"", ""diagnostic_execution_not_run""]",false,true
35c67699eb3ba291de56f07c3359c77001b4f97233736e0de065d1f5ed1afe88,qwen3.5:4b,Mbpp/633,44,Ab1_H0,a732a3033a4a2f9c3ebd80477d4fe59eaf6d3b51185edb30a60888f2f19eca6d,packaging_markdown_extractor,"formal extraction_status=extracted; markdown=True; prose=False; taxonomy=UNRESOLVED:[""base_and_plus_failure_unlocalized"", ""diagnostic_execution_not_run""]",Scaffold_or_Pipeline_correction,scaffold_or_pipeline_correction,not a Healer responsibility,candidate selection or text stripping can choose the wrong program,none,8ade9c4924373fc92a84c81d63498717f9987eda5f2a3b2746cc965d46da5609,artifacts/public_benchmark_development/mbpp_qwen35_4b_failure_supply_pilot/runs/mbpp_q35_4b_dev20_failure_supply_pilot_r001/j/f1efbbea72a515d15dcc0c633b7d04384ae60bc98f249b4a7ae952337e71ec69.json,UNRESOLVED,"[""base_and_plus_failure_unlocalized"", ""diagnostic_execution_not_run""]",false,false
edf1072103afbc18b15c943e5e2284756135ebe3d7f3d0adea55ba29970f9aac,qwen3.5:4b,Mbpp/633,44,Ab2g_H1,447d3b7589b6625f18a9ecdab0b9ffc98fd356f53d6a52a36e1082c2cdd5f063,module_assert,one or more top-level Assert nodes; residual mechanism absent,module_assert_entrypoint_selftest_quarantine_v0,excluded_existing_H2,mechanism is already the exact fixed H2 development candidate,governed by H2; no new rule inferred,none,794b7bcc9e3c2d1b8bc773e7044903e47317206cf8cf5acff587170d1aa9b98a,artifacts/public_benchmark_development/mbpp_qwen35_4b_failure_supply_pilot/runs/mbpp_q35_4b_dev20_failure_supply_pilot_r001/j/d710b86913560087e2f100da8dbab246ba5fb741b7b7e201bd58b06a068626f2.json,UNRESOLVED,"[""base_and_plus_failure_unlocalized"", ""diagnostic_execution_not_run""]",false,true
7e31ac4ad16917c9d0c8cf5c930653e432b023b26d1d9a428e6843acb323a240,qwen3.5:4b,Mbpp/633,55,Ab1_H0,1ea1da5b9d968c4bcf581f624b60244c8503b91e061be0be02b8e45e2150e4b8,packaging_markdown_extractor,"formal extraction_status=ambiguous; markdown=True; prose=True; taxonomy=L0:[""extraction_ambiguous"", ""fail_closed_no_candidate_selection""]",Scaffold_or_Pipeline_correction,scaffold_or_pipeline_correction,not a Healer responsibility,candidate selection or text stripping can choose the wrong program,none,52a7048327ce2557fc5b325ab479d47a46a5cf7c07af87122139c9b4ec736c91,artifacts/public_benchmark_development/mbpp_qwen35_4b_failure_supply_pilot/runs/mbpp_q35_4b_dev20_failure_supply_pilot_r001/j/392b66ca8015d21e9108c571675a7eab09ba9291f35ae819851e4c5618ceb37d.json,L0,"[""extraction_ambiguous"", ""fail_closed_no_candidate_selection""]",false,false
458fc78e939178ce338a4035afbf3c836f969c98de1a26c3702b98dd3d001678,qwen3.5:4b,Mbpp/633,55,Ab2g_H1,1e9a9d398ba04c2e6301e361f60360a79f63b286ed8deed2546114d6ce477994,semantic_algorithm_boundary_or_no_unique_local_mechanism,"AST parses; required_entry_point_present=True; no_unique_missing_import=true; no_safe_demo_print=true; taxonomy=UNRESOLVED:[""base_and_plus_failure_unlocalized"", ""diagnostic_execution_not_run""]",none,not_eligible,no unique local semantics-preserving repair is evidenced,"likely algorithmic, boundary, data-flow, or otherwise unlocalized",none,17cbb6d3b2fe8b3a9a9e8a5eb1e703250a240b0e71d515f1a2832e6c08aca25c,artifacts/public_benchmark_development/mbpp_qwen35_4b_failure_supply_pilot/runs/mbpp_q35_4b_dev20_failure_supply_pilot_r001/j/22ba1123511d50f2c79d1f1f914c8c60e4142ff4a20ce3202af768089887e812.json,UNRESOLVED,"[""base_and_plus_failure_unlocalized"", ""diagnostic_execution_not_run""]",false,false
c870f2b3dfe1174cbb3f3b21b47c960f5d5832f042644564e11c914ed6090a1a,qwen3.5:4b,Mbpp/769,11,Ab1_H0,29dfdc1363062e528674450adcae9b9927a378454c11e59848aeb3d4fb35f4ee,packaging_markdown_extractor,"formal extraction_status=extracted; markdown=True; prose=False; taxonomy=UNRESOLVED:[""base_and_plus_failure_unlocalized"", ""diagnostic_execution_not_run""]",Scaffold_or_Pipeline_correction,scaffold_or_pipeline_correction,not a Healer responsibility,candidate selection or text stripping can choose the wrong program,none,c1fd0190ec7236828b5a1997e1fc6bbadcdf1d1c3d6d20d8f98672306140fb46,artifacts/public_benchmark_development/mbpp_qwen35_4b_failure_supply_pilot/runs/mbpp_q35_4b_dev20_failure_supply_pilot_r001/j/afa62d59f6d0bd2f9e84d7120a345b1efc2e822ee453e7a528996da0307a23df.json,UNRESOLVED,"[""base_and_plus_failure_unlocalized"", ""diagnostic_execution_not_run""]",false,false
d01231b2c4e6428b7347492d6f5d8e8a2271143306366198a8bb9978078a8bf7,qwen3.5:4b,Mbpp/769,11,Ab2g_H1,323dd9d3dea1f3308a0196559691712124b51c4b3da36f45341825a341a1654d,semantic_algorithm_boundary_or_no_unique_local_mechanism,"AST parses; required_entry_point_present=True; no_unique_missing_import=true; no_safe_demo_print=true; taxonomy=UNRESOLVED:[""base_and_plus_failure_unlocalized"", ""diagnostic_execution_not_run""]",none,not_eligible,no unique local semantics-preserving repair is evidenced,"likely algorithmic, boundary, data-flow, or otherwise unlocalized",none,a1c7850c7c2add56792dbeda4eff8fa8d26e2fe81e985013a4473ca9678020a2,artifacts/public_benchmark_development/mbpp_qwen35_4b_failure_supply_pilot/runs/mbpp_q35_4b_dev20_failure_supply_pilot_r001/j/625d8c01e3bbfaf6ec312e1412b5f14d46822299d91ca51709ac3ff875e8991f.json,UNRESOLVED,"[""base_and_plus_failure_unlocalized"", ""diagnostic_execution_not_run""]",false,false
88c6ec7294ae885e8a8436a7b9e4736879cb66c140c06da862aa4fc1fef0fbde,qwen3.5:4b,Mbpp/769,22,Ab1_H0,cc51c2dd1cc2db03931454c532f896f9bb14b6dc3a1b5f85bd65938c1abe5486,packaging_markdown_extractor,"formal extraction_status=ambiguous; markdown=True; prose=True; taxonomy=L0:[""extraction_ambiguous"", ""fail_closed_no_candidate_selection""]",Scaffold_or_Pipeline_correction,scaffold_or_pipeline_correction,not a Healer responsibility,candidate selection or text stripping can choose the wrong program,none,eab75be9f640094c1131e63f558b19d8ec889fb7ec478e3d01a089859d783078,artifacts/public_benchmark_development/mbpp_qwen35_4b_failure_supply_pilot/runs/mbpp_q35_4b_dev20_failure_supply_pilot_r001/j/214d9d74a0b8e1e165691c6940eff487405adcb47f4c245300bc8138b62cb9ff.json,L0,"[""extraction_ambiguous"", ""fail_closed_no_candidate_selection""]",false,false
d12832ea355ac1c9c384369a12dac652a91b27afaa1636d484e795e8bbc05b64,qwen3.5:4b,Mbpp/769,22,Ab2g_H1,e8132f7d18a3302ede02a28259f69e1afd3bce6fb65ca00fb1bd607c01aa1727,semantic_algorithm_boundary_or_no_unique_local_mechanism,"AST parses; required_entry_point_present=True; no_unique_missing_import=true; no_safe_demo_print=true; taxonomy=UNRESOLVED:[""base_and_plus_failure_unlocalized"", ""diagnostic_execution_not_run""]",none,not_eligible,no unique local semantics-preserving repair is evidenced,"likely algorithmic, boundary, data-flow, or otherwise unlocalized",none,7e067b71e0cd260f7c2ba23fd3b8f280dd5b511a20ff2f6fed78cd3454727986,artifacts/public_benchmark_development/mbpp_qwen35_4b_failure_supply_pilot/runs/mbpp_q35_4b_dev20_failure_supply_pilot_r001/j/d0a48c3ebc671c6a0d8be5e6c988ba8345ad7390618e0ed4bc2ae1fcf6d85b21.json,UNRESOLVED,"[""base_and_plus_failure_unlocalized"", ""diagnostic_execution_not_run""]",false,false
3cd98f35a01004fd5068297a0afdde4422c7338fe531e42eb11657dac7aee63d,qwen3.5:4b,Mbpp/769,33,Ab1_H0,87c2c7aa8ce64219f39ef164942fbdb497acffc0ee290f6de16debef45487e6c,packaging_markdown_extractor,"formal extraction_status=extracted; markdown=True; prose=False; taxonomy=L2:[""missing_entry_point"", ""output_contract_failure""]",Scaffold_or_Pipeline_correction,scaffold_or_pipeline_correction,not a Healer responsibility,candidate selection or text stripping can choose the wrong program,none,dbe06251c06ef2876000fb189e4019de8bab80d220d425d04b2b42730538b291,artifacts/public_benchmark_development/mbpp_qwen35_4b_failure_supply_pilot/runs/mbpp_q35_4b_dev20_failure_supply_pilot_r001/j/67f16a6b7daa3ac12144623d19146b8f843a114a3ab3eb5bb15b9e8a8af6f673.json,L2,"[""missing_entry_point"", ""output_contract_failure""]",false,false
780d961844caf500704d3b63c29248c80686110d2778857cf8e9d97baa2c9beb,qwen3.5:4b,Mbpp/769,33,Ab2g_H1,4c9a0a943e9721a17f1b9be9210498fe335346885249f03a64376da3f9e8aa1d,semantic_algorithm_boundary_or_no_unique_local_mechanism,"AST parses; required_entry_point_present=True; no_unique_missing_import=true; no_safe_demo_print=true; taxonomy=UNRESOLVED:[""base_and_plus_failure_unlocalized"", ""diagnostic_execution_not_run""]",none,not_eligible,no unique local semantics-preserving repair is evidenced,"likely algorithmic, boundary, data-flow, or otherwise unlocalized",none,7e067b71e0cd260f7c2ba23fd3b8f280dd5b511a20ff2f6fed78cd3454727986,artifacts/public_benchmark_development/mbpp_qwen35_4b_failure_supply_pilot/runs/mbpp_q35_4b_dev20_failure_supply_pilot_r001/j/7d4e67a95a586f16825cc12f6dad0d4086a0b2755408cd41cc2ef6d1a599b1a3.json,UNRESOLVED,"[""base_and_plus_failure_unlocalized"", ""diagnostic_execution_not_run""]",false,false
2921cf8d5fa1fea019226451be73449a9f2c8a627d765b3de73272bf33019df2,qwen3.5:4b,Mbpp/769,44,Ab1_H0,38503807b222f907b4d9ff71e6409779a976c634a944c6d0b32b177113f4e00f,packaging_markdown_extractor,"formal extraction_status=extracted; markdown=True; prose=False; taxonomy=UNRESOLVED:[""base_and_plus_failure_unlocalized"", ""diagnostic_execution_not_run""]",Scaffold_or_Pipeline_correction,scaffold_or_pipeline_correction,not a Healer responsibility,candidate selection or text stripping can choose the wrong program,none,41117fdd4d7f3d61f4a75e54630cbb39edbbf9a700a41e88e6cc3bb0cf8e4d4f,artifacts/public_benchmark_development/mbpp_qwen35_4b_failure_supply_pilot/runs/mbpp_q35_4b_dev20_failure_supply_pilot_r001/j/37d54a8c11b9b9f2813cd57e04698b037951ca8bec50c022ea31ecc1ef29356a.json,UNRESOLVED,"[""base_and_plus_failure_unlocalized"", ""diagnostic_execution_not_run""]",false,false
33325bf93c08fae21815cced2807d7b0ddfceb17df360ba50f684d16773e7c7a,qwen3.5:4b,Mbpp/769,44,Ab2g_H1,3a4adfe141064a4c3e633071c21807a8339069ed8e2ea73d192e83281019001a,semantic_algorithm_boundary_or_no_unique_local_mechanism,"AST parses; required_entry_point_present=True; no_unique_missing_import=true; no_safe_demo_print=true; taxonomy=UNRESOLVED:[""base_and_plus_failure_unlocalized"", ""diagnostic_execution_not_run""]",none,not_eligible,no unique local semantics-preserving repair is evidenced,"likely algorithmic, boundary, data-flow, or otherwise unlocalized",none,a1c7850c7c2add56792dbeda4eff8fa8d26e2fe81e985013a4473ca9678020a2,artifacts/public_benchmark_development/mbpp_qwen35_4b_failure_supply_pilot/runs/mbpp_q35_4b_dev20_failure_supply_pilot_r001/j/e116f018860b424b90a8de625d95384167c0fdc5aff9ff5199ae68b9dbfb8fe2.json,UNRESOLVED,"[""base_and_plus_failure_unlocalized"", ""diagnostic_execution_not_run""]",false,false
0bba2827dd3616258dd92c616fb7b0de09109b6a41065f03c77fb0197c5d8641,qwen3.5:4b,Mbpp/769,55,Ab1_H0,5ac48d49a50048905a7bf6faf2f25cb36751b6d0dfa13342c5597beac3b72948,packaging_markdown_extractor,"formal extraction_status=extracted; markdown=True; prose=False; taxonomy=L2:[""missing_entry_point"", ""output_contract_failure""]",Scaffold_or_Pipeline_correction,scaffold_or_pipeline_correction,not a Healer responsibility,candidate selection or text stripping can choose the wrong program,none,5f8c6314166bed2ba45344878dafb324c73b7209778eec0b82bb9c504cb1b955,artifacts/public_benchmark_development/mbpp_qwen35_4b_failure_supply_pilot/runs/mbpp_q35_4b_dev20_failure_supply_pilot_r001/j/19c5c46853050d62d236242a110d70b7e0dbd16f9412ad9a18829fccb5976d07.json,L2,"[""missing_entry_point"", ""output_contract_failure""]",false,false
835ef7c2c9da0542aa1474e526cac72f763135947d0f78a469cbe537182d5461,qwen3.5:4b,Mbpp/769,55,Ab2g_H1,7bdd1664e7c51a4c88cd472d766eb2b6728b42e4efb78fb80fe71764a2a7438b,semantic_algorithm_boundary_or_no_unique_local_mechanism,"AST parses; required_entry_point_present=True; no_unique_missing_import=true; no_safe_demo_print=true; taxonomy=UNRESOLVED:[""base_and_plus_failure_unlocalized"", ""diagnostic_execution_not_run""]",none,not_eligible,no unique local semantics-preserving repair is evidenced,"likely algorithmic, boundary, data-flow, or otherwise unlocalized",none,7e067b71e0cd260f7c2ba23fd3b8f280dd5b511a20ff2f6fed78cd3454727986,artifacts/public_benchmark_development/mbpp_qwen35_4b_failure_supply_pilot/runs/mbpp_q35_4b_dev20_failure_supply_pilot_r001/j/7a76d0148d1a47172aa331d7e9b12df1ac1417280eb9c48d9ddbd3715ec4aba4.json,UNRESOLVED,"[""base_and_plus_failure_unlocalized"", ""diagnostic_execution_not_run""]",false,false
21673a3ec0590f0ae290a870692a25afb1debb21ca3e76de6269ede302b6b792,qwen3.5:4b,Mbpp/453,11,Ab1_H0,d449742a9a1e00c8786156edad95d9d7b94325ee21a87af42e71ac8e216dbf7a,packaging_markdown_extractor,"formal extraction_status=extracted; markdown=True; prose=False; taxonomy=L2:[""missing_entry_point"", ""output_contract_failure""]",Scaffold_or_Pipeline_correction,scaffold_or_pipeline_correction,not a Healer responsibility,candidate selection or text stripping can choose the wrong program,none,33ab60630c7ff94d6195f4674a3d56a53b70e9f4fc8b0a61ef2c7a873db5c076,artifacts/public_benchmark_development/mbpp_qwen35_4b_failure_supply_pilot/runs/mbpp_q35_4b_dev20_failure_supply_pilot_r001/j/32d103dc25f191282829342ab7c2b316b86cde8c2fc1a7b0cf0f74a20d66ad95.json,L2,"[""missing_entry_point"", ""output_contract_failure""]",false,false
fa7f0d1c0be89b5f3c2b585ff7f88a3f2862e235ce0f74e82afdccf53ba3c89a,qwen3.5:4b,Mbpp/453,22,Ab1_H0,a6c77514902538d29dafc5814ce76dbe6d43e75c1a08a1434e88a78fca7c9d66,packaging_markdown_extractor,"formal extraction_status=extracted; markdown=True; prose=False; taxonomy=L2:[""missing_entry_point"", ""output_contract_failure""]",Scaffold_or_Pipeline_correction,scaffold_or_pipeline_correction,not a Healer responsibility,candidate selection or text stripping can choose the wrong program,none,8139f3ff765905cfdce543c0a0644b0b9ed9f54acb0cecf4aefd6034ca963b50,artifacts/public_benchmark_development/mbpp_qwen35_4b_failure_supply_pilot/runs/mbpp_q35_4b_dev20_failure_supply_pilot_r001/j/5eb95e07714e320d3c76355c073c9e61b900feb91c86657f017c9bae08098c1c.json,L2,"[""missing_entry_point"", ""output_contract_failure""]",false,false
8bfdec8694a999f6ecdf92a82cf0a9d5da3a675425fd551b150077b3e9eb53a5,qwen3.5:4b,Mbpp/453,33,Ab1_H0,61c097dbaf648ac149dec58a29c2f0f8cf1be2e2c96563e2c00ef80e7d4ab3a0,packaging_markdown_extractor,"formal extraction_status=extracted; markdown=True; prose=False; taxonomy=L2:[""missing_entry_point"", ""output_contract_failure""]",Scaffold_or_Pipeline_correction,scaffold_or_pipeline_correction,not a Healer responsibility,candidate selection or text stripping can choose the wrong program,none,79496a2da3ac44212ae5036c5ef9104d1c14e3a2fc6374778a2d70ef2edfcf99,artifacts/public_benchmark_development/mbpp_qwen35_4b_failure_supply_pilot/runs/mbpp_q35_4b_dev20_failure_supply_pilot_r001/j/fd6b4e1694bc0d0ce38d0ff8c6a826e21a8ee46d6de2821cd5282c4992529777.json,L2,"[""missing_entry_point"", ""output_contract_failure""]",false,false
7c9a6606c3faa94489b6fb48f9f784498700b3aeced2501278cf527f0f605f45,qwen3.5:4b,Mbpp/453,44,Ab1_H0,c40a7dc099deae9d6866f8b8bb6e34dda5b9bcc48e83a8e2eb3c7ed8e453a596,packaging_markdown_extractor,"formal extraction_status=extracted; markdown=True; prose=False; taxonomy=L2:[""missing_entry_point"", ""output_contract_failure""]",Scaffold_or_Pipeline_correction,scaffold_or_pipeline_correction,not a Healer responsibility,candidate selection or text stripping can choose the wrong program,none,bc28dd8001e5134080ced2c50a6068086e35f6940d956451cccf67b3c8a61ddc,artifacts/public_benchmark_development/mbpp_qwen35_4b_failure_supply_pilot/runs/mbpp_q35_4b_dev20_failure_supply_pilot_r001/j/9f872a7a23dbaa4bac936ff933bbc961945abfb2c26f659f48b3ca9bb1d48290.json,L2,"[""missing_entry_point"", ""output_contract_failure""]",false,false
d96cf7506d9a91e10aa884449cad3315a38122f44412b8df1c03dfd66171df0e,qwen3.5:4b,Mbpp/453,55,Ab1_H0,4232fe1daff40fd6c429b02221e109a2ae82bf0fbe9a6c1a7e9e029d2220a948,packaging_markdown_extractor,"formal extraction_status=extracted; markdown=True; prose=False; taxonomy=L2:[""missing_entry_point"", ""output_contract_failure""]",Scaffold_or_Pipeline_correction,scaffold_or_pipeline_correction,not a Healer responsibility,candidate selection or text stripping can choose the wrong program,none,be218b5a72f6cc2f665a85f12800812cf4e71f2a112d621729a8653e00833651,artifacts/public_benchmark_development/mbpp_qwen35_4b_failure_supply_pilot/runs/mbpp_q35_4b_dev20_failure_supply_pilot_r001/j/80f2fff739a58fc5c9c89c3d9c248e0815414a618b6ae0b3be3f29fdf7e036ca.json,L2,"[""missing_entry_point"", ""output_contract_failure""]",false,false
0d8e85194b7d8cd670645af01f58762882f208f206c50660037645b5c8657b9e,qwen3.5:4b,Mbpp/259,11,Ab2g_H1,7b89a9ac0702df0a960ab050deae7d83aedd1f632e2f50ff52cc9d5cc7cd23a1,semantic_algorithm_boundary_or_no_unique_local_mechanism,"AST parses; required_entry_point_present=True; no_unique_missing_import=true; no_safe_demo_print=true; taxonomy=UNRESOLVED:[""base_and_plus_failure_unlocalized"", ""diagnostic_execution_not_run""]",none,not_eligible,no unique local semantics-preserving repair is evidenced,"likely algorithmic, boundary, data-flow, or otherwise unlocalized",none,4cb2a26700e3d73a7eba651f64627db2af220063b8581f6b672447b9f20a4653,artifacts/public_benchmark_development/mbpp_qwen35_4b_failure_supply_pilot/runs/mbpp_q35_4b_dev20_failure_supply_pilot_r001/j/f32e6fc4937e3d42b0161066b82604f06be3de1624206a701ce50eeb06d4c874.json,UNRESOLVED,"[""base_and_plus_failure_unlocalized"", ""diagnostic_execution_not_run""]",false,false
69337a71a0843164d7bb62d1050bae0d3dc4acbc25ed122c804e299d7ac67c1c,qwen3.5:4b,Mbpp/259,22,Ab1_H0,4f9bf51d24c6cbb241ce3ec0d4b5ea77a0d3384f6fbd443851296f32b83b2e88,packaging_markdown_extractor,"formal extraction_status=extracted; markdown=True; prose=True; taxonomy=UNRESOLVED:[""base_and_plus_failure_unlocalized"", ""diagnostic_execution_not_run""]",Scaffold_or_Pipeline_correction,scaffold_or_pipeline_correction,not a Healer responsibility,candidate selection or text stripping can choose the wrong program,none,c5f67c35fd638e4c8ac6cb0a3a3d480b4478683d1ec25a7c12a7897659d81ea5,artifacts/public_benchmark_development/mbpp_qwen35_4b_failure_supply_pilot/runs/mbpp_q35_4b_dev20_failure_supply_pilot_r001/j/1caaf7b3dd88bb5c0fb9713b25bc4c4180b185dddd9855d75a94cc8de51508f6.json,UNRESOLVED,"[""base_and_plus_failure_unlocalized"", ""diagnostic_execution_not_run""]",false,false
f8060cbfc44e9726126f2848998c97695d17c13ed92d1f57161748cf10ad3a5a,qwen3.5:4b,Mbpp/259,22,Ab2g_H1,e416a50bceaa9a80b9e8b838c2cfd74e543765bd41b96b82ba489c1f2a7de476,semantic_algorithm_boundary_or_no_unique_local_mechanism,"AST parses; required_entry_point_present=True; no_unique_missing_import=true; no_safe_demo_print=true; taxonomy=UNRESOLVED:[""base_and_plus_failure_unlocalized"", ""diagnostic_execution_not_run""]",none,not_eligible,no unique local semantics-preserving repair is evidenced,"likely algorithmic, boundary, data-flow, or otherwise unlocalized",none,96a05e87ff46f62212abde53f7ec951becf936329eb7d5904bb824665b7d52a4,artifacts/public_benchmark_development/mbpp_qwen35_4b_failure_supply_pilot/runs/mbpp_q35_4b_dev20_failure_supply_pilot_r001/j/6dc4998c54cea306983fbd371c926a98fe13437cc9db9d03067d5071da1cf75b.json,UNRESOLVED,"[""base_and_plus_failure_unlocalized"", ""diagnostic_execution_not_run""]",false,false
92245a90ea4b0f945f82e3627b38004b1d42bd728c6553835d71faa09b1d3e11,qwen3.5:4b,Mbpp/259,33,Ab1_H0,522f45b72dd034ebf2979b68a5b6f7f93d0b779305d38b7bfb31d27764683d40,packaging_markdown_extractor,"formal extraction_status=extracted; markdown=True; prose=False; taxonomy=UNRESOLVED:[""base_and_plus_failure_unlocalized"", ""diagnostic_execution_not_run""]",Scaffold_or_Pipeline_correction,scaffold_or_pipeline_correction,not a Healer responsibility,candidate selection or text stripping can choose the wrong program,none,09051e4cdca03385b9049b1d6720e2933b53f84d2e88ebb22f575580f321a44e,artifacts/public_benchmark_development/mbpp_qwen35_4b_failure_supply_pilot/runs/mbpp_q35_4b_dev20_failure_supply_pilot_r001/j/da565827bbdc0a8a80f3e3d884699591d0eabf72cb93f2365baf288a3ea3de6a.json,UNRESOLVED,"[""base_and_plus_failure_unlocalized"", ""diagnostic_execution_not_run""]",false,false
a1c328e5f04d551495c4d4b913c79ea5be56900c03b209d5bb467b070a398a76,qwen3.5:4b,Mbpp/259,33,Ab2g_H1,d97a3aaee1bf86b2b4e751eaad3f1ee0c0ce58f67e84224100459e38c04a474c,semantic_algorithm_boundary_or_no_unique_local_mechanism,"AST parses; required_entry_point_present=True; no_unique_missing_import=true; no_safe_demo_print=true; taxonomy=UNRESOLVED:[""base_and_plus_failure_unlocalized"", ""diagnostic_execution_not_run""]",none,not_eligible,no unique local semantics-preserving repair is evidenced,"likely algorithmic, boundary, data-flow, or otherwise unlocalized",none,4725e1831481e52436b1f741f58f98651612774923fd99a53967b4fe23b3f072,artifacts/public_benchmark_development/mbpp_qwen35_4b_failure_supply_pilot/runs/mbpp_q35_4b_dev20_failure_supply_pilot_r001/j/10877fa22d44427044aab237d945fc69778e10a9125b64a94bb20abe8144666e.json,UNRESOLVED,"[""base_and_plus_failure_unlocalized"", ""diagnostic_execution_not_run""]",false,false
f3296791cd4bd8b0b1a4360be891b09590e8ff870fa64354b3f93f0815566005,qwen3.5:4b,Mbpp/259,44,Ab1_H0,696cce76aedd797748e7439c247b1ad61aa1f14e5097a2722d77b5c22fa9cbf4,packaging_markdown_extractor,"formal extraction_status=extracted; markdown=True; prose=True; taxonomy=UNRESOLVED:[""base_and_plus_failure_unlocalized"", ""diagnostic_execution_not_run""]",Scaffold_or_Pipeline_correction,scaffold_or_pipeline_correction,not a Healer responsibility,candidate selection or text stripping can choose the wrong program,none,db474aba6138945357aadc67e077f6671fc2f8812a1c9b04ab0ac19bc5f274c5,artifacts/public_benchmark_development/mbpp_qwen35_4b_failure_supply_pilot/runs/mbpp_q35_4b_dev20_failure_supply_pilot_r001/j/0c4233814c5163ce57feca17bd9cff4fcff2241889ddbd715d89976636df54b6.json,UNRESOLVED,"[""base_and_plus_failure_unlocalized"", ""diagnostic_execution_not_run""]",false,false
4859b74400705a191da057e729be09af33a33b92e680dace67203094ca28a095,qwen3.5:4b,Mbpp/259,44,Ab2g_H1,b67f9836cd511482a6f326144033755665caf308911c29a0868d8e939598ff38,semantic_algorithm_boundary_or_no_unique_local_mechanism,"AST parses; required_entry_point_present=True; no_unique_missing_import=true; no_safe_demo_print=true; taxonomy=UNRESOLVED:[""base_and_plus_failure_unlocalized"", ""diagnostic_execution_not_run""]",none,not_eligible,no unique local semantics-preserving repair is evidenced,"likely algorithmic, boundary, data-flow, or otherwise unlocalized",none,66c317168489f903961922f8385f918f4914684f1cc721292a9ee5691b90c8d5,artifacts/public_benchmark_development/mbpp_qwen35_4b_failure_supply_pilot/runs/mbpp_q35_4b_dev20_failure_supply_pilot_r001/j/53b2e0fae76a335fc5561844c016783c14bbe23f8f319caa4f13e43d3483bdbd.json,UNRESOLVED,"[""base_and_plus_failure_unlocalized"", ""diagnostic_execution_not_run""]",false,false
e0c241fecadecc7b7d704b1834b497042f92d60c2795f25c09e1ff6cc4c6d3af,qwen3.5:4b,Mbpp/259,55,Ab1_H0,9932847e4bcdac5cdecff9d703fcb28817390adeb18f915fce71f674a88c627f,packaging_markdown_extractor,"formal extraction_status=extracted; markdown=True; prose=True; taxonomy=L1:[""syntax_or_format_failure""]",Scaffold_or_Pipeline_correction,scaffold_or_pipeline_correction,not a Healer responsibility,candidate selection or text stripping can choose the wrong program,none,784af2c686dff75d1405f11dcf3f9e8bd12b6a380be984d5f2e67ac599530531,artifacts/public_benchmark_development/mbpp_qwen35_4b_failure_supply_pilot/runs/mbpp_q35_4b_dev20_failure_supply_pilot_r001/j/a464e1409a7d9081cc3efa07c3dcaae97141373f81cb78021047fbb7a4a57541.json,L1,"[""syntax_or_format_failure""]",false,false
b165ad427be4b50c67d0816b5c38c66f77db23be555dc3ff7cee9a45e37755de,qwen3.5:4b,Mbpp/259,55,Ab2g_H1,a3ff900630e289aeed1959504b15732e40d3a22832c29c2acbd8d7624388069b,semantic_algorithm_boundary_or_no_unique_local_mechanism,"AST parses; required_entry_point_present=True; no_unique_missing_import=true; no_safe_demo_print=true; taxonomy=UNRESOLVED:[""base_and_plus_failure_unlocalized"", ""diagnostic_execution_not_run""]",none,not_eligible,no unique local semantics-preserving repair is evidenced,"likely algorithmic, boundary, data-flow, or otherwise unlocalized",none,c2dcd739b90eb5dd6ac9d456df78e4e67ee63a8805aa7f3ecafda038cbb6c37e,artifacts/public_benchmark_development/mbpp_qwen35_4b_failure_supply_pilot/runs/mbpp_q35_4b_dev20_failure_supply_pilot_r001/j/476a03add89103092ad37bc196c16d5f4cf3486833253179d6d8e320630a9756.json,UNRESOLVED,"[""base_and_plus_failure_unlocalized"", ""diagnostic_execution_not_run""]",false,false
91481565bcf4bbf1923e6b9b10440a762ecdac06e622822fbc1fe5ecb201f2cd,qwen3.5:4b,Mbpp/739,11,Ab1_H0,de7b11adcfba4e4b4d1e7d007d79824e7273c6e4f1125c11a7e16c826efe688e,packaging_markdown_extractor,"formal extraction_status=extracted; markdown=True; prose=False; taxonomy=UNRESOLVED:[""base_and_plus_failure_unlocalized"", ""diagnostic_execution_not_run""]",Scaffold_or_Pipeline_correction,scaffold_or_pipeline_correction,not a Healer responsibility,candidate selection or text stripping can choose the wrong program,none,1957c9171e16c35c43b6c20c32e01230e75978f2282a3367387a6747acd038e3,artifacts/public_benchmark_development/mbpp_qwen35_4b_failure_supply_pilot/runs/mbpp_q35_4b_dev20_failure_supply_pilot_r001/j/595955d18937e47c841537f36964325205cc9a02a626fa15f4596c37f07774da.json,UNRESOLVED,"[""base_and_plus_failure_unlocalized"", ""diagnostic_execution_not_run""]",false,false
9379bd8ac3c94dc0b9f95489610a9f5558b9b16d64256a6a1e8c030d3cce9697,qwen3.5:4b,Mbpp/739,11,Ab2g_H1,e16dfe63aeb926f35b7a589954afa12dd116a9d68ee7da69be5b4572b44331ad,other_syntax_or_ast_failure,SyntaxError=unterminated triple-quoted string literal (detected at line 109); line=2,none,abstain,no uniquely inferable semantics-preserving edit,multiple syntactic repairs can produce different programs,4,0378658c6acb2505bfddaa050d0ff5f9267a7adaa18197a17f2eb92158ea6eef,artifacts/public_benchmark_development/mbpp_qwen35_4b_failure_supply_pilot/runs/mbpp_q35_4b_dev20_failure_supply_pilot_r001/j/1b178facc682cc348d5143e7b96890d553e8143b62cd8501ff5d8834387b5214.json,L1,"[""syntax_or_format_failure""]",false,false
57e490f3aa56300030a805759f2491faa68ba6c02a1c6ea36f8ffbd26720a336,qwen3.5:4b,Mbpp/739,22,Ab1_H0,f4c862dba9314aa2da9679ddb4b37eb320f4b0de5fa58d23a3529c6c37ee631c,packaging_markdown_extractor,"formal extraction_status=extracted; markdown=True; prose=False; taxonomy=UNRESOLVED:[""base_and_plus_failure_unlocalized"", ""diagnostic_execution_not_run""]",Scaffold_or_Pipeline_correction,scaffold_or_pipeline_correction,not a Healer responsibility,candidate selection or text stripping can choose the wrong program,none,7309cdf1a119c810dfaa996bb20a61b018437edf439f787689d05cc3108e250f,artifacts/public_benchmark_development/mbpp_qwen35_4b_failure_supply_pilot/runs/mbpp_q35_4b_dev20_failure_supply_pilot_r001/j/176c4be0ec00c6685542ecd6cf5e6988ed2d799d0d5198e8b171e8de27cab824.json,UNRESOLVED,"[""base_and_plus_failure_unlocalized"", ""diagnostic_execution_not_run""]",false,false
866f18b0b61ee6c69051cac7cb59261e1ca6a7a8f61c8cac42daed961ea258de,qwen3.5:4b,Mbpp/739,22,Ab2g_H1,65355f298a84edf80d744a0af682c30a5f86af58c8c78c937dd1c3c33843fad7,module_assert,one or more top-level Assert nodes; residual mechanism absent,module_assert_entrypoint_selftest_quarantine_v0,excluded_existing_H2,mechanism is already the exact fixed H2 development candidate,governed by H2; no new rule inferred,none,3cfcaa7d98d81c4a61258d81edd161e8925732d87d9adf1979efde095eca93f6,artifacts/public_benchmark_development/mbpp_qwen35_4b_failure_supply_pilot/runs/mbpp_q35_4b_dev20_failure_supply_pilot_r001/j/774a835eec20b679fbd1fe4c75b8f68a62e5082ca6e69e344c3352f5edc84de1.json,UNRESOLVED,"[""base_and_plus_failure_unlocalized"", ""diagnostic_execution_not_run""]",false,true
1b3f3fac986b06293e3fc9c5dba4feebd56343aff6156bd4a95f57211d03fc68,qwen3.5:4b,Mbpp/739,33,Ab1_H0,60d2c35fb05fe965de94b8d855770260b4f6d238456cc50b35b6a6010b33d250,packaging_markdown_extractor,"formal extraction_status=extracted; markdown=True; prose=False; taxonomy=UNRESOLVED:[""base_and_plus_failure_unlocalized"", ""diagnostic_execution_not_run""]",Scaffold_or_Pipeline_correction,scaffold_or_pipeline_correction,not a Healer responsibility,candidate selection or text stripping can choose the wrong program,none,67fec2eb894c7f40684d3288c22a648ee09f0d6a473bfd6aed74a94e8e470cde,artifacts/public_benchmark_development/mbpp_qwen35_4b_failure_supply_pilot/runs/mbpp_q35_4b_dev20_failure_supply_pilot_r001/j/00aaf7f0494110ce06f7c6f8dcbafa88d6094c5079998e9c3ead56a6062b25f1.json,UNRESOLVED,"[""base_and_plus_failure_unlocalized"", ""diagnostic_execution_not_run""]",false,false
63986ed7ef5bee5b725dd5e0e909194e1ce1c638c2190c14841f99b2cc3d44b5,qwen3.5:4b,Mbpp/739,33,Ab2g_H1,044b4f88940c43a7ad6962a540819c4abf98c430ac6d485ff08771e8b2d0b5ea,truncation,done_reason=length; SyntaxError=invalid syntax; line=285,none,not_eligible,incomplete generation has no unique local repair,missing suffix may contain arbitrary algorithmic logic,none,11750607c983e0b605fe60427b6a5452f9134bfc090c508d865cb395fefafef0,artifacts/public_benchmark_development/mbpp_qwen35_4b_failure_supply_pilot/runs/mbpp_q35_4b_dev20_failure_supply_pilot_r001/j/4bfcf36ab9eb0f4ddab28e0ba51e845ef46324cb63e017db49da63fc371c98ea.json,L1,"[""syntax_or_format_failure""]",false,false
ce08a4aba31e1baff9141dae557a6c101145ad21a1c005b97accee28695ffae5,qwen3.5:4b,Mbpp/739,44,Ab1_H0,81f834c2902b61ca250865603dce23f5f7060df7080ccc44cc95c5fe9e90000f,packaging_markdown_extractor,"formal extraction_status=extracted; markdown=True; prose=True; taxonomy=UNRESOLVED:[""base_and_plus_failure_unlocalized"", ""diagnostic_execution_not_run""]",Scaffold_or_Pipeline_correction,scaffold_or_pipeline_correction,not a Healer responsibility,candidate selection or text stripping can choose the wrong program,none,86673a71bc91ebd270534cb497b4bd34d3ebd38e52f9c0922604f2f4a0925967,artifacts/public_benchmark_development/mbpp_qwen35_4b_failure_supply_pilot/runs/mbpp_q35_4b_dev20_failure_supply_pilot_r001/j/44fcadc156675d6b9e8238517376fe66da4b9f5048794975e2da3aa01022efab.json,UNRESOLVED,"[""base_and_plus_failure_unlocalized"", ""diagnostic_execution_not_run""]",false,false
97aa327eb24d4d8b79e150f59598ace9178612ea73843533bffe31924820a3cb,qwen3.5:4b,Mbpp/739,44,Ab2g_H1,7dd355b4933135465bba8df7dcd22c3f1c7cf42a704569c53d48ce51e223d928,truncation,done_reason=length; SyntaxError=expected an indented block after 'if' statement on line 45; line=56,none,not_eligible,incomplete generation has no unique local repair,missing suffix may contain arbitrary algorithmic logic,none,6f989a6b5200cd96e3494b07c8280093dc76eea51aba13e2e79b51b5746d7acf,artifacts/public_benchmark_development/mbpp_qwen35_4b_failure_supply_pilot/runs/mbpp_q35_4b_dev20_failure_supply_pilot_r001/j/6ce530a70f2f6301ac0d0aa2ccf345c2aaf30fc438d1564a10472fd7376f6b16.json,L1,"[""syntax_or_format_failure""]",false,false
5d58d1c9cc9221d9c64fa72f7a0fe01f865952311f07eb1e02398965ed2642fc,qwen3.5:4b,Mbpp/739,55,Ab1_H0,19ec61c05eb7949d2d139ca1049c66e87c8ca85aec4de1df18a597221fa995f4,packaging_markdown_extractor,"formal extraction_status=extracted; markdown=True; prose=False; taxonomy=UNRESOLVED:[""base_and_plus_failure_unlocalized"", ""diagnostic_execution_not_run""]",Scaffold_or_Pipeline_correction,scaffold_or_pipeline_correction,not a Healer responsibility,candidate selection or text stripping can choose the wrong program,none,a02dee3e174a8fbfbf7e7262f3c7cd1eb6c9460be8a64595dc4c4f531216e034,artifacts/public_benchmark_development/mbpp_qwen35_4b_failure_supply_pilot/runs/mbpp_q35_4b_dev20_failure_supply_pilot_r001/j/5ba14e985fff9638ba030d8585ca4bf7b7e60586d526b3c0a86103c3abb6ce95.json,UNRESOLVED,"[""base_and_plus_failure_unlocalized"", ""diagnostic_execution_not_run""]",false,false
dc3b1406ed6521e99e4fd21ea39c83220dd38bf49835358e77dee10b5b8b9278,qwen3.5:4b,Mbpp/739,55,Ab2g_H1,cb93eb247f46991bbf7555f78747667d0d3cb92c93c34715a0b6854ca4ee0431,module_assert,one or more top-level Assert nodes; residual mechanism absent,module_assert_entrypoint_selftest_quarantine_v0,excluded_existing_H2,mechanism is already the exact fixed H2 development candidate,governed by H2; no new rule inferred,none,002e7d3c278dcc1105d451a18c1dff771ac7e094c7ffabc227c1e690b447b737,artifacts/public_benchmark_development/mbpp_qwen35_4b_failure_supply_pilot/runs/mbpp_q35_4b_dev20_failure_supply_pilot_r001/j/180cec9c14764c32851ccadee33c08fab5fa1820408639869cc0f7f974e532ce.json,UNRESOLVED,"[""base_and_plus_failure_unlocalized"", ""diagnostic_execution_not_run""]",false,true
9bbdae8d8cad05e4c73be904885e2d5fae56629aaa6717f2b9e712b6478562bc,qwen3.5:4b,Mbpp/124,11,Ab1_H0,689f92dbe5cbcde49e42719482fcd2bcf2b3974342cdbbfaca441939870d2ba4,packaging_markdown_extractor,"formal extraction_status=ambiguous; markdown=True; prose=True; taxonomy=L0:[""extraction_ambiguous"", ""fail_closed_no_candidate_selection""]",Scaffold_or_Pipeline_correction,scaffold_or_pipeline_correction,not a Healer responsibility,candidate selection or text stripping can choose the wrong program,none,4f9ebacc985734044831348e87d6d45cfc425418bc7c4d12c47d46f290ce5a29,artifacts/public_benchmark_development/mbpp_qwen35_4b_failure_supply_pilot/runs/mbpp_q35_4b_dev20_failure_supply_pilot_r001/j/b335b960aeaa5144c535d31604c7bcc895d28ba07ef491ef0bbd2547c69a5580.json,L0,"[""extraction_ambiguous"", ""fail_closed_no_candidate_selection""]",false,false
aed1becfc17007684aee718e9b1f9fe6de84ebe44ca764f5fae9f41a76c25e2e,qwen3.5:4b,Mbpp/124,11,Ab2g_H1,3db9547eef003e1ca5a89409e28fbed64ced87c28a0a1e69da5eed90e98dcd10,semantic_algorithm_boundary_or_no_unique_local_mechanism,"AST parses; required_entry_point_present=True; no_unique_missing_import=true; no_safe_demo_print=true; taxonomy=UNRESOLVED:[""base_and_plus_failure_unlocalized"", ""diagnostic_execution_not_run""]",none,not_eligible,no unique local semantics-preserving repair is evidenced,"likely algorithmic, boundary, data-flow, or otherwise unlocalized",none,e656c04ce5b97235ead0612b56544f96e6cdcedd32028e278fbd8bd1dc6b4369,artifacts/public_benchmark_development/mbpp_qwen35_4b_failure_supply_pilot/runs/mbpp_q35_4b_dev20_failure_supply_pilot_r001/j/b066e1de5d9e261e72cc746baed7beb1940d93d6d085745873851ee4cc4c15bb.json,UNRESOLVED,"[""base_and_plus_failure_unlocalized"", ""diagnostic_execution_not_run""]",false,false
d0b01e6393082188b15c85279aa276b5fbca8dbace2628c429dc84b9380932b9,qwen3.5:4b,Mbpp/124,22,Ab1_H0,2cd994671fc6bf38654be64f35323870f7930c4b0f1183f382f1527c5a2a5dde,packaging_markdown_extractor,"formal extraction_status=ambiguous; markdown=True; prose=True; taxonomy=L0:[""extraction_ambiguous"", ""fail_closed_no_candidate_selection""]",Scaffold_or_Pipeline_correction,scaffold_or_pipeline_correction,not a Healer responsibility,candidate selection or text stripping can choose the wrong program,none,ceb3e9ab67cc56f520f54af6316f7c4010a283b3fbb32ed5eb6e84f1e02e1450,artifacts/public_benchmark_development/mbpp_qwen35_4b_failure_supply_pilot/runs/mbpp_q35_4b_dev20_failure_supply_pilot_r001/j/6f402809004eaa88b502388eae3480e0d8ed496818df6ec8f8c61294b6d418c7.json,L0,"[""extraction_ambiguous"", ""fail_closed_no_candidate_selection""]",false,false
814336de0150862a4c17a72da2d00fa3e00ad7d4bad1757ba922955a1a87c520,qwen3.5:4b,Mbpp/124,22,Ab2g_H1,5d4ad3a035004615dbc8c6082e5f0154582b5281f034d2d07c1dae3c4bce9bbd,semantic_algorithm_boundary_or_no_unique_local_mechanism,"AST parses; required_entry_point_present=True; no_unique_missing_import=true; no_safe_demo_print=true; taxonomy=UNRESOLVED:[""base_and_plus_failure_unlocalized"", ""diagnostic_execution_not_run""]",none,not_eligible,no unique local semantics-preserving repair is evidenced,"likely algorithmic, boundary, data-flow, or otherwise unlocalized",none,e656c04ce5b97235ead0612b56544f96e6cdcedd32028e278fbd8bd1dc6b4369,artifacts/public_benchmark_development/mbpp_qwen35_4b_failure_supply_pilot/runs/mbpp_q35_4b_dev20_failure_supply_pilot_r001/j/4c13a06088a8977eec1314b8a557915f7849489134904ca78d24e16d315cd284.json,UNRESOLVED,"[""base_and_plus_failure_unlocalized"", ""diagnostic_execution_not_run""]",false,false
5962d5bed3a3e2b86db499933cebfc4ba1ec0ee557d55705150965391844955c,qwen3.5:4b,Mbpp/124,33,Ab1_H0,629da34ea3e0740c86be2c29daeac7d5ebac78149f3f602413d3f479c2f95620,packaging_markdown_extractor,"formal extraction_status=extracted; markdown=True; prose=True; taxonomy=L2:[""missing_entry_point"", ""output_contract_failure""]",Scaffold_or_Pipeline_correction,scaffold_or_pipeline_correction,not a Healer responsibility,candidate selection or text stripping can choose the wrong program,none,2d812b2f50bbfe208c174053ab98d37798fe872f8262d5e89ae2a9ee088364b6,artifacts/public_benchmark_development/mbpp_qwen35_4b_failure_supply_pilot/runs/mbpp_q35_4b_dev20_failure_supply_pilot_r001/j/bd017db4382e9ff1db031748143717677486b8c3aa97f39bfacac92687adc34f.json,L2,"[""missing_entry_point"", ""output_contract_failure""]",false,false
8d688ea1a635f7f0289caede3b84f915ef80b3bc1f633f0c28b63b2b1cec83ae,qwen3.5:4b,Mbpp/124,33,Ab2g_H1,7b2d4eb5ac7d1ecc9f62593b809d92702b19221effd5d389634444ca488c0366,semantic_algorithm_boundary_or_no_unique_local_mechanism,"AST parses; required_entry_point_present=True; no_unique_missing_import=true; no_safe_demo_print=true; taxonomy=UNRESOLVED:[""base_and_plus_failure_unlocalized"", ""diagnostic_execution_not_run""]",none,not_eligible,no unique local semantics-preserving repair is evidenced,"likely algorithmic, boundary, data-flow, or otherwise unlocalized",none,e656c04ce5b97235ead0612b56544f96e6cdcedd32028e278fbd8bd1dc6b4369,artifacts/public_benchmark_development/mbpp_qwen35_4b_failure_supply_pilot/runs/mbpp_q35_4b_dev20_failure_supply_pilot_r001/j/275b9b461e2b090cc8c51503234c16501b027cd2561c5c5102580bb3121bd655.json,UNRESOLVED,"[""base_and_plus_failure_unlocalized"", ""diagnostic_execution_not_run""]",false,false
8672ccb4b1e3520a83ab525657f6a727cc282ba1895d332445317e9fa3495576,qwen3.5:4b,Mbpp/124,44,Ab1_H0,dc7e6cd05570fb76fce29bb20f8cc0e06551748b7b7e29b3d73db3e8d45b3d88,packaging_markdown_extractor,"formal extraction_status=extracted; markdown=True; prose=True; taxonomy=UNRESOLVED:[""base_and_plus_failure_unlocalized"", ""diagnostic_execution_not_run""]",Scaffold_or_Pipeline_correction,scaffold_or_pipeline_correction,not a Healer responsibility,candidate selection or text stripping can choose the wrong program,none,72695f876f4b0f81381ddaa1dd50d876b66a18ece1ed6c9d37634c4390dd67df,artifacts/public_benchmark_development/mbpp_qwen35_4b_failure_supply_pilot/runs/mbpp_q35_4b_dev20_failure_supply_pilot_r001/j/f37c89debb2a0354ca192c31528c5c12784a5c4b9eec64312eef57cf83a70a9c.json,UNRESOLVED,"[""base_and_plus_failure_unlocalized"", ""diagnostic_execution_not_run""]",false,false
d7bb5696ebaaefde1eeb9564c055c8d3bbbd50847e43c3bc60dfa371577a58a1,qwen3.5:4b,Mbpp/124,44,Ab2g_H1,3c467b916495f6e1d3d1fa6fbba2b342ce6fa71bddc02b729d2cf1c2c7c589c5,semantic_algorithm_boundary_or_no_unique_local_mechanism,"AST parses; required_entry_point_present=True; no_unique_missing_import=true; no_safe_demo_print=true; taxonomy=UNRESOLVED:[""base_and_plus_failure_unlocalized"", ""diagnostic_execution_not_run""]",none,not_eligible,no unique local semantics-preserving repair is evidenced,"likely algorithmic, boundary, data-flow, or otherwise unlocalized",none,9b56e46c4de759dcbc5e2d6c998aac5fd8476fb5efa0bbfa4808fc61e5c24f05,artifacts/public_benchmark_development/mbpp_qwen35_4b_failure_supply_pilot/runs/mbpp_q35_4b_dev20_failure_supply_pilot_r001/j/a25740230c145c29a4201d175965a08406219e07407ba103aff0344816be417e.json,UNRESOLVED,"[""base_and_plus_failure_unlocalized"", ""diagnostic_execution_not_run""]",false,false
b77ae160e39cd32181cc4f6a93a95f493596ec9300ef2b3ca6b7af5d6810e73f,qwen3.5:4b,Mbpp/124,55,Ab1_H0,35a3f7f6377f445029d1e72145818e06680dad15a370953de8ddd1e5f3946a0c,packaging_markdown_extractor,"formal extraction_status=extracted; markdown=True; prose=True; taxonomy=UNRESOLVED:[""base_and_plus_failure_unlocalized"", ""diagnostic_execution_not_run""]",Scaffold_or_Pipeline_correction,scaffold_or_pipeline_correction,not a Healer responsibility,candidate selection or text stripping can choose the wrong program,none,438b354b15b19d77b9d74303882578d29eef480075231d9151809d326e470e60,artifacts/public_benchmark_development/mbpp_qwen35_4b_failure_supply_pilot/runs/mbpp_q35_4b_dev20_failure_supply_pilot_r001/j/d479553bb781e059e6baf71b1d02d8a71c038edac60cdf94c6446cfc439c73af.json,UNRESOLVED,"[""base_and_plus_failure_unlocalized"", ""diagnostic_execution_not_run""]",false,false
79a07351d20c4a4e369f1a270df2dd46182958c45f622da233b958a2c8b22f31,qwen3.5:4b,Mbpp/124,55,Ab2g_H1,98aa0ef1551169f1592ee21d4da795f129d64d60baec41a0eb5bfae15c82d538,semantic_algorithm_boundary_or_no_unique_local_mechanism,"AST parses; required_entry_point_present=True; no_unique_missing_import=true; no_safe_demo_print=true; taxonomy=UNRESOLVED:[""base_and_plus_failure_unlocalized"", ""diagnostic_execution_not_run""]",none,not_eligible,no unique local semantics-preserving repair is evidenced,"likely algorithmic, boundary, data-flow, or otherwise unlocalized",none,e656c04ce5b97235ead0612b56544f96e6cdcedd32028e278fbd8bd1dc6b4369,artifacts/public_benchmark_development/mbpp_qwen35_4b_failure_supply_pilot/runs/mbpp_q35_4b_dev20_failure_supply_pilot_r001/j/5d1e063037392c3169a85cfaceaeeb3bfb5b83811e42ea9fef8ab3068c0a13a8.json,UNRESOLVED,"[""base_and_plus_failure_unlocalized"", ""diagnostic_execution_not_run""]",false,false
7e28228ed8490cbd01ddce7f896d25c207f0ab5b46f50c17ad5ccd1d571b37a4,qwen3.5:4b,Mbpp/72,11,Ab2g_H1,34acfeec90d0374e59ce0997240cd1dfcfb4c83f3217547653dc4a0feb5cf070,semantic_algorithm_boundary_or_no_unique_local_mechanism,"AST parses; required_entry_point_present=True; no_unique_missing_import=true; no_safe_demo_print=true; taxonomy=UNRESOLVED:[""plus_only_failure_unlocalized"", ""diagnostic_execution_not_run""]",none,not_eligible,no unique local semantics-preserving repair is evidenced,"likely algorithmic, boundary, data-flow, or otherwise unlocalized",none,bf3292de0921a4c69d7a9929d3fe8c85c4a06b3c83bb2516676b725a123d9f99,artifacts/public_benchmark_development/mbpp_qwen35_4b_failure_supply_pilot/runs/mbpp_q35_4b_dev20_failure_supply_pilot_r001/j/49498215956422be1f75b8146c95c234aea274d96eb5cd1fa64387fa1a7210d7.json,UNRESOLVED,"[""plus_only_failure_unlocalized"", ""diagnostic_execution_not_run""]",false,false
81db27c706f1a2d19a027ea6cff34b82060600ed08fa592bd0e41ea55cd17279,qwen3.5:4b,Mbpp/72,22,Ab1_H0,5b81e2a24a4cbc80d6d04c37b17dc7a4316882eb37b82790e52c6b1c684df214,packaging_markdown_extractor,"formal extraction_status=ambiguous; markdown=True; prose=True; taxonomy=L0:[""extraction_ambiguous"", ""fail_closed_no_candidate_selection""]",Scaffold_or_Pipeline_correction,scaffold_or_pipeline_correction,not a Healer responsibility,candidate selection or text stripping can choose the wrong program,none,b5c4aae89f9181c988413a24921f03518fe6862fd3726a33e595d47febde71ea,artifacts/public_benchmark_development/mbpp_qwen35_4b_failure_supply_pilot/runs/mbpp_q35_4b_dev20_failure_supply_pilot_r001/j/036944e47d126a8f36c6b93bc186e57816e6e3dd9af23dc913d422e80f3582e7.json,L0,"[""extraction_ambiguous"", ""fail_closed_no_candidate_selection""]",false,false
42252fc755cd1074f96ce17ee376c7bf3eea013be3933853f63e48e54204bb71,qwen3.5:4b,Mbpp/72,22,Ab2g_H1,f33937cb8a9a78bd0991cb2c7ed60bac1837a65fc3d9b732bd13d2d05b5d158b,semantic_algorithm_boundary_or_no_unique_local_mechanism,"AST parses; required_entry_point_present=True; no_unique_missing_import=true; no_safe_demo_print=true; taxonomy=UNRESOLVED:[""base_and_plus_failure_unlocalized"", ""diagnostic_execution_not_run""]",none,not_eligible,no unique local semantics-preserving repair is evidenced,"likely algorithmic, boundary, data-flow, or otherwise unlocalized",none,4957c6e637341b31f5a094800871f064e19296e1edbb1e582d8692172e5f7542,artifacts/public_benchmark_development/mbpp_qwen35_4b_failure_supply_pilot/runs/mbpp_q35_4b_dev20_failure_supply_pilot_r001/j/19252a9206cb8ed52baebd84c21611cdb7a69041faf0705d874c65cb6c5aae0a.json,UNRESOLVED,"[""base_and_plus_failure_unlocalized"", ""diagnostic_execution_not_run""]",false,false
2c4ac3ad9a13e6b44bb1c864e04b87913ab718f6b3add9139e3c0a1ada285a98,qwen3.5:4b,Mbpp/72,33,Ab1_H0,351eabdfa4040c8e5ae252d14471bf62a6dd2a80c8a8e977cd79d4296b7ff20a,truncation,done_reason=length; SyntaxError=invalid decimal literal; line=7,none,not_eligible,incomplete generation has no unique local repair,missing suffix may contain arbitrary algorithmic logic,none,f7074259a157fe95455e0726bff4692b4376577da5b572e730f3f243b1c1d510,artifacts/public_benchmark_development/mbpp_qwen35_4b_failure_supply_pilot/runs/mbpp_q35_4b_dev20_failure_supply_pilot_r001/j/402412e5d11d9af1a1615a590a81d479d10cedd183aa5a293ad4867d74ca7c9f.json,L1,"[""syntax_or_format_failure""]",false,false
fc17e39d23a7363847d430fe1e977b84443572145f845a62ddfbd23ee450133f,qwen3.5:4b,Mbpp/72,33,Ab2g_H1,5af6e778d4f89b6c18c2590e8ca8bda2f054e5a3538f468035aa10a12f388b51,semantic_algorithm_boundary_or_no_unique_local_mechanism,"AST parses; required_entry_point_present=True; no_unique_missing_import=true; no_safe_demo_print=true; taxonomy=UNRESOLVED:[""base_and_plus_failure_unlocalized"", ""diagnostic_execution_not_run""]",none,not_eligible,no unique local semantics-preserving repair is evidenced,"likely algorithmic, boundary, data-flow, or otherwise unlocalized",none,e07e5e582f0fcd22a6b6db6d7caf016e6b1068361adbc27d17d300519aea91fc,artifacts/public_benchmark_development/mbpp_qwen35_4b_failure_supply_pilot/runs/mbpp_q35_4b_dev20_failure_supply_pilot_r001/j/23c03591f6fd64271aadaf40d3a45c142d8b2e2027d6b71fc1d2d233c57eb03d.json,UNRESOLVED,"[""base_and_plus_failure_unlocalized"", ""diagnostic_execution_not_run""]",false,false
4e8e3a69434af1cefec764626f56cda75712c163d682a1ec383931d4a1958ece,qwen3.5:4b,Mbpp/72,44,Ab1_H0,6ff0f49061cf3e5a6d6333448db25f5a32075c1cda86b2884130c9fdbd71ffb3,packaging_markdown_extractor,"formal extraction_status=extracted; markdown=True; prose=True; taxonomy=UNRESOLVED:[""base_and_plus_failure_unlocalized"", ""diagnostic_execution_not_run""]",Scaffold_or_Pipeline_correction,scaffold_or_pipeline_correction,not a Healer responsibility,candidate selection or text stripping can choose the wrong program,none,3bbbcc8282c5db09354c2caf12a1b080cd5a06c9da360e02256117640a1aef20,artifacts/public_benchmark_development/mbpp_qwen35_4b_failure_supply_pilot/runs/mbpp_q35_4b_dev20_failure_supply_pilot_r001/j/0ca37b9cc6e3b44defcab1ffbfa4148e570e0ab34b44c5d56ec3492a4fa1f0e1.json,UNRESOLVED,"[""base_and_plus_failure_unlocalized"", ""diagnostic_execution_not_run""]",false,false
1cfd7a6403730e1fa443079fbfd08a6cfdf910796b572d067fb41106ff168de9,qwen3.5:4b,Mbpp/72,44,Ab2g_H1,1a9b9aca6a7ace067c193c928a79456c6eff2d5c9b6ecf1ae822ec867b6db576,semantic_algorithm_boundary_or_no_unique_local_mechanism,"AST parses; required_entry_point_present=True; no_unique_missing_import=true; no_safe_demo_print=true; taxonomy=UNRESOLVED:[""base_and_plus_failure_unlocalized"", ""diagnostic_execution_not_run""]",none,not_eligible,no unique local semantics-preserving repair is evidenced,"likely algorithmic, boundary, data-flow, or otherwise unlocalized",none,fc82e0647240c191b9ff93534eb2684537d989f64ef16adfedca7371be09ef7e,artifacts/public_benchmark_development/mbpp_qwen35_4b_failure_supply_pilot/runs/mbpp_q35_4b_dev20_failure_supply_pilot_r001/j/50522f0923f657b7b220629908bfdb55e8ed1ae51baed9482df8798b5a66b91a.json,UNRESOLVED,"[""base_and_plus_failure_unlocalized"", ""diagnostic_execution_not_run""]",false,false
b8fd20c3ccef1fda11e700467bfd3c7257270c0fc59912d63361940d7bbcc4a2,qwen3.5:4b,Mbpp/72,55,Ab2g_H1,51041091f1dd2a57c932b072b776020dee73c2c717cf6b8e051e93bbfe670d02,truncation,done_reason=length; SyntaxError=invalid syntax; line=283,none,not_eligible,incomplete generation has no unique local repair,missing suffix may contain arbitrary algorithmic logic,none,5d37a9d4e40b4c5789c22b6b612df4f6c0404f1e0829638ae57837fd8195f6c1,artifacts/public_benchmark_development/mbpp_qwen35_4b_failure_supply_pilot/runs/mbpp_q35_4b_dev20_failure_supply_pilot_r001/j/774c435df4f651e898ab8566c9b2a9b3b01e561a857d2145f1aa882cd7791c02.json,L1,"[""syntax_or_format_failure""]",false,false
45231b1b1278cbe5397dd82ff684fc0b54eb202b2277bdcd37fe977387cbb002,qwen3.5:4b,Mbpp/792,11,Ab1_H0,7fef9a0fd8b44c79846f7871bccbdaa45d119b07147a4920a091ac371700ae94,packaging_markdown_extractor,"formal extraction_status=extracted; markdown=True; prose=True; taxonomy=UNRESOLVED:[""plus_only_failure_unlocalized"", ""diagnostic_execution_not_run""]",Scaffold_or_Pipeline_correction,scaffold_or_pipeline_correction,not a Healer responsibility,candidate selection or text stripping can choose the wrong program,none,2f824bf2f72fbe2bdbb265f85d15878e5dc19fe30d06076d71f49c51d8037e42,artifacts/public_benchmark_development/mbpp_qwen35_4b_failure_supply_pilot/runs/mbpp_q35_4b_dev20_failure_supply_pilot_r001/j/641447a65be07f42895ed73e1723df5fc0a80bbe06e96297020b6f3a7350e2d7.json,UNRESOLVED,"[""plus_only_failure_unlocalized"", ""diagnostic_execution_not_run""]",false,false
c6ac89cd5db4feb6869f0b1767461fe4331c692afe6324b42845a6808c6d3a21,qwen3.5:4b,Mbpp/792,11,Ab2g_H1,25ac624c1b8625df62d567a528057f9f7a8ccdb328733391eccef6c90d68abcf,semantic_algorithm_boundary_or_no_unique_local_mechanism,"AST parses; required_entry_point_present=True; no_unique_missing_import=true; no_safe_demo_print=true; taxonomy=UNRESOLVED:[""plus_only_failure_unlocalized"", ""diagnostic_execution_not_run""]",none,not_eligible,no unique local semantics-preserving repair is evidenced,"likely algorithmic, boundary, data-flow, or otherwise unlocalized",none,15c91980cb67e3fda1fd1dc45e925ff9252018cc16cc4f6598d805689c7d5859,artifacts/public_benchmark_development/mbpp_qwen35_4b_failure_supply_pilot/runs/mbpp_q35_4b_dev20_failure_supply_pilot_r001/j/dd29900bf18f9dbf35edfd315794b914fd5399992092628a86177d7ace3b7f78.json,UNRESOLVED,"[""plus_only_failure_unlocalized"", ""diagnostic_execution_not_run""]",false,false
d96df2b556b6f9a984b5c4dd83c2ee5e18753cf748f1d984100567a731c8d029,qwen3.5:4b,Mbpp/792,22,Ab1_H0,495fe25543f180d517071db4d1a94b7efb3948370cf242f24a117d32ea1a839d,packaging_markdown_extractor,"formal extraction_status=extracted; markdown=True; prose=True; taxonomy=UNRESOLVED:[""plus_only_failure_unlocalized"", ""diagnostic_execution_not_run""]",Scaffold_or_Pipeline_correction,scaffold_or_pipeline_correction,not a Healer responsibility,candidate selection or text stripping can choose the wrong program,none,2188f5843cef35490c345c917e461f6cb9345629090cd41c1be37ded553a67ef,artifacts/public_benchmark_development/mbpp_qwen35_4b_failure_supply_pilot/runs/mbpp_q35_4b_dev20_failure_supply_pilot_r001/j/c481d984e8ece980eb9ca75c6b74aa9822993e0dbfe0b1edb8da6d0e34f09062.json,UNRESOLVED,"[""plus_only_failure_unlocalized"", ""diagnostic_execution_not_run""]",false,false
9ed2c5b8bdf4efd7a28f0c13f96959be26cf8e8824fc1a04cbc1f6b8cdebe102,qwen3.5:4b,Mbpp/792,33,Ab1_H0,18d705e1fd05779ae947f54b6ed556a163a7525c079f76470394ba4bde25ed3c,packaging_markdown_extractor,"formal extraction_status=extracted; markdown=True; prose=True; taxonomy=UNRESOLVED:[""plus_only_failure_unlocalized"", ""diagnostic_execution_not_run""]",Scaffold_or_Pipeline_correction,scaffold_or_pipeline_correction,not a Healer responsibility,candidate selection or text stripping can choose the wrong program,none,3c51778a4f6bd4c90aff8f15806665aa63ba6e53c4067ddc9c937d2b37a274f0,artifacts/public_benchmark_development/mbpp_qwen35_4b_failure_supply_pilot/runs/mbpp_q35_4b_dev20_failure_supply_pilot_r001/j/e1a7641e8e3d97da8994b1fc439580cf6a96af60b646a591ef47b741d102d2bf.json,UNRESOLVED,"[""plus_only_failure_unlocalized"", ""diagnostic_execution_not_run""]",false,false
fa34612d456075d1387634c656be1cd6374ac85be8fb2970f0323ee76b22ac89,qwen3.5:4b,Mbpp/792,33,Ab2g_H1,b8b90d42fa25c2afb0d6461a6ee74390ec518b97711b0713364df1c729ee3e54,semantic_algorithm_boundary_or_no_unique_local_mechanism,"AST parses; required_entry_point_present=True; no_unique_missing_import=true; no_safe_demo_print=true; taxonomy=UNRESOLVED:[""plus_only_failure_unlocalized"", ""diagnostic_execution_not_run""]",none,not_eligible,no unique local semantics-preserving repair is evidenced,"likely algorithmic, boundary, data-flow, or otherwise unlocalized",none,15c91980cb67e3fda1fd1dc45e925ff9252018cc16cc4f6598d805689c7d5859,artifacts/public_benchmark_development/mbpp_qwen35_4b_failure_supply_pilot/runs/mbpp_q35_4b_dev20_failure_supply_pilot_r001/j/b4dd1b55b60037a37514fbd6ba161b892a8797618651411e1e474ca4add13db7.json,UNRESOLVED,"[""plus_only_failure_unlocalized"", ""diagnostic_execution_not_run""]",false,false
fc011a7486581953ed31c3f828db3c7f00555e2221b0037c1fbcbafe4052c114,qwen3.5:4b,Mbpp/792,44,Ab1_H0,504b4a2b9be7c909f29b3ef9614a20709a67d0914abe25f96d955b8da5d30a07,packaging_markdown_extractor,"formal extraction_status=extracted; markdown=True; prose=True; taxonomy=UNRESOLVED:[""plus_only_failure_unlocalized"", ""diagnostic_execution_not_run""]",Scaffold_or_Pipeline_correction,scaffold_or_pipeline_correction,not a Healer responsibility,candidate selection or text stripping can choose the wrong program,none,1046cbc5447e9b0dae5d564246a5eb7c05e086b837fe9686889fcfa89bba4e4d,artifacts/public_benchmark_development/mbpp_qwen35_4b_failure_supply_pilot/runs/mbpp_q35_4b_dev20_failure_supply_pilot_r001/j/fc9235e3707a6fde5c5ef0e84765e03a4a0624ed5ba611d0728ec8123c43b9e7.json,UNRESOLVED,"[""plus_only_failure_unlocalized"", ""diagnostic_execution_not_run""]",false,false
bef0ce209d1477fda22cf89c519f33b9f704d5e7e34ac083bb198b9e39f7527e,qwen3.5:4b,Mbpp/792,44,Ab2g_H1,1ca05ccc6cd746b036b603c971e570431e770057eda67ea1e1eb41686bbfb57e,semantic_algorithm_boundary_or_no_unique_local_mechanism,"AST parses; required_entry_point_present=True; no_unique_missing_import=true; no_safe_demo_print=true; taxonomy=UNRESOLVED:[""plus_only_failure_unlocalized"", ""diagnostic_execution_not_run""]",none,not_eligible,no unique local semantics-preserving repair is evidenced,"likely algorithmic, boundary, data-flow, or otherwise unlocalized",none,90f7032ebb3aaf25ee7a769ed5317564e3214b5ea3068aeea5bffc22e18638eb,artifacts/public_benchmark_development/mbpp_qwen35_4b_failure_supply_pilot/runs/mbpp_q35_4b_dev20_failure_supply_pilot_r001/j/8033da2fbe1ce56c4344581d96feca5157a40c4d892ebf16852d9636a2045731.json,UNRESOLVED,"[""plus_only_failure_unlocalized"", ""diagnostic_execution_not_run""]",false,false
c977a6ebd9a75b2ce2de2d5ae21870631d64fd81cca9502a2a55a553fd70ba01,qwen3.5:4b,Mbpp/792,55,Ab1_H0,85102be4f559c55e3c49d5b76a681018b8eeb9c12b63f51157bc01604ecbc97f,packaging_markdown_extractor,"formal extraction_status=extracted; markdown=True; prose=True; taxonomy=UNRESOLVED:[""plus_only_failure_unlocalized"", ""diagnostic_execution_not_run""]",Scaffold_or_Pipeline_correction,scaffold_or_pipeline_correction,not a Healer responsibility,candidate selection or text stripping can choose the wrong program,none,0befb9fc4be6d1ce4b6f71eb3e3e0729cc1c44c1bdb65113b775ed361d9d6833,artifacts/public_benchmark_development/mbpp_qwen35_4b_failure_supply_pilot/runs/mbpp_q35_4b_dev20_failure_supply_pilot_r001/j/12d350024db53568c09f6c8e6428bb572c89e1c25d6692387e887b6eac035fef.json,UNRESOLVED,"[""plus_only_failure_unlocalized"", ""diagnostic_execution_not_run""]",false,false
5540ca3cff77200b8fc194b351575432c8e2fa8c3d17aee5698ed6f0d6212ba3,qwen3.5:4b,Mbpp/792,55,Ab2g_H1,9cb26b927ba9b35fe0385f2d1a9b7974649e092cb244624372dc288e18bc9832,semantic_algorithm_boundary_or_no_unique_local_mechanism,"AST parses; required_entry_point_present=True; no_unique_missing_import=true; no_safe_demo_print=true; taxonomy=UNRESOLVED:[""plus_only_failure_unlocalized"", ""diagnostic_execution_not_run""]",none,not_eligible,no unique local semantics-preserving repair is evidenced,"likely algorithmic, boundary, data-flow, or otherwise unlocalized",none,90f7032ebb3aaf25ee7a769ed5317564e3214b5ea3068aeea5bffc22e18638eb,artifacts/public_benchmark_development/mbpp_qwen35_4b_failure_supply_pilot/runs/mbpp_q35_4b_dev20_failure_supply_pilot_r001/j/d8c7f3ff7af9c75626205526368c24e6ac172e859107c6b05c2a75a58850f0d6.json,UNRESOLVED,"[""plus_only_failure_unlocalized"", ""diagnostic_execution_not_run""]",false,false
ba6e1cc550d756ea97e0021fd34a6c2c2c5396f8949df674e6a356c73dfd4164,qwen3.5:4b,Mbpp/435,11,Ab1_H0,d8e66ae54f7134dc425e499222fe5c989f95e5a693f1cb1ccfb7ca80f85ee065,packaging_markdown_extractor,"formal extraction_status=extracted; markdown=True; prose=False; taxonomy=L2:[""missing_entry_point"", ""output_contract_failure""]",Scaffold_or_Pipeline_correction,scaffold_or_pipeline_correction,not a Healer responsibility,candidate selection or text stripping can choose the wrong program,none,46988c484066becaee8e2a8d2e95978d02d4ea94874ec63e38d2655b95c34e3c,artifacts/public_benchmark_development/mbpp_qwen35_4b_failure_supply_pilot/runs/mbpp_q35_4b_dev20_failure_supply_pilot_r001/j/25c5dfdb324e267a6345468c706cdb247b0f7cdd7b7e42a2cd7c45bd136d8ed4.json,L2,"[""missing_entry_point"", ""output_contract_failure""]",false,false
14f9d92a5e3e89521f41d48d42e6df77e587e10679d8fa575b7a0c04eaa0bfc8,qwen3.5:4b,Mbpp/435,11,Ab2g_H1,b595f63f84c0c0901afaf310e16995bcc69e1409f3822641037f915896077f87,semantic_algorithm_boundary_or_no_unique_local_mechanism,"AST parses; required_entry_point_present=True; no_unique_missing_import=true; no_safe_demo_print=true; taxonomy=UNRESOLVED:[""plus_only_failure_unlocalized"", ""diagnostic_execution_not_run""]",none,not_eligible,no unique local semantics-preserving repair is evidenced,"likely algorithmic, boundary, data-flow, or otherwise unlocalized",none,8b8442b159123ef105afe26b25a55871b471f565566e33cc649f3de0c3770322,artifacts/public_benchmark_development/mbpp_qwen35_4b_failure_supply_pilot/runs/mbpp_q35_4b_dev20_failure_supply_pilot_r001/j/90af60f623258fc16bfeeb910427cbf0c0cf29fd5e6d516f3a476b6aeb8d6899.json,UNRESOLVED,"[""plus_only_failure_unlocalized"", ""diagnostic_execution_not_run""]",false,false
3c1ad3b1b924ab3b269bb08c33ae37bf9038ff5b09c2aa4ce1893a6912dac170,qwen3.5:4b,Mbpp/435,33,Ab1_H0,266e543d9c095caec497793ecc57f5cb94a7aebed3beb8f0d5bd759fb9067b2a,packaging_markdown_extractor,"formal extraction_status=extracted; markdown=True; prose=False; taxonomy=L2:[""missing_entry_point"", ""output_contract_failure""]",Scaffold_or_Pipeline_correction,scaffold_or_pipeline_correction,not a Healer responsibility,candidate selection or text stripping can choose the wrong program,none,50ddea01fbdbc56c8fd36aca66af872b6403e1c84d42bc7f3d1e33c4cd501aa2,artifacts/public_benchmark_development/mbpp_qwen35_4b_failure_supply_pilot/runs/mbpp_q35_4b_dev20_failure_supply_pilot_r001/j/a91cc8f3c151a63eb049e1b1bd41b0be9c01ce741af63d6def598105efb5da0f.json,L2,"[""missing_entry_point"", ""output_contract_failure""]",false,false
b87f42e5d15be8fba294d510830923131cc28f5cc16fe475cf91db65354419c9,qwen3.5:4b,Mbpp/435,44,Ab1_H0,348021093f540b119daddf761b4dd636e46f34b847a961eef6a44af34c854bc5,packaging_markdown_extractor,"formal extraction_status=extracted; markdown=True; prose=False; taxonomy=L2:[""missing_entry_point"", ""output_contract_failure""]",Scaffold_or_Pipeline_correction,scaffold_or_pipeline_correction,not a Healer responsibility,candidate selection or text stripping can choose the wrong program,none,f3a80d98dadac3e67048610cc15aeb95d874d29af3502a7455dffc9bbab50833,artifacts/public_benchmark_development/mbpp_qwen35_4b_failure_supply_pilot/runs/mbpp_q35_4b_dev20_failure_supply_pilot_r001/j/d9e49c65db94251b520bec76e11806cd1d5b2cdc4868fdd229c7b63dc73931ae.json,L2,"[""missing_entry_point"", ""output_contract_failure""]",false,false
22e578b576ead47083a975393419e32bd1a575137566ab91006e1fdf99befc9f,qwen3.5:4b,Mbpp/435,44,Ab2g_H1,17b15bb982bba7b6b822ba061f4ad50f1aed34c1899705f40b89bd8be91c59a9,semantic_algorithm_boundary_or_no_unique_local_mechanism,"AST parses; required_entry_point_present=True; no_unique_missing_import=true; no_safe_demo_print=true; taxonomy=UNRESOLVED:[""plus_only_failure_unlocalized"", ""diagnostic_execution_not_run""]",none,not_eligible,no unique local semantics-preserving repair is evidenced,"likely algorithmic, boundary, data-flow, or otherwise unlocalized",none,e6ef7ab2037c820ab13d44bb5578be262df7107bf85d4f0d2a21871e9aae01ed,artifacts/public_benchmark_development/mbpp_qwen35_4b_failure_supply_pilot/runs/mbpp_q35_4b_dev20_failure_supply_pilot_r001/j/6111f2118c2d4ce350f656b38b20094db3639b09c41dee76570448410123e475.json,UNRESOLVED,"[""plus_only_failure_unlocalized"", ""diagnostic_execution_not_run""]",false,false
6a8403f69904d53772374d30530be5cd46ad78bb50c03377f2d1a829b20ae793,qwen3.5:4b,Mbpp/435,55,Ab2g_H1,6e17ee3714b182405f41d1cde73156587513c9348322379537ccbb25a56effb4,semantic_algorithm_boundary_or_no_unique_local_mechanism,"AST parses; required_entry_point_present=True; no_unique_missing_import=true; no_safe_demo_print=true; taxonomy=UNRESOLVED:[""plus_only_failure_unlocalized"", ""diagnostic_execution_not_run""]",none,not_eligible,no unique local semantics-preserving repair is evidenced,"likely algorithmic, boundary, data-flow, or otherwise unlocalized",none,e0d8f247ad2a07a9fb7de4a38746a07e13ddf6251ea7360a61aff616b57b6371,artifacts/public_benchmark_development/mbpp_qwen35_4b_failure_supply_pilot/runs/mbpp_q35_4b_dev20_failure_supply_pilot_r001/j/119e3bed6d7218cee368294c04eeb60c5b1521996f98ce3596d812275243b1ab.json,UNRESOLVED,"[""plus_only_failure_unlocalized"", ""diagnostic_execution_not_run""]",false,false
3169c8628d23d7c1a57fc1afda208bca82e5e74ccc6e9ead24575d11add0fa3f,qwen3.5:4b,Mbpp/597,11,Ab1_H0,9cab944ee582a39fa84b3fb54baf657d18a6df80467d8352f93ba29e8b2c081a,packaging_markdown_extractor,"formal extraction_status=ambiguous; markdown=True; prose=True; taxonomy=L0:[""extraction_ambiguous"", ""fail_closed_no_candidate_selection""]",Scaffold_or_Pipeline_correction,scaffold_or_pipeline_correction,not a Healer responsibility,candidate selection or text stripping can choose the wrong program,none,2c051437f14e77e79392d7fa5717ada4bec6467e0e8942f8408abe1147bb3e8f,artifacts/public_benchmark_development/mbpp_qwen35_4b_failure_supply_pilot/runs/mbpp_q35_4b_dev20_failure_supply_pilot_r001/j/749fe26d52b45b0795e25a5f7d56128833b3be76125587ff2f4ff2b6dfb2acb0.json,L0,"[""extraction_ambiguous"", ""fail_closed_no_candidate_selection""]",false,false
5480faae1a099185264951305f2243458d03b3e125096b9b7d3bdbd88ce6f5ad,qwen3.5:4b,Mbpp/597,11,Ab2g_H1,e284df023a59f6158c51cff7d59082d0a5a44c34082d37d621e29246535115d0,semantic_algorithm_boundary_or_no_unique_local_mechanism,"AST parses; required_entry_point_present=True; no_unique_missing_import=true; no_safe_demo_print=true; taxonomy=UNRESOLVED:[""base_and_plus_failure_unlocalized"", ""diagnostic_execution_not_run""]",none,not_eligible,no unique local semantics-preserving repair is evidenced,"likely algorithmic, boundary, data-flow, or otherwise unlocalized",none,d75922083913060eb3933a45547f03f4e70ad0d989e113699bc4e65712e683a0,artifacts/public_benchmark_development/mbpp_qwen35_4b_failure_supply_pilot/runs/mbpp_q35_4b_dev20_failure_supply_pilot_r001/j/42d2c41834a4eabe16b23fa95fff256cf6e942589456e5a2c00ca4f13f6eca7e.json,UNRESOLVED,"[""base_and_plus_failure_unlocalized"", ""diagnostic_execution_not_run""]",false,false
54e9a4276dc6f402bd2ab14b725b4410bdaa17d3bdf19cdfde2b40694d804192,qwen3.5:4b,Mbpp/597,22,Ab1_H0,306b44939245187e9c0150d53919fa8d81da9da40f49e615bd163c651c0e0827,packaging_markdown_extractor,"formal extraction_status=extracted; markdown=True; prose=False; taxonomy=UNRESOLVED:[""base_and_plus_failure_unlocalized"", ""diagnostic_execution_not_run""]",Scaffold_or_Pipeline_correction,scaffold_or_pipeline_correction,not a Healer responsibility,candidate selection or text stripping can choose the wrong program,none,9fb6c5ef2626e88a178bb5a58ba27e89ddc230b0861bed5ce215964d4e4d9525,artifacts/public_benchmark_development/mbpp_qwen35_4b_failure_supply_pilot/runs/mbpp_q35_4b_dev20_failure_supply_pilot_r001/j/6ecdaf18d357e71c9689179959f731fcc9a6a2f61367ba407e7f4b00de633d5b.json,UNRESOLVED,"[""base_and_plus_failure_unlocalized"", ""diagnostic_execution_not_run""]",false,false
b824c21ffe997f5bb1612a500ec131a7330b23eef6825c27a120fb7489042dcc,qwen3.5:4b,Mbpp/597,22,Ab2g_H1,b00e92357373a7f305585f3e2377eae7d7dec0712ecbe7918c6e308db3da6ad9,truncation,done_reason=length; SyntaxError=expected ':'; line=53,none,not_eligible,incomplete generation has no unique local repair,missing suffix may contain arbitrary algorithmic logic,none,f9eff9a1b6307685be3af75cbee3e68c2caf5646868e42bc8137d17865dc0bbb,artifacts/public_benchmark_development/mbpp_qwen35_4b_failure_supply_pilot/runs/mbpp_q35_4b_dev20_failure_supply_pilot_r001/j/350e0add0fd64be9023836e7c63d08d02da31629f1facc0858eedc84d3b667a2.json,L1,"[""syntax_or_format_failure""]",false,false
6f7e9de28053c0b51aa7673b8a225f0dbfafdde6657ad389105094c20cef4b6d,qwen3.5:4b,Mbpp/597,33,Ab1_H0,3df2249cbd058ac07e0e5fe4d82f579db450c667101692583083815aee355739,packaging_markdown_extractor,"formal extraction_status=ambiguous; markdown=True; prose=False; taxonomy=L0:[""extraction_ambiguous"", ""fail_closed_no_candidate_selection""]",Scaffold_or_Pipeline_correction,scaffold_or_pipeline_correction,not a Healer responsibility,candidate selection or text stripping can choose the wrong program,none,82477e4bffe72f002f8820f359de4c7d0323ac64020b58fb01ab654d29bbf6cc,artifacts/public_benchmark_development/mbpp_qwen35_4b_failure_supply_pilot/runs/mbpp_q35_4b_dev20_failure_supply_pilot_r001/j/50f7624f92afb8175ea48836bc22553ca61b0be5f48597a67f2bce859d99d694.json,L0,"[""extraction_ambiguous"", ""fail_closed_no_candidate_selection""]",false,false
ed1fa640773d79120a2cbb616b0a3212b2828c90e4707170d0e1dd199a99de66,qwen3.5:4b,Mbpp/597,33,Ab2g_H1,a952953b67d02cc62e04c2e4d4f8d4faf327da982fee6f6b235aba1182f89ca5,semantic_algorithm_boundary_or_no_unique_local_mechanism,"AST parses; required_entry_point_present=True; no_unique_missing_import=true; no_safe_demo_print=true; taxonomy=L2:[""duplicate_required_entry_point"", ""output_contract_failure""]",none,not_eligible,no unique local semantics-preserving repair is evidenced,"likely algorithmic, boundary, data-flow, or otherwise unlocalized",none,ca43421206f2c846e821eab4d68f314fa1246102dbfed195263ccf550b706845,artifacts/public_benchmark_development/mbpp_qwen35_4b_failure_supply_pilot/runs/mbpp_q35_4b_dev20_failure_supply_pilot_r001/j/b9df3dfdb5f81140b604e2ebefd2307f5125eacbc16b785a5aa4d73a979c64db.json,L2,"[""duplicate_required_entry_point"", ""output_contract_failure""]",false,false
a6018f97856e238411d0d4389888732f9d1c5d54f5ac232c10fa670ffa59b29c,qwen3.5:4b,Mbpp/597,44,Ab1_H0,b44783de0d2fefe5b1e004a7856c3979568d896de6da41f7f09a82bdb6bd99ad,packaging_markdown_extractor,"formal extraction_status=extracted; markdown=True; prose=True; taxonomy=UNRESOLVED:[""base_and_plus_failure_unlocalized"", ""diagnostic_execution_not_run""]",Scaffold_or_Pipeline_correction,scaffold_or_pipeline_correction,not a Healer responsibility,candidate selection or text stripping can choose the wrong program,none,1e1730db975d825b7f968b7db39377d1c65037ebc97d81e7b1b644a8456119b0,artifacts/public_benchmark_development/mbpp_qwen35_4b_failure_supply_pilot/runs/mbpp_q35_4b_dev20_failure_supply_pilot_r001/j/0511d0a87d7f2b3432ba13fae0423873590ceea620867671fbc0a6da45b8c268.json,UNRESOLVED,"[""base_and_plus_failure_unlocalized"", ""diagnostic_execution_not_run""]",false,false
d98038d732e8c62b6cdaacf3df4731627450bf58129556779ae3777f9fcbb70f,qwen3.5:4b,Mbpp/597,44,Ab2g_H1,9aa5676731b74e533de462437c3ffcf3092858daa4e309ea0e7e44af281ee69f,semantic_algorithm_boundary_or_no_unique_local_mechanism,"AST parses; required_entry_point_present=True; no_unique_missing_import=true; no_safe_demo_print=true; taxonomy=UNRESOLVED:[""base_and_plus_failure_unlocalized"", ""diagnostic_execution_not_run""]",none,not_eligible,no unique local semantics-preserving repair is evidenced,"likely algorithmic, boundary, data-flow, or otherwise unlocalized",none,19843125d2184123ff3e39fd3f56db01c057c8012640978a688747db53e23187,artifacts/public_benchmark_development/mbpp_qwen35_4b_failure_supply_pilot/runs/mbpp_q35_4b_dev20_failure_supply_pilot_r001/j/cad86359c849e4ed998517376eb70847858832f59946b0964e518d30acb3faae.json,UNRESOLVED,"[""base_and_plus_failure_unlocalized"", ""diagnostic_execution_not_run""]",false,false
6071808c3cd09ddc5d9d3ec90fc137ac712f85b3d007c2572db3df2476c96eef,qwen3.5:4b,Mbpp/597,55,Ab1_H0,9c682db0a617a121f723dd4d07489e643881363b3ca8ccc7bec310ea841db396,packaging_markdown_extractor,"formal extraction_status=extracted; markdown=True; prose=False; taxonomy=L1:[""syntax_or_format_failure""]",Scaffold_or_Pipeline_correction,scaffold_or_pipeline_correction,not a Healer responsibility,candidate selection or text stripping can choose the wrong program,none,9494155bb252df938534c61939d7c4d3654c7281dc28ae834fdf6c7fa147f4ef,artifacts/public_benchmark_development/mbpp_qwen35_4b_failure_supply_pilot/runs/mbpp_q35_4b_dev20_failure_supply_pilot_r001/j/dff5c54ff204f9a41f0e3465f55e347176ef0ebbc3c5abdb3aab06214e8182d8.json,L1,"[""syntax_or_format_failure""]",false,false
90e1cf493a2ed59e40fd40439cfae0b1df37c34100b5acfb4eda22de7cf7c70e,qwen3.5:4b,Mbpp/597,55,Ab2g_H1,32f3f0a462664288e9c409c168bbfcc6ec6dd2b8d0299102081f199fa0681b28,semantic_algorithm_boundary_or_no_unique_local_mechanism,"AST parses; required_entry_point_present=True; no_unique_missing_import=true; no_safe_demo_print=true; taxonomy=UNRESOLVED:[""base_and_plus_failure_unlocalized"", ""diagnostic_execution_not_run""]",none,not_eligible,no unique local semantics-preserving repair is evidenced,"likely algorithmic, boundary, data-flow, or otherwise unlocalized",none,eaa3184cc0fa5ce2fc06d0c84a5c9e5fe4bc42d95609c7e701d309487cbd5a3c,artifacts/public_benchmark_development/mbpp_qwen35_4b_failure_supply_pilot/runs/mbpp_q35_4b_dev20_failure_supply_pilot_r001/j/9eecfae02f8bd516504f2a65245b208e56692909656dfbe5b6ed44e32d32be13.json,UNRESOLVED,"[""base_and_plus_failure_unlocalized"", ""diagnostic_execution_not_run""]",false,false
028324e5a4f0ec648005cfc9deebd0cb38beb35874aac6888ce95453b8e28c5f,qwen3.5:4b,Mbpp/732,22,Ab2g_H1,d0f6f293f734bd918e31f189761da7a3b8dfe42e60949cecfac97b83f3550be7,semantic_algorithm_boundary_or_no_unique_local_mechanism,"AST parses; required_entry_point_present=True; no_unique_missing_import=true; no_safe_demo_print=true; taxonomy=UNRESOLVED:[""base_and_plus_failure_unlocalized"", ""diagnostic_execution_not_run""]",none,not_eligible,no unique local semantics-preserving repair is evidenced,"likely algorithmic, boundary, data-flow, or otherwise unlocalized",none,f66068664ea432f7b1d944cfd21af40a7cbe959bb568abf0f1870ec84a02a5af,artifacts/public_benchmark_development/mbpp_qwen35_4b_failure_supply_pilot/runs/mbpp_q35_4b_dev20_failure_supply_pilot_r001/j/d79560e91a2c8b353b8dda682ef696be57e2122748a71f9cb1b039fbaa5697e0.json,UNRESOLVED,"[""base_and_plus_failure_unlocalized"", ""diagnostic_execution_not_run""]",false,false
6863f3e72a49aa7f1b13688dde1dbe039087785ebf56a4bbb5490e4bc14c2855,qwen3.5:4b,Mbpp/732,33,Ab1_H0,3da5c608ec7b56452d33e33e0e591c37313d471c500d65e8f6c1dd14a6775092,packaging_markdown_extractor,"formal extraction_status=extracted; markdown=True; prose=True; taxonomy=UNRESOLVED:[""base_and_plus_failure_unlocalized"", ""diagnostic_execution_not_run""]",Scaffold_or_Pipeline_correction,scaffold_or_pipeline_correction,not a Healer responsibility,candidate selection or text stripping can choose the wrong program,none,6d06040407ca6e9d5477d2ef3b6ff29ee0b176c599d59edc05285027bbe54641,artifacts/public_benchmark_development/mbpp_qwen35_4b_failure_supply_pilot/runs/mbpp_q35_4b_dev20_failure_supply_pilot_r001/j/5c861100a653809aa8f4b876a84a909bcc425960f8f89fe33181e7dcf74cf0b8.json,UNRESOLVED,"[""base_and_plus_failure_unlocalized"", ""diagnostic_execution_not_run""]",false,false
9b283a6356e269ed71a9b3cf9557060b1235df5522bcdf20c2d5705def07b27d,qwen3.5:4b,Mbpp/732,33,Ab2g_H1,108dc215185bfeb155f30fb53bb45e6fb7698f1098a54db044d56984d6548a9d,semantic_algorithm_boundary_or_no_unique_local_mechanism,"AST parses; required_entry_point_present=True; no_unique_missing_import=true; no_safe_demo_print=true; taxonomy=UNRESOLVED:[""base_and_plus_failure_unlocalized"", ""diagnostic_execution_not_run""]",none,not_eligible,no unique local semantics-preserving repair is evidenced,"likely algorithmic, boundary, data-flow, or otherwise unlocalized",none,9a290dca2cfcb57a7b13ee07e49ac10e51af731e903d4dbc8c7f4113a750281b,artifacts/public_benchmark_development/mbpp_qwen35_4b_failure_supply_pilot/runs/mbpp_q35_4b_dev20_failure_supply_pilot_r001/j/3166a6789ff3027b3f7096d2e72b67203b03111b68e9204f3196f83b4a3a4c96.json,UNRESOLVED,"[""base_and_plus_failure_unlocalized"", ""diagnostic_execution_not_run""]",false,false
23c6c018244276e19f415108daa5762ff2d56a4c68d6afe9f86755f3c9c470ef,qwen3.5:4b,Mbpp/732,44,Ab2g_H1,2cff3acb1f104b6ea9f8561e582b2d567710881a062deee8173b15fcf83ff8bc,semantic_algorithm_boundary_or_no_unique_local_mechanism,"AST parses; required_entry_point_present=True; no_unique_missing_import=true; no_safe_demo_print=true; taxonomy=UNRESOLVED:[""base_and_plus_failure_unlocalized"", ""diagnostic_execution_not_run""]",none,not_eligible,no unique local semantics-preserving repair is evidenced,"likely algorithmic, boundary, data-flow, or otherwise unlocalized",none,9a290dca2cfcb57a7b13ee07e49ac10e51af731e903d4dbc8c7f4113a750281b,artifacts/public_benchmark_development/mbpp_qwen35_4b_failure_supply_pilot/runs/mbpp_q35_4b_dev20_failure_supply_pilot_r001/j/e62dfc3e8e51755b6d992ae51628f41b1c783097549532f59162c37e80872436.json,UNRESOLVED,"[""base_and_plus_failure_unlocalized"", ""diagnostic_execution_not_run""]",false,false
38918e2dbf85967f3aab4fe870cf236b1084dd11ab7c1bb0e911a90ef15dc73b,qwen3.5:4b,Mbpp/721,11,Ab1_H0,f1c6c743fcdcde1dcfbbb0d8fa6641614652b021efa8495ea94588c733fd13cc,packaging_markdown_extractor,"formal extraction_status=extracted; markdown=True; prose=False; taxonomy=UNRESOLVED:[""base_and_plus_failure_unlocalized"", ""diagnostic_execution_not_run""]",Scaffold_or_Pipeline_correction,scaffold_or_pipeline_correction,not a Healer responsibility,candidate selection or text stripping can choose the wrong program,none,aeaeedadc4816a19e5e110cc37de6ce7196a8de784838632e1a0b7625da6136d,artifacts/public_benchmark_development/mbpp_qwen35_4b_failure_supply_pilot/runs/mbpp_q35_4b_dev20_failure_supply_pilot_r001/j/350a797552ad2e54d3695570ad7c6f9fa22c84f3ac2aad18033d0853dacb2a06.json,UNRESOLVED,"[""base_and_plus_failure_unlocalized"", ""diagnostic_execution_not_run""]",false,false
2323e682f59c5ccc0fc32725100e91f3124c49ada29b51d90a47e6027f637608,qwen3.5:4b,Mbpp/721,11,Ab2g_H1,c8db08d15e11124795e4e8c9eb1b737ef4bbd9b3ad6b53e1b8292e6f359239d4,packaging_markdown_extractor,"formal extraction_status=extracted; markdown=True; prose=False; taxonomy=UNRESOLVED:[""base_and_plus_failure_unlocalized"", ""diagnostic_execution_not_run""]",Scaffold_or_Pipeline_correction,scaffold_or_pipeline_correction,not a Healer responsibility,candidate selection or text stripping can choose the wrong program,none,aa5c411c820dc39261425747cf9fd4847621f797cd63faf0739e87478c787825,artifacts/public_benchmark_development/mbpp_qwen35_4b_failure_supply_pilot/runs/mbpp_q35_4b_dev20_failure_supply_pilot_r001/j/b6dc08642363c7d82d5db443813bd204496a524c62e00561f4fe1c4a336ea007.json,UNRESOLVED,"[""base_and_plus_failure_unlocalized"", ""diagnostic_execution_not_run""]",false,false
7f69d9c49277448b61efa0f5366586eaecf133e2d9c6e5869cf1a24321984ea0,qwen3.5:4b,Mbpp/721,22,Ab1_H0,d6ac24641aa5127ccc3b5ff8f44b77fc35f52110a671571ec717f15a1f0c2043,packaging_markdown_extractor,"formal extraction_status=extracted; markdown=True; prose=False; taxonomy=UNRESOLVED:[""plus_only_failure_unlocalized"", ""diagnostic_execution_not_run""]",Scaffold_or_Pipeline_correction,scaffold_or_pipeline_correction,not a Healer responsibility,candidate selection or text stripping can choose the wrong program,none,4bb6a038ab7bc9dc4758ec7c53bb7f0f57d04f839a4338311ffebff690317590,artifacts/public_benchmark_development/mbpp_qwen35_4b_failure_supply_pilot/runs/mbpp_q35_4b_dev20_failure_supply_pilot_r001/j/14a10ffee26793e40c51d010176b2e9905875db817234cda4c596af9cb9b8525.json,UNRESOLVED,"[""plus_only_failure_unlocalized"", ""diagnostic_execution_not_run""]",false,false
d9471b5fbf36bb2e0e01727f54ad9822ae0a82f86ff58791027b78ef5852a7f1,qwen3.5:4b,Mbpp/721,33,Ab1_H0,8968b4e488649c8b647f1ca5c376fe41a1a024902694a2717f417ebc84db5f92,packaging_markdown_extractor,"formal extraction_status=ambiguous; markdown=True; prose=False; taxonomy=L0:[""extraction_ambiguous"", ""fail_closed_no_candidate_selection""]",Scaffold_or_Pipeline_correction,scaffold_or_pipeline_correction,not a Healer responsibility,candidate selection or text stripping can choose the wrong program,none,12e1d8869bbf8e0e0402e332a22db7ed9301fc061afd7d4e7df2eb97e55001b0,artifacts/public_benchmark_development/mbpp_qwen35_4b_failure_supply_pilot/runs/mbpp_q35_4b_dev20_failure_supply_pilot_r001/j/e360b7b8638092098db305ee574f52a750aace464763515f6ba0e7e42c19a2cc.json,L0,"[""extraction_ambiguous"", ""fail_closed_no_candidate_selection""]",false,false
5278047fd2b4efe31c370bc3d90b48eaf349bd082dd695d07062f220cad7ddc3,qwen3.5:4b,Mbpp/721,33,Ab2g_H1,bab4a0917f2a9ab7d4f2b1fc4aef4290f335b242feb0dab6efb15363ddd1b4e2,packaging_markdown_extractor,"formal extraction_status=extracted; markdown=True; prose=False; taxonomy=L1:[""syntax_or_format_failure""]",Scaffold_or_Pipeline_correction,scaffold_or_pipeline_correction,not a Healer responsibility,candidate selection or text stripping can choose the wrong program,none,194033b1bb6fe38c4cc23a9522401c92174d50b1a6147b04493dd23803b38373,artifacts/public_benchmark_development/mbpp_qwen35_4b_failure_supply_pilot/runs/mbpp_q35_4b_dev20_failure_supply_pilot_r001/j/cbf73e46e4a2c1045c08708ea08508184a3420fdf5a96708d55a492003154193.json,L1,"[""syntax_or_format_failure""]",false,false
7b773be8f8221de12feaab933afd77f4c33a69529932ada198093966886d6fae,qwen3.5:4b,Mbpp/721,55,Ab1_H0,3338a55bbfee2455b097d97aeeb6907be665a1a76d49b79d26c3ed38ff1a609d,packaging_markdown_extractor,"formal extraction_status=extracted; markdown=True; prose=False; taxonomy=UNRESOLVED:[""base_and_plus_failure_unlocalized"", ""diagnostic_execution_not_run""]",Scaffold_or_Pipeline_correction,scaffold_or_pipeline_correction,not a Healer responsibility,candidate selection or text stripping can choose the wrong program,none,363c1d19b3887150ea2e6695c8de2b50efdc88a58c9352cd6f30d441b78e003a,artifacts/public_benchmark_development/mbpp_qwen35_4b_failure_supply_pilot/runs/mbpp_q35_4b_dev20_failure_supply_pilot_r001/j/c201624c326f07a61c0cc50a2bc05dc6ee175f3ab976c196eb23fe8d16c31e3f.json,UNRESOLVED,"[""base_and_plus_failure_unlocalized"", ""diagnostic_execution_not_run""]",false,false
1fd788a6952ce65bd2c840be3e1061b1374cb88d1b4ee505b3a7a2fc6dfb3a42,qwen3.5:4b,Mbpp/765,11,Ab1_H0,702511d858640579b81ac1e645a1457b8aef8f28fc88655c106b3ceb862acbd0,packaging_markdown_extractor,"formal extraction_status=extracted; markdown=True; prose=False; taxonomy=L2:[""missing_entry_point"", ""output_contract_failure""]",Scaffold_or_Pipeline_correction,scaffold_or_pipeline_correction,not a Healer responsibility,candidate selection or text stripping can choose the wrong program,none,2cd9f14cb8d04114ed2fd4cd75d6c140dd762f6b57a8d454df462873a86efeeb,artifacts/public_benchmark_development/mbpp_qwen35_4b_failure_supply_pilot/runs/mbpp_q35_4b_dev20_failure_supply_pilot_r001/j/224280a59cc945ea72e7bd1f91164e8695edd8d7c14840aa4998f563559a0916.json,L2,"[""missing_entry_point"", ""output_contract_failure""]",false,false
5ce27ad40c1eae393e3c195549eb488253693ec466647d8d6ea448b67f9553ad,qwen3.5:4b,Mbpp/765,11,Ab2g_H1,0d38b64385255728fb555093d65d4e74dd43d2fcbc2d4f55d440b5843c9d7da6,semantic_algorithm_boundary_or_no_unique_local_mechanism,"AST parses; required_entry_point_present=True; no_unique_missing_import=true; no_safe_demo_print=true; taxonomy=UNRESOLVED:[""base_and_plus_failure_unlocalized"", ""diagnostic_execution_not_run""]",none,not_eligible,no unique local semantics-preserving repair is evidenced,"likely algorithmic, boundary, data-flow, or otherwise unlocalized",none,9731c8b71137d29a1ae32100d10f5fde357ffb0f1ab992f1ac17aa9b8c0942ff,artifacts/public_benchmark_development/mbpp_qwen35_4b_failure_supply_pilot/runs/mbpp_q35_4b_dev20_failure_supply_pilot_r001/j/61d1945e2d6c3f2328aa155fec33ba915a573508b8e800b104b573993ac563e0.json,UNRESOLVED,"[""base_and_plus_failure_unlocalized"", ""diagnostic_execution_not_run""]",false,false
2a01b909d325d6025197ee80944ed5c697d84916211468d62b02df62420eee8f,qwen3.5:4b,Mbpp/765,22,Ab1_H0,f61a13f97f63bca534eda30a86fe79ae6422d2dc2990f0f796a45b8e9954e03d,packaging_markdown_extractor,"formal extraction_status=extracted; markdown=True; prose=False; taxonomy=L2:[""duplicate_required_entry_point"", ""output_contract_failure""]",Scaffold_or_Pipeline_correction,scaffold_or_pipeline_correction,not a Healer responsibility,candidate selection or text stripping can choose the wrong program,none,62cf8d52975682a1af1842ac31b505ee01fc7577276f0708b648e23a271b2916,artifacts/public_benchmark_development/mbpp_qwen35_4b_failure_supply_pilot/runs/mbpp_q35_4b_dev20_failure_supply_pilot_r001/j/00272213254470c8c316cc5a58ef2cdd2d2316c0326ea647b681c3fec13ead83.json,L2,"[""duplicate_required_entry_point"", ""output_contract_failure""]",false,false
6e4b8615d33e6dbfee882854ce2a9f184d5f392fc73495feb3e05eb343da766d,qwen3.5:4b,Mbpp/765,22,Ab2g_H1,f4a513e6eb9a7d85501682c706dfd43f1cede68bbd4778501ff8adba225e6d91,semantic_algorithm_boundary_or_no_unique_local_mechanism,"AST parses; required_entry_point_present=True; no_unique_missing_import=true; no_safe_demo_print=true; taxonomy=UNRESOLVED:[""base_and_plus_failure_unlocalized"", ""diagnostic_execution_not_run""]",none,not_eligible,no unique local semantics-preserving repair is evidenced,"likely algorithmic, boundary, data-flow, or otherwise unlocalized",none,7f0846acec2def12bb94de9f4cbbcf3f034a45ca383379fb90f4babeee0d008f,artifacts/public_benchmark_development/mbpp_qwen35_4b_failure_supply_pilot/runs/mbpp_q35_4b_dev20_failure_supply_pilot_r001/j/9e50e27d7cc9576fc072b354923fa0a943f37c4b549e36676fdf2b7b4028a144.json,UNRESOLVED,"[""base_and_plus_failure_unlocalized"", ""diagnostic_execution_not_run""]",false,false
de897d61a6fc09b4a7e542530deaee828279ebbee4015f0af75c9151ed20b1b5,qwen3.5:4b,Mbpp/765,33,Ab1_H0,5da2563c5807da04978304622c11135d0972907b957ce4eb08904979c08e482c,packaging_markdown_extractor,"formal extraction_status=ambiguous; markdown=True; prose=False; taxonomy=L0:[""extraction_ambiguous"", ""fail_closed_no_candidate_selection""]",Scaffold_or_Pipeline_correction,scaffold_or_pipeline_correction,not a Healer responsibility,candidate selection or text stripping can choose the wrong program,none,06543d97da2ad30118dca37774e28eb93163b5d78f612c494ee6ba4a80cf9ac4,artifacts/public_benchmark_development/mbpp_qwen35_4b_failure_supply_pilot/runs/mbpp_q35_4b_dev20_failure_supply_pilot_r001/j/4478c8af5248a2fb1e116680cf8138b2a6b58e8766f48e10425f15ea2305f0b4.json,L0,"[""extraction_ambiguous"", ""fail_closed_no_candidate_selection""]",false,false
e12b38bfcfe1956f842ae3cd2058fe1636e596d4cef27b038efe340c90dea886,qwen3.5:4b,Mbpp/765,33,Ab2g_H1,85670654a731d5c7a1c05b6646ea7a5beb779d4557a546d9e6831eb1a2f8191e,semantic_algorithm_boundary_or_no_unique_local_mechanism,"AST parses; required_entry_point_present=True; no_unique_missing_import=true; no_safe_demo_print=true; taxonomy=UNRESOLVED:[""base_and_plus_failure_unlocalized"", ""diagnostic_execution_not_run""]",none,not_eligible,no unique local semantics-preserving repair is evidenced,"likely algorithmic, boundary, data-flow, or otherwise unlocalized",none,952c5e14c04ca75d4ed6c66db0b3a4b127d40d1c13219d587e7a6e8a1429386a,artifacts/public_benchmark_development/mbpp_qwen35_4b_failure_supply_pilot/runs/mbpp_q35_4b_dev20_failure_supply_pilot_r001/j/52738091d17a9d2a653404c31a7ea76339f9024641db45af73f229329236fd9a.json,UNRESOLVED,"[""base_and_plus_failure_unlocalized"", ""diagnostic_execution_not_run""]",false,false
d8590cb4de7c01aef3e047336fc098cff3ad93e21d8aa4c26209f81c7d414813,qwen3.5:4b,Mbpp/765,44,Ab1_H0,0e6c47144b687b99f551f12a324fd07c6dbaa3a0e1ae503bbec90fca172f9ed2,truncation,done_reason=length; SyntaxError=invalid syntax; line=1,none,not_eligible,incomplete generation has no unique local repair,missing suffix may contain arbitrary algorithmic logic,none,344965337f886913b48003fa69868439788357956ee6b831cb5de35c3229c690,artifacts/public_benchmark_development/mbpp_qwen35_4b_failure_supply_pilot/runs/mbpp_q35_4b_dev20_failure_supply_pilot_r001/j/f14080ba20dec0e567ba255d6f0f894f0a9613d93655ca6cba03616865115339.json,L1,"[""syntax_or_format_failure""]",false,false
f45e9f4eb81f62b4381483fc0f766cd10e5971808ddd79f32882a568b651753f,qwen3.5:4b,Mbpp/765,44,Ab2g_H1,8e63ea26d2e4923ded2b18c5fa9ac5df9a3bf1fe975404dcdf157bd860d4c8f4,truncation,done_reason=length; SyntaxError=expected an indented block after 'while' statement on line 259; line=259,none,not_eligible,incomplete generation has no unique local repair,missing suffix may contain arbitrary algorithmic logic,none,d450a0b2bfe99d014ff35cb8c50d7ce68e7a307428a8be5ae5ea2ec6b8f90bbb,artifacts/public_benchmark_development/mbpp_qwen35_4b_failure_supply_pilot/runs/mbpp_q35_4b_dev20_failure_supply_pilot_r001/j/d70f9997fe9cce18812c5d02748875f528aa54bc8bca3d6b94b26d48afaf7440.json,L1,"[""syntax_or_format_failure""]",false,false
f21741e9fe822d5e7d2494b5b5f8c0d8728a64401f0f5d24f56ffca297032944,qwen3.5:4b,Mbpp/765,55,Ab1_H0,8bc4073a5a8c46d193747101b950cb5abd26b85a24705e9b93942681d4596bf3,truncation,done_reason=length; SyntaxError=invalid syntax; line=1,none,not_eligible,incomplete generation has no unique local repair,missing suffix may contain arbitrary algorithmic logic,none,dc3d25f4a33c643c8a48928ba60d51d35c22d09a56a31c0fd9b68093cb3a98ea,artifacts/public_benchmark_development/mbpp_qwen35_4b_failure_supply_pilot/runs/mbpp_q35_4b_dev20_failure_supply_pilot_r001/j/1cf38aac190fb85967b7a187bce4b960c02bd50c4cc2bd3d24bebfee1314ed04.json,L1,"[""syntax_or_format_failure""]",false,false
f3f8b43b4858546497d74682f071bd24557e64ab72ceb26b73f3da166dd5bd05,qwen3.5:4b,Mbpp/765,55,Ab2g_H1,49ba2fd94a3fa5c751c2ed512962d198195076c868cfcf56c963faa14d4ba235,module_assert,one or more top-level Assert nodes; residual mechanism absent,module_assert_entrypoint_selftest_quarantine_v0,excluded_existing_H2,mechanism is already the exact fixed H2 development candidate,governed by H2; no new rule inferred,none,e1c4cb10d6b1f324517ff4adfe7771d3be37c2c074a3612638a832e3c76fd7b1,artifacts/public_benchmark_development/mbpp_qwen35_4b_failure_supply_pilot/runs/mbpp_q35_4b_dev20_failure_supply_pilot_r001/j/d719a8541f24725ab81d082466fbe0fd03a8d4ec284c23d47f2de72b2f9d5fe8.json,UNRESOLVED,"[""base_and_plus_failure_unlocalized"", ""diagnostic_execution_not_run""]",false,true
cd59a4582c14b7604a2700c1087d3b53725422ede8097f9666697422b89a6eaf,qwen3.5:4b,Mbpp/777,11,Ab1_H0,a83c5211b07ef9f26983f056847ebeb778fb6aac7418759a0aa6a0f15437e2ad,packaging_markdown_extractor,"formal extraction_status=extracted; markdown=True; prose=False; taxonomy=UNRESOLVED:[""base_and_plus_failure_unlocalized"", ""diagnostic_execution_not_run""]",Scaffold_or_Pipeline_correction,scaffold_or_pipeline_correction,not a Healer responsibility,candidate selection or text stripping can choose the wrong program,none,59ed7941d65f8268391b820485654755895f678a6578c35af6ef165457e18074,artifacts/public_benchmark_development/mbpp_qwen35_4b_failure_supply_pilot/runs/mbpp_q35_4b_dev20_failure_supply_pilot_r001/j/816d053400229826697efbdb6257dd4e1557fb1582eacc10fb754dc4e47feb82.json,UNRESOLVED,"[""base_and_plus_failure_unlocalized"", ""diagnostic_execution_not_run""]",false,false
10b368443c7b1c19ede7ddc39b86828d236d2a5018088ef8484bd6964b2926dd,qwen3.5:4b,Mbpp/777,33,Ab1_H0,78acd77837116d06849176be59db73bab7d56beaa58d583f05f2917fb220f27a,packaging_markdown_extractor,"formal extraction_status=extracted; markdown=True; prose=False; taxonomy=L1:[""syntax_or_format_failure""]",Scaffold_or_Pipeline_correction,scaffold_or_pipeline_correction,not a Healer responsibility,candidate selection or text stripping can choose the wrong program,none,2904847d4397978f52c2f7bcd99997f40bcfd259d6fed60a2711de11233ed492,artifacts/public_benchmark_development/mbpp_qwen35_4b_failure_supply_pilot/runs/mbpp_q35_4b_dev20_failure_supply_pilot_r001/j/70fcc0db6f177d1f55fcbe8ce29c51d9e50a48a6aa4528fbc77f3dee9fdb0572.json,L1,"[""syntax_or_format_failure""]",false,false
dd5f055a4b45e6407b99e123c512d60e4a6f6b659dd530f803de219557fe0e04,qwen3.5:4b,Mbpp/473,11,Ab1_H0,c8a0e367755ed7e334e8e923326c17e4cd6842f93201e8c2589d8f9d0f05bd59,packaging_markdown_extractor,"formal extraction_status=extracted; markdown=True; prose=False; taxonomy=L1:[""syntax_or_format_failure""]",Scaffold_or_Pipeline_correction,scaffold_or_pipeline_correction,not a Healer responsibility,candidate selection or text stripping can choose the wrong program,none,44b1247e9028733563aee2957bea374e06679388b24abea75856e478c33e9344,artifacts/public_benchmark_development/mbpp_qwen35_4b_failure_supply_pilot/runs/mbpp_q35_4b_dev20_failure_supply_pilot_r001/j/8d19c9f262a1c6389f0eecdb935146ff29a97aaf7093391adbac0bc31ada2245.json,L1,"[""syntax_or_format_failure""]",false,false
9989398cfaffb45bfc72343ac5e03404465573ce67b282494dd5d60b631a2d5c,qwen3.5:4b,Mbpp/473,11,Ab2g_H1,6bbe09b20a8c0e74a6e4a9a2de4426f3e2b8d7d07985c686cc7eddd4ef20aadc,semantic_algorithm_boundary_or_no_unique_local_mechanism,"AST parses; required_entry_point_present=True; no_unique_missing_import=true; no_safe_demo_print=true; taxonomy=UNRESOLVED:[""base_and_plus_failure_unlocalized"", ""diagnostic_execution_not_run""]",none,not_eligible,no unique local semantics-preserving repair is evidenced,"likely algorithmic, boundary, data-flow, or otherwise unlocalized",none,6fd507eeea393e89e2207e43734ea35926253fe0b7b33dbff5d3a2b132ad7015,artifacts/public_benchmark_development/mbpp_qwen35_4b_failure_supply_pilot/runs/mbpp_q35_4b_dev20_failure_supply_pilot_r001/j/bd605887d22e06bb1b2aa9738b4d70becf0719e61a53bfc4d005716643eb2c78.json,UNRESOLVED,"[""base_and_plus_failure_unlocalized"", ""diagnostic_execution_not_run""]",false,false
16923c2b1089de0b28407aae18b166c1c17ad352b3811907b68dc4c2379e1807,qwen3.5:4b,Mbpp/473,22,Ab1_H0,6d5dcd48326b8a698c8f89338cf9172a796817111627a57070142951a519f95d,packaging_markdown_extractor,"formal extraction_status=extracted; markdown=True; prose=False; taxonomy=UNRESOLVED:[""base_and_plus_failure_unlocalized"", ""diagnostic_execution_not_run""]",Scaffold_or_Pipeline_correction,scaffold_or_pipeline_correction,not a Healer responsibility,candidate selection or text stripping can choose the wrong program,none,d63ccc83137e2eba470107d6f9160ecdde7794365720afe24f10c3193d867fb7,artifacts/public_benchmark_development/mbpp_qwen35_4b_failure_supply_pilot/runs/mbpp_q35_4b_dev20_failure_supply_pilot_r001/j/9453ba47e1dfcf3971f9f4f73d6fa9da8f94dc1b66ba6c6823f8e693fa69cc1a.json,UNRESOLVED,"[""base_and_plus_failure_unlocalized"", ""diagnostic_execution_not_run""]",false,false
8a7768733a0c22eac1e27b47db3471493f6a4328423734829eb24399fce30484,qwen3.5:4b,Mbpp/473,22,Ab2g_H1,1c8d44bfac9dba50095b4984dd4c417f05be5334e45c6bf5eed189395b00e96e,semantic_algorithm_boundary_or_no_unique_local_mechanism,"AST parses; required_entry_point_present=True; no_unique_missing_import=true; no_safe_demo_print=true; taxonomy=UNRESOLVED:[""base_and_plus_failure_unlocalized"", ""diagnostic_execution_not_run""]",none,not_eligible,no unique local semantics-preserving repair is evidenced,"likely algorithmic, boundary, data-flow, or otherwise unlocalized",none,d20abdfa4ef126cfcc99d52a6c4cf8e3ecfc9a1af43fc8706a488968053e3bd9,artifacts/public_benchmark_development/mbpp_qwen35_4b_failure_supply_pilot/runs/mbpp_q35_4b_dev20_failure_supply_pilot_r001/j/227ddf4f64cc7f805c1eeee41e92a40a104e8172682df27115090b220698a4b0.json,UNRESOLVED,"[""base_and_plus_failure_unlocalized"", ""diagnostic_execution_not_run""]",false,false
2624e135d50b3600c9f776190ac41e1305fe041af9bd322910b5c87b66588720,qwen3.5:4b,Mbpp/473,33,Ab1_H0,26c6796ce43ec34b2d904177cdf865eca76127b427cc85629e8c383d7a84f424,packaging_markdown_extractor,"formal extraction_status=extracted; markdown=True; prose=False; taxonomy=UNRESOLVED:[""base_and_plus_failure_unlocalized"", ""diagnostic_execution_not_run""]",Scaffold_or_Pipeline_correction,scaffold_or_pipeline_correction,not a Healer responsibility,candidate selection or text stripping can choose the wrong program,none,00a7800b49bda733f46562b3408d351497149d60ded03ad9151c9101c5ee164d,artifacts/public_benchmark_development/mbpp_qwen35_4b_failure_supply_pilot/runs/mbpp_q35_4b_dev20_failure_supply_pilot_r001/j/04d28b2044b2109dab7fd7eb390a9a474af9793be4fcab0e1708529ba43736f5.json,UNRESOLVED,"[""base_and_plus_failure_unlocalized"", ""diagnostic_execution_not_run""]",false,false
bb565782ebc365b7e29917ac8b0e98235e9173a2892ef30ff57e6218e21bae1e,qwen3.5:4b,Mbpp/473,33,Ab2g_H1,c8aa898f19498b701d73f733d3a8583d374eb69bc7767941e0de788073fd05ea,semantic_algorithm_boundary_or_no_unique_local_mechanism,"AST parses; required_entry_point_present=True; no_unique_missing_import=true; no_safe_demo_print=true; taxonomy=UNRESOLVED:[""base_and_plus_failure_unlocalized"", ""diagnostic_execution_not_run""]",none,not_eligible,no unique local semantics-preserving repair is evidenced,"likely algorithmic, boundary, data-flow, or otherwise unlocalized",none,fd2e4683c80e23e93f710280e15e6fd126b1f8e8d8998435ce49ce5d1b413492,artifacts/public_benchmark_development/mbpp_qwen35_4b_failure_supply_pilot/runs/mbpp_q35_4b_dev20_failure_supply_pilot_r001/j/91aa0ad41f9ee3a10a9914b0c8119e82aec7124f6c8492b67b53a38081b40817.json,UNRESOLVED,"[""base_and_plus_failure_unlocalized"", ""diagnostic_execution_not_run""]",false,false
9a71b5dc6a0cdac03f5d6e4b885632d322e47995450b5b22fabd41660ee4ac62,qwen3.5:4b,Mbpp/473,44,Ab2g_H1,1117abd6272fbcc36c0a824a3d044ea09c44bc44323735974d3bfc1b8ce6dc19,semantic_algorithm_boundary_or_no_unique_local_mechanism,"AST parses; required_entry_point_present=True; no_unique_missing_import=true; no_safe_demo_print=true; taxonomy=UNRESOLVED:[""base_and_plus_failure_unlocalized"", ""diagnostic_execution_not_run""]",none,not_eligible,no unique local semantics-preserving repair is evidenced,"likely algorithmic, boundary, data-flow, or otherwise unlocalized",none,bb87de9ff944f6bd37fec9f3b110722929c9caca158e8c7edbcc1f4ad8c8f069,artifacts/public_benchmark_development/mbpp_qwen35_4b_failure_supply_pilot/runs/mbpp_q35_4b_dev20_failure_supply_pilot_r001/j/a4eb52d6fa8a7303dc797d4aa0e805b65d0796410c8ed269850c2a63e64696bc.json,UNRESOLVED,"[""base_and_plus_failure_unlocalized"", ""diagnostic_execution_not_run""]",false,false
9d23e29ff9c3828e5d9d3645d9ebe3c4ec8b457fb40e61e4f1e99037b2b339de,qwen3.5:4b,Mbpp/473,55,Ab1_H0,acd38b263154f9f2002a320c457723bd5690b10e36224a46bd04c32827fba82c,packaging_markdown_extractor,"formal extraction_status=ambiguous; markdown=True; prose=True; taxonomy=L0:[""extraction_ambiguous"", ""fail_closed_no_candidate_selection""]",Scaffold_or_Pipeline_correction,scaffold_or_pipeline_correction,not a Healer responsibility,candidate selection or text stripping can choose the wrong program,none,06b3075c76f9abfe6885bbb7b9f1f3971e0e105bdadfbf8ad8ffe5e330106502,artifacts/public_benchmark_development/mbpp_qwen35_4b_failure_supply_pilot/runs/mbpp_q35_4b_dev20_failure_supply_pilot_r001/j/b30f92933662fc901193dd7e1f42954b5df2696fddf66f6e00315d35b02555f2.json,L0,"[""extraction_ambiguous"", ""fail_closed_no_candidate_selection""]",false,false
5f636c0394c52a2ac220f321ffd000495c128cd7d380409d3d1ae25e74984bb4,qwen3.5:4b,Mbpp/473,55,Ab2g_H1,9423a84bce10769bc763426bf27ed08c1071b747b9a68b6788ccac145f614a1f,packaging_markdown_extractor,"formal extraction_status=extracted; markdown=False; prose=True; taxonomy=UNRESOLVED:[""base_and_plus_failure_unlocalized"", ""diagnostic_execution_not_run""]",Scaffold_or_Pipeline_correction,scaffold_or_pipeline_correction,not a Healer responsibility,candidate selection or text stripping can choose the wrong program,none,fa7d620206136eaed9c507020c543b1b013463d637dea52f14f38ca2ff580fe5,artifacts/public_benchmark_development/mbpp_qwen35_4b_failure_supply_pilot/runs/mbpp_q35_4b_dev20_failure_supply_pilot_r001/j/a89533cd4cec4e3ca2780431b8ab58064c7b3b9a13f69c6ed5109f650bf06d49.json,UNRESOLVED,"[""base_and_plus_failure_unlocalized"", ""diagnostic_execution_not_run""]",false,false
e9449ce73ead2aa016d4de08483756c738d650038d623743a09bf32c4e8bc3ee,qwen3.5:4b,Mbpp/420,11,Ab1_H0,e33c278d531a35249c695d2b82948b68117ffd4ef37da4d2e9ab0d236642d81a,packaging_markdown_extractor,"formal extraction_status=extracted; markdown=True; prose=False; taxonomy=UNRESOLVED:[""base_and_plus_failure_unlocalized"", ""diagnostic_execution_not_run""]",Scaffold_or_Pipeline_correction,scaffold_or_pipeline_correction,not a Healer responsibility,candidate selection or text stripping can choose the wrong program,none,9f2ebb0807e15f2b2b8e08346db53321a02f6a8a5fe5ef3afd2a5beb0098841e,artifacts/public_benchmark_development/mbpp_qwen35_4b_failure_supply_pilot/runs/mbpp_q35_4b_dev20_failure_supply_pilot_r001/j/601e814600bbdba258824c5021aba8f5baae40ff9e3035980ff00bc176fe1683.json,UNRESOLVED,"[""base_and_plus_failure_unlocalized"", ""diagnostic_execution_not_run""]",false,false
61a1672a5661e74dd594382c68c14691c83addcb60b7bbd489aae2c3b00eb170,qwen3.5:4b,Mbpp/420,22,Ab1_H0,5647e2aaecacdf90cd45fdfd2a4e5aa0f6dd18b2a9c93facbd7dd021534b3453,packaging_markdown_extractor,"formal extraction_status=extracted; markdown=True; prose=True; taxonomy=UNRESOLVED:[""base_and_plus_failure_unlocalized"", ""diagnostic_execution_not_run""]",Scaffold_or_Pipeline_correction,scaffold_or_pipeline_correction,not a Healer responsibility,candidate selection or text stripping can choose the wrong program,none,038eaa03cc77066b689f43c56929610b656db2d5e47dfa73cf669205e60a9813,artifacts/public_benchmark_development/mbpp_qwen35_4b_failure_supply_pilot/runs/mbpp_q35_4b_dev20_failure_supply_pilot_r001/j/98b0a159a21aab25ae06cd60c030ec3ff002436d498ac578259ffdcd12df4bb1.json,UNRESOLVED,"[""base_and_plus_failure_unlocalized"", ""diagnostic_execution_not_run""]",false,false
0ef2c82d2bba797fe7364d90accdba3035c16c5cbd81fff4eee0318427bc7a93,qwen3.5:4b,Mbpp/420,33,Ab1_H0,406a7adb8833199cfc27d3d1714e65fd63668fed4fd4b761901df9574ce3bd3e,packaging_markdown_extractor,"formal extraction_status=ambiguous; markdown=True; prose=True; taxonomy=L0:[""extraction_ambiguous"", ""fail_closed_no_candidate_selection""]",Scaffold_or_Pipeline_correction,scaffold_or_pipeline_correction,not a Healer responsibility,candidate selection or text stripping can choose the wrong program,none,2219ac5ca096af99460f5f31535693bcf60bfe24ccc6b1631f3c4c87058f6613,artifacts/public_benchmark_development/mbpp_qwen35_4b_failure_supply_pilot/runs/mbpp_q35_4b_dev20_failure_supply_pilot_r001/j/5fb7583a9c86f736b9141948099ea593947ae93e1dc33717705304129f32d35f.json,L0,"[""extraction_ambiguous"", ""fail_closed_no_candidate_selection""]",false,false
4a54638a441e3dd338d15b94dd5574139df36a2dca40dafeb931c6ab94f69283,qwen3.5:4b,Mbpp/742,11,Ab2g_H1,efd083f31619a12433fbc40c2f14ef921ea022e6c243142fe5f86f632594ec1f,semantic_algorithm_boundary_or_no_unique_local_mechanism,"AST parses; required_entry_point_present=True; no_unique_missing_import=true; no_safe_demo_print=true; taxonomy=UNRESOLVED:[""base_and_plus_failure_unlocalized"", ""diagnostic_execution_not_run""]",none,not_eligible,no unique local semantics-preserving repair is evidenced,"likely algorithmic, boundary, data-flow, or otherwise unlocalized",none,db916f6ac4f5d578fa0763e20e6bcfed2807ebe0f9cd2c6280c67f4a7fc2ed53,artifacts/public_benchmark_development/mbpp_qwen35_4b_failure_supply_pilot/runs/mbpp_q35_4b_dev20_failure_supply_pilot_r001/j/6eeba658ca41e9cd69564e65bcadb949e3b90f731aa08a46a823f76775d19cee.json,UNRESOLVED,"[""base_and_plus_failure_unlocalized"", ""diagnostic_execution_not_run""]",false,false
591cf0c509a24a734a36bc7333edf0a79b588cbc9c627bf6fba3569cf5dfbba1,qwen3.5:4b,Mbpp/742,22,Ab2g_H1,40238f2b882f8e869fa7b4128b0ad05b330cf44f3a34e265fb5ce58d13f156a5,semantic_algorithm_boundary_or_no_unique_local_mechanism,"AST parses; required_entry_point_present=True; no_unique_missing_import=true; no_safe_demo_print=true; taxonomy=UNRESOLVED:[""base_and_plus_failure_unlocalized"", ""diagnostic_execution_not_run""]",none,not_eligible,no unique local semantics-preserving repair is evidenced,"likely algorithmic, boundary, data-flow, or otherwise unlocalized",none,d3e28f8fb5e95e3d11b721165da4c8a9600be7beb91869e81218ac6df40e53be,artifacts/public_benchmark_development/mbpp_qwen35_4b_failure_supply_pilot/runs/mbpp_q35_4b_dev20_failure_supply_pilot_r001/j/f27b620b552dbc852b19aa88094339da33646950e6da09f7fc559ab8f7802356.json,UNRESOLVED,"[""base_and_plus_failure_unlocalized"", ""diagnostic_execution_not_run""]",false,false
2cf9a25a7874eff25361435e4dbf72ad89606f247704840968aad077cef15d1d,qwen3.5:4b,Mbpp/742,33,Ab2g_H1,5e4acfd939a50610013fcf3a2ae304b749f8ae119091d469734b16abb96a6796,semantic_algorithm_boundary_or_no_unique_local_mechanism,"AST parses; required_entry_point_present=True; no_unique_missing_import=true; no_safe_demo_print=true; taxonomy=UNRESOLVED:[""base_and_plus_failure_unlocalized"", ""diagnostic_execution_not_run""]",none,not_eligible,no unique local semantics-preserving repair is evidenced,"likely algorithmic, boundary, data-flow, or otherwise unlocalized",none,886ed363b9f868cbd4811b52c2c583484a0838bec0880bd2113db1aa3a7cdec6,artifacts/public_benchmark_development/mbpp_qwen35_4b_failure_supply_pilot/runs/mbpp_q35_4b_dev20_failure_supply_pilot_r001/j/19e8fb1f241e828006358683ec60e02a3106a0b1dfb560292b93596472e09699.json,UNRESOLVED,"[""base_and_plus_failure_unlocalized"", ""diagnostic_execution_not_run""]",false,false
9be6384faf32387addaa646bd53063b9d6c69b8648b1ffb4a0ba1472adb08c05,qwen3.5:4b,Mbpp/742,44,Ab2g_H1,d0aea71128ab2b59e751fce0bdf0db6dbb910db636a76c619639b5ca0afaa10f,semantic_algorithm_boundary_or_no_unique_local_mechanism,"AST parses; required_entry_point_present=True; no_unique_missing_import=true; no_safe_demo_print=true; taxonomy=UNRESOLVED:[""base_and_plus_failure_unlocalized"", ""diagnostic_execution_not_run""]",none,not_eligible,no unique local semantics-preserving repair is evidenced,"likely algorithmic, boundary, data-flow, or otherwise unlocalized",none,a4042b70b9fa2e8ac2a02a4b39e9e036eeb9864523f641a6c853957a27b8281b,artifacts/public_benchmark_development/mbpp_qwen35_4b_failure_supply_pilot/runs/mbpp_q35_4b_dev20_failure_supply_pilot_r001/j/0b6403a3cdc3ff06cf4cac7a89f9fbc2838eb8e4c8a518b1041d033f8d585f4b.json,UNRESOLVED,"[""base_and_plus_failure_unlocalized"", ""diagnostic_execution_not_run""]",false,false
a4f291189c64f7968b301e98669e85ff70f9c8268c3a3bdf88931ed2be099c04,qwen3.5:4b,Mbpp/742,55,Ab2g_H1,ab5005ba7c06a87c59e2f7ec098f3a89b3a89ba7bcf2776f4ba856e8caf193da,semantic_algorithm_boundary_or_no_unique_local_mechanism,"AST parses; required_entry_point_present=True; no_unique_missing_import=true; no_safe_demo_print=true; taxonomy=UNRESOLVED:[""base_and_plus_failure_unlocalized"", ""diagnostic_execution_not_run""]",none,not_eligible,no unique local semantics-preserving repair is evidenced,"likely algorithmic, boundary, data-flow, or otherwise unlocalized",none,d90b5868dca0c93aadf08511d22e281c54962d74414f460977d6d63c59ebc0dd,artifacts/public_benchmark_development/mbpp_qwen35_4b_failure_supply_pilot/runs/mbpp_q35_4b_dev20_failure_supply_pilot_r001/j/c5cd5ee2deaf456f638a45cd0e00fead55049ea708576958e3e1c3fb22e546b4.json,UNRESOLVED,"[""base_and_plus_failure_unlocalized"", ""diagnostic_execution_not_run""]",false,false
7ad3d56851f950cdf203602421d82ed75501e397b12103210aef6796ee030668,qwen3.5:4b,Mbpp/279,11,Ab2g_H1,3744472fa3c75895e5307ecc72a2726ed2063cd163d5dcb96552c3d9dbd07411,module_assert,one or more top-level Assert nodes; residual mechanism absent,module_assert_entrypoint_selftest_quarantine_v0,excluded_existing_H2,mechanism is already the exact fixed H2 development candidate,governed by H2; no new rule inferred,none,e62496ca7954b92e2b0883754de8d5c807b3ee4845d4c141fe1abcceb9f4bedc,artifacts/public_benchmark_development/mbpp_qwen35_4b_failure_supply_pilot/runs/mbpp_q35_4b_dev20_failure_supply_pilot_r001/j/5bbef116919b9cf891e6b4eea93fd0105fe521178354946a5e9e8fca0af0c749.json,UNRESOLVED,"[""base_and_plus_failure_unlocalized"", ""diagnostic_execution_not_run""]",false,true
11aaef19dc7052d3cf5ff00f9a26cd61b4377b2f1578b4da7e043e288b7356e1,qwen3.5:4b,Mbpp/279,22,Ab2g_H1,47f8789dd4c13241adb6e886d84510d0a03bfcf686bb95a7fe711e4394f4895a,module_assert,one or more top-level Assert nodes; residual mechanism absent,module_assert_entrypoint_selftest_quarantine_v0,excluded_existing_H2,mechanism is already the exact fixed H2 development candidate,governed by H2; no new rule inferred,none,57cc01358fbccdedad30baece6f240e33d8ca68c3b12cb3d4f134e83f4d0b48e,artifacts/public_benchmark_development/mbpp_qwen35_4b_failure_supply_pilot/runs/mbpp_q35_4b_dev20_failure_supply_pilot_r001/j/968787f816b5dd8ba36f8b8505105cacb879a452049fbfbb4cbfc8ce9562a9cc.json,UNRESOLVED,"[""base_and_plus_failure_unlocalized"", ""diagnostic_execution_not_run""]",false,true
5eb6d3bc756611fff3e5d37bf326bd57f5bfb019ae3b598bc336c75ce7b5e5a3,qwen3.5:4b,Mbpp/279,33,Ab2g_H1,cfb0d6ffac81bc260404b3eff42c639365eb0e225e756fa3e2c5e226c559d918,semantic_algorithm_boundary_or_no_unique_local_mechanism,"AST parses; required_entry_point_present=True; no_unique_missing_import=true; no_safe_demo_print=true; taxonomy=UNRESOLVED:[""base_and_plus_failure_unlocalized"", ""diagnostic_execution_not_run""]",none,not_eligible,no unique local semantics-preserving repair is evidenced,"likely algorithmic, boundary, data-flow, or otherwise unlocalized",none,6a5bc375d0dc580538f7e132b498be0fc3d6433b55e978ae51f384f0bd0ec093,artifacts/public_benchmark_development/mbpp_qwen35_4b_failure_supply_pilot/runs/mbpp_q35_4b_dev20_failure_supply_pilot_r001/j/4b0d40da7d38f919907d0c1eea40cba404165c7c0033e94a58b6ab8095b400a1.json,UNRESOLVED,"[""base_and_plus_failure_unlocalized"", ""diagnostic_execution_not_run""]",false,false
5870c661401945210db4d474f12179483b925b64dc60973c9afb229bf92dc502,qwen3.5:4b,Mbpp/279,44,Ab2g_H1,747e66387813dc2d70f6d00462f90adbcdc560920dacd2273ce99124104d5492,module_assert,one or more top-level Assert nodes; residual mechanism absent,module_assert_entrypoint_selftest_quarantine_v0,excluded_existing_H2,mechanism is already the exact fixed H2 development candidate,governed by H2; no new rule inferred,none,57cc01358fbccdedad30baece6f240e33d8ca68c3b12cb3d4f134e83f4d0b48e,artifacts/public_benchmark_development/mbpp_qwen35_4b_failure_supply_pilot/runs/mbpp_q35_4b_dev20_failure_supply_pilot_r001/j/36b5eb074ee176fb502e0727ba59e0c76ef706bedffc84ee1304ad16102693ab.json,UNRESOLVED,"[""base_and_plus_failure_unlocalized"", ""diagnostic_execution_not_run""]",false,true
755e43366c7c6f8f57a95d6d9d5f5e6c90d592a0c888cfc53d6c1fbdee663e67,qwen3.5:4b,Mbpp/279,55,Ab2g_H1,fd2f17d10557e01886d2422969b0802663095e5e76bbc5e7039604c1b0bcbf2d,semantic_algorithm_boundary_or_no_unique_local_mechanism,"AST parses; required_entry_point_present=True; no_unique_missing_import=true; no_safe_demo_print=true; taxonomy=UNRESOLVED:[""base_and_plus_failure_unlocalized"", ""diagnostic_execution_not_run""]",none,not_eligible,no unique local semantics-preserving repair is evidenced,"likely algorithmic, boundary, data-flow, or otherwise unlocalized",none,1540e3bdf31ede000307d8c5cf9a795c8d787ed7446ea85f75b7dd02f7d806df,artifacts/public_benchmark_development/mbpp_qwen35_4b_failure_supply_pilot/runs/mbpp_q35_4b_dev20_failure_supply_pilot_r001/j/962cddd1729f91cfd2e52ae8e13b96c0faff5f88576d26dfd510472d5d892c0f.json,UNRESOLVED,"[""base_and_plus_failure_unlocalized"", ""diagnostic_execution_not_run""]",false,false
f34afd35fb63e1c066cbc123b88ca739576bd2b1303870f1a1d478f721a5279d,qwen3.5:4b,Mbpp/125,11,Ab1_H0,b89b6dc8a6ba1c2e7d824da95631eabf34a29e4d4c28a7d53c3947a831c40aad,packaging_markdown_extractor,"formal extraction_status=ambiguous; markdown=True; prose=False; taxonomy=L0:[""extraction_ambiguous"", ""fail_closed_no_candidate_selection""]",Scaffold_or_Pipeline_correction,scaffold_or_pipeline_correction,not a Healer responsibility,candidate selection or text stripping can choose the wrong program,none,82ad10fa201f4b2ab147d95e3531202483ee039b33ff5b3c22b8bec15b809224,artifacts/public_benchmark_development/mbpp_qwen35_4b_failure_supply_pilot/runs/mbpp_q35_4b_dev20_failure_supply_pilot_r001/j/24e134f8ade9b0fe18e242a0f14b79800e1e762609c1a05876727f1ea26dd68a.json,L0,"[""extraction_ambiguous"", ""fail_closed_no_candidate_selection""]",false,false
0d1d1f6ffecb99d37312c2db5ac54ce91f2e129772c802677e929916a227ad94,qwen3.5:4b,Mbpp/125,11,Ab2g_H1,aa09d448a361f42a822485c2d4570652dbdeb466a3d767ab387429b6f591fb44,semantic_algorithm_boundary_or_no_unique_local_mechanism,"AST parses; required_entry_point_present=True; no_unique_missing_import=true; no_safe_demo_print=true; taxonomy=UNRESOLVED:[""base_and_plus_failure_unlocalized"", ""diagnostic_execution_not_run""]",none,not_eligible,no unique local semantics-preserving repair is evidenced,"likely algorithmic, boundary, data-flow, or otherwise unlocalized",none,0e5832bafbdecec0a502a1bd46073a2b69a9abff0751651c53623456182ed710,artifacts/public_benchmark_development/mbpp_qwen35_4b_failure_supply_pilot/runs/mbpp_q35_4b_dev20_failure_supply_pilot_r001/j/b8b050a32fd20cbe867238874b6156da6c2664fabadb65822ee29ef5a452f25d.json,UNRESOLVED,"[""base_and_plus_failure_unlocalized"", ""diagnostic_execution_not_run""]",false,false
5d542770537e147d1be31889480c010c1ecb570ab96d84d226b54167ef547413,qwen3.5:4b,Mbpp/125,22,Ab1_H0,17c070390b509f9b36dbab49708a89da0ba933ab8118e4248f9c56ce2a16737d,packaging_markdown_extractor,"formal extraction_status=ambiguous; markdown=True; prose=False; taxonomy=L0:[""extraction_ambiguous"", ""fail_closed_no_candidate_selection""]",Scaffold_or_Pipeline_correction,scaffold_or_pipeline_correction,not a Healer responsibility,candidate selection or text stripping can choose the wrong program,none,27560dc1a73f3cef4639c006b87c416db7348f5ce3bb51933f9c0112615d8e9d,artifacts/public_benchmark_development/mbpp_qwen35_4b_failure_supply_pilot/runs/mbpp_q35_4b_dev20_failure_supply_pilot_r001/j/6be1b5a29b0ed9bd4f2e3c97ea3deaaabd8326b32d8d29c0a5cd7fd0891cd673.json,L0,"[""extraction_ambiguous"", ""fail_closed_no_candidate_selection""]",false,false
1fbb0fcfd880774b56d5cf31373fa1968828a6a5bec4e7bb0aacda41642e988a,qwen3.5:4b,Mbpp/125,33,Ab2g_H1,7c1ac3d2eb6e7bffd0d2b8e54077e0e852dbd39218c31a4cf7293af36ee5f126,packaging_markdown_extractor,"formal extraction_status=extracted; markdown=True; prose=False; taxonomy=UNRESOLVED:[""base_and_plus_failure_unlocalized"", ""diagnostic_execution_not_run""]",Scaffold_or_Pipeline_correction,scaffold_or_pipeline_correction,not a Healer responsibility,candidate selection or text stripping can choose the wrong program,none,342c6d5e6bd78bdb39b1c2b4344b9981bc1047307e9d81cdabf0c451dc664b28,artifacts/public_benchmark_development/mbpp_qwen35_4b_failure_supply_pilot/runs/mbpp_q35_4b_dev20_failure_supply_pilot_r001/j/f5e15761dc8d008737143046dce911025c93cb78d1955685f43bc7f02e4b315b.json,UNRESOLVED,"[""base_and_plus_failure_unlocalized"", ""diagnostic_execution_not_run""]",false,false
03f25b7a54187b05281994c6b28caaa80de1490881d20bf5032292557a35c15b,qwen3.5:4b,Mbpp/125,44,Ab1_H0,2cf7d634c2df8466aa32a286d836d0aa9e194bf9450b86218e0509ef39a001de,truncation,done_reason=length; SyntaxError=unterminated string literal (detected at line 5); line=5,none,not_eligible,incomplete generation has no unique local repair,missing suffix may contain arbitrary algorithmic logic,none,cb03d66a45f6c81da5efcf61ef320bf202e2177c1d70b37c11314ba476a94015,artifacts/public_benchmark_development/mbpp_qwen35_4b_failure_supply_pilot/runs/mbpp_q35_4b_dev20_failure_supply_pilot_r001/j/47c594c80ad8119493092eead3dac0ee3e43fd746747499106644133761166eb.json,L1,"[""syntax_or_format_failure""]",false,false
f5070a2dd755ec56bfb8c2ca999a014b45f2f8bf9ae00ba7a15ba38886ffecb0,qwen3.5:4b,Mbpp/125,44,Ab2g_H1,549e98f6b565ececad9f9c72744206b5ad336a3a57338f652b8f5781e2d98cc1,module_assert,one or more top-level Assert nodes; residual mechanism absent,module_assert_entrypoint_selftest_quarantine_v0,excluded_existing_H2,mechanism is already the exact fixed H2 development candidate,governed by H2; no new rule inferred,none,bb781f7203a802eec20d2ee78bf9eeff91daba935e6b1e50dc25a46fbb16c01d,artifacts/public_benchmark_development/mbpp_qwen35_4b_failure_supply_pilot/runs/mbpp_q35_4b_dev20_failure_supply_pilot_r001/j/3a25eb29a37d4db84c230cbed0e6a6ee42e1209bab43b1dd211348e139dcd63d.json,UNRESOLVED,"[""base_and_plus_failure_unlocalized"", ""diagnostic_execution_not_run""]",false,true
09038d67d78ffd148466549b48906186aa0e2acb1cf1709e95e90b09c77740b5,qwen3.5:4b,Mbpp/125,55,Ab1_H0,03913725af01f79a939b55ab3394dedad801de93b0c87c5950753e0b401ee741,packaging_markdown_extractor,"formal extraction_status=extracted; markdown=True; prose=False; taxonomy=L1:[""syntax_or_format_failure""]",Scaffold_or_Pipeline_correction,scaffold_or_pipeline_correction,not a Healer responsibility,candidate selection or text stripping can choose the wrong program,none,a1d82cd0b1f677d913caf8249dcf3add6776cd8ccfab4a1b93e8b38973a00da1,artifacts/public_benchmark_development/mbpp_qwen35_4b_failure_supply_pilot/runs/mbpp_q35_4b_dev20_failure_supply_pilot_r001/j/35e9c33229bbf9396254806ed962d77e2a1918e6de9d0535901363efb5651ab8.json,L1,"[""syntax_or_format_failure""]",false,false
7c7fa427ca110520f87c6fe88abe8ef58e3a6579f471e5da205b2e2442a9be04,qwen3.5:4b,Mbpp/603,11,Ab1_H0,c79c7088fcab670a687f4907cb0a2a102b7a8b8a2343b49d7d94f955d61017f7,packaging_markdown_extractor,"formal extraction_status=extracted; markdown=True; prose=True; taxonomy=L1:[""syntax_or_format_failure""]",Scaffold_or_Pipeline_correction,scaffold_or_pipeline_correction,not a Healer responsibility,candidate selection or text stripping can choose the wrong program,none,35a8b5affe5253107731f4eb33123466629aa0c127cdba5b575d467211d63f0b,artifacts/public_benchmark_development/mbpp_qwen35_4b_failure_supply_pilot/runs/mbpp_q35_4b_dev20_failure_supply_pilot_r001/j/9e51d9c507e57f0cfc8aa992b66598ec2d2ad618c3ef3260ade0e333b71e146a.json,L1,"[""syntax_or_format_failure""]",false,false
64b55f764e241e69524b31ae88bd1ace931eac2aaffee89170077374dc2fec6e,qwen3.5:4b,Mbpp/603,11,Ab2g_H1,adfc430d154ffab1162c4749351d3dc0617e75725956cb5720294f1c9b37fbd5,semantic_algorithm_boundary_or_no_unique_local_mechanism,"AST parses; required_entry_point_present=True; no_unique_missing_import=true; no_safe_demo_print=true; taxonomy=UNRESOLVED:[""base_and_plus_failure_unlocalized"", ""diagnostic_execution_not_run""]",none,not_eligible,no unique local semantics-preserving repair is evidenced,"likely algorithmic, boundary, data-flow, or otherwise unlocalized",none,c729b671b0388274e084bf761b37b425774bade0d6969c9b78df8fb8b602d922,artifacts/public_benchmark_development/mbpp_qwen35_4b_failure_supply_pilot/runs/mbpp_q35_4b_dev20_failure_supply_pilot_r001/j/ac8dd29936ac392677671acd9db0e95def5dc60cb0c7169a9229ebac38186748.json,UNRESOLVED,"[""base_and_plus_failure_unlocalized"", ""diagnostic_execution_not_run""]",false,false
393d75762067492c8baa3c9ac2194d168b7ccb84eac98d286ef814bb9830be3b,qwen3.5:4b,Mbpp/603,22,Ab1_H0,608ebaafeff534e6b01979c823b000ad5ef98b2b321b799192a019930cc23c7d,packaging_markdown_extractor,"formal extraction_status=extracted; markdown=True; prose=True; taxonomy=L1:[""syntax_or_format_failure""]",Scaffold_or_Pipeline_correction,scaffold_or_pipeline_correction,not a Healer responsibility,candidate selection or text stripping can choose the wrong program,none,b9602b753c6db9c1e14fbb4d2b78f7534e38d853a370b1fed49fc57418fc4753,artifacts/public_benchmark_development/mbpp_qwen35_4b_failure_supply_pilot/runs/mbpp_q35_4b_dev20_failure_supply_pilot_r001/j/3701beb393be986e4a14a3d521ec24a879cd19b60d41b4176a9c36b98b51140b.json,L1,"[""syntax_or_format_failure""]",false,false
2f77dd36539cc67c3b988a9a9ff91bcdfe02b8c7e01206a7a52bf75599e81c72,qwen3.5:4b,Mbpp/603,22,Ab2g_H1,ee81aaff81892694e3d39f39a599a4d236ec99ee9e4d131babf00fc348496c1f,semantic_algorithm_boundary_or_no_unique_local_mechanism,"AST parses; required_entry_point_present=True; no_unique_missing_import=true; no_safe_demo_print=true; taxonomy=UNRESOLVED:[""base_and_plus_failure_unlocalized"", ""diagnostic_execution_not_run""]",none,not_eligible,no unique local semantics-preserving repair is evidenced,"likely algorithmic, boundary, data-flow, or otherwise unlocalized",none,5a5eaa958a60270d31d5731f3232278e69791bdf50defa44000774df5d9005e3,artifacts/public_benchmark_development/mbpp_qwen35_4b_failure_supply_pilot/runs/mbpp_q35_4b_dev20_failure_supply_pilot_r001/j/2ed4e127cdd25b5681ea6fb15e3d2e0c5a0c16feda3b21e04eb78fa4e7abee29.json,UNRESOLVED,"[""base_and_plus_failure_unlocalized"", ""diagnostic_execution_not_run""]",false,false
df4767f44945a765bb2a03ec10e34b13c7f7d15ea2745f658ba628f397decb45,qwen3.5:4b,Mbpp/603,33,Ab1_H0,d730d85aa7a446f83513464fd41eb62701572928ec303fa726f8084e97da10a5,packaging_markdown_extractor,"formal extraction_status=extracted; markdown=True; prose=True; taxonomy=L1:[""syntax_or_format_failure""]",Scaffold_or_Pipeline_correction,scaffold_or_pipeline_correction,not a Healer responsibility,candidate selection or text stripping can choose the wrong program,none,4ea5d8b26e2bbe13d5615edeadece198dd5e61db5e455cd1de3a06b171594b1a,artifacts/public_benchmark_development/mbpp_qwen35_4b_failure_supply_pilot/runs/mbpp_q35_4b_dev20_failure_supply_pilot_r001/j/e3ea5fdeb0af2ca8e420e5eadccd6994dfa1c727cc6098e3b28eeb91bad63b10.json,L1,"[""syntax_or_format_failure""]",false,false
c045304e8b2ae08d9d1c8be4b775b0397fbd6d3e14796de6e1811a98a7b2a35e,qwen3.5:4b,Mbpp/603,33,Ab2g_H1,a6e1be1fbd24492726022274aa780254e75d517da0c989381c3bb825d0988e18,semantic_algorithm_boundary_or_no_unique_local_mechanism,"AST parses; required_entry_point_present=True; no_unique_missing_import=true; no_safe_demo_print=true; taxonomy=UNRESOLVED:[""base_and_plus_failure_unlocalized"", ""diagnostic_execution_not_run""]",none,not_eligible,no unique local semantics-preserving repair is evidenced,"likely algorithmic, boundary, data-flow, or otherwise unlocalized",none,9ca389d4b34ca208f2e61ff67aef1d6bef4b5b75e223cdb7ce1be5f4eecb2176,artifacts/public_benchmark_development/mbpp_qwen35_4b_failure_supply_pilot/runs/mbpp_q35_4b_dev20_failure_supply_pilot_r001/j/c2eaed2a94e8d7bfc6b32f2f721d4c7bcf639004261ddcccc2dbe32d4c4ba7f9.json,UNRESOLVED,"[""base_and_plus_failure_unlocalized"", ""diagnostic_execution_not_run""]",false,false
a0ecaf7be15ddc0899b75e49d6eff32f3088d6f29f3441f52f153e404eeffa1c,qwen3.5:4b,Mbpp/603,44,Ab1_H0,319ff240f39a5af3840a24eddaae4a4238d5c9fb98ebb45b73857b2231207f94,packaging_markdown_extractor,"formal extraction_status=extracted; markdown=True; prose=True; taxonomy=L1:[""syntax_or_format_failure""]",Scaffold_or_Pipeline_correction,scaffold_or_pipeline_correction,not a Healer responsibility,candidate selection or text stripping can choose the wrong program,none,a2753ec42ce017ddddc59818f19d6b06803b8e8f8255153b139b90686a5195ee,artifacts/public_benchmark_development/mbpp_qwen35_4b_failure_supply_pilot/runs/mbpp_q35_4b_dev20_failure_supply_pilot_r001/j/dd4b2f598b0a10e2d44b973fd2bb6e8724fa5c2fddc236d31bc4e592c6859268.json,L1,"[""syntax_or_format_failure""]",false,false
a687347dd5ea191ab48fa4faa25f69eb0414e66aac11093bb6407147306fb39e,qwen3.5:4b,Mbpp/603,44,Ab2g_H1,901ec89f77c9f340789076db29308466e676826ba7a1b524bd4694283e07eebc,truncation,done_reason=length; SyntaxError=invalid syntax; line=284,none,not_eligible,incomplete generation has no unique local repair,missing suffix may contain arbitrary algorithmic logic,none,716efa90d07c276de7411af9e7745c3b599a7c0a8cb4a3536509037dbabdb0e0,artifacts/public_benchmark_development/mbpp_qwen35_4b_failure_supply_pilot/runs/mbpp_q35_4b_dev20_failure_supply_pilot_r001/j/d76b36e1e758291547d4ed4faa495297be65c35782a3b664ca7be01c7fbc7698.json,L1,"[""syntax_or_format_failure""]",false,false
58481dcddc25a5ec952a10488bc2af44c8bbd279c9e4691809991aa21a8b2b28,qwen3.5:4b,Mbpp/603,55,Ab1_H0,3cb4fe7d6a9df503c845581f5a44bc19d256854474c03141bc5304f670af4367,packaging_markdown_extractor,"formal extraction_status=extracted; markdown=False; prose=True; taxonomy=L1:[""syntax_or_format_failure""]",Scaffold_or_Pipeline_correction,scaffold_or_pipeline_correction,not a Healer responsibility,candidate selection or text stripping can choose the wrong program,none,45da17516b4d0ebe09b2bae6a6c07d0f13ef75de26c2cef1c4e3c876bdf8f6b8,artifacts/public_benchmark_development/mbpp_qwen35_4b_failure_supply_pilot/runs/mbpp_q35_4b_dev20_failure_supply_pilot_r001/j/780b64f34efd057ed52bb287c7651454ac021336d4f14dde967f095792518135.json,L1,"[""syntax_or_format_failure""]",false,false
6f1868c6201f5c6ede7f4200cc60545eb82f71941cdf158dc22c1e4eb1397dfe,qwen3.5:4b,Mbpp/603,55,Ab2g_H1,277e1c6f32c50588d325ed7234718d23f34b39af5c5c618d0d8fb4feae391af0,semantic_algorithm_boundary_or_no_unique_local_mechanism,"AST parses; required_entry_point_present=True; no_unique_missing_import=true; no_safe_demo_print=true; taxonomy=L2:[""duplicate_required_entry_point"", ""output_contract_failure""]",none,not_eligible,no unique local semantics-preserving repair is evidenced,"likely algorithmic, boundary, data-flow, or otherwise unlocalized",none,3ef86e731800ebe4771b45a171d756f003542c2db755a774f2a97b94b2cb0c6f,artifacts/public_benchmark_development/mbpp_qwen35_4b_failure_supply_pilot/runs/mbpp_q35_4b_dev20_failure_supply_pilot_r001/j/059d4d7fdd1159d76a6c3f235246360ae0d6c48dd779dc83817daa50b2f3a148.json,L2,"[""duplicate_required_entry_point"", ""output_contract_failure""]",false,false
000357b8ea9e8c7519556e3a8c85625c29516c022be9ed61c9a8fdd3d229c169,qwen3.5:9b,Mbpp/742,33,Candidate_B_H0,000357b8ea9e8c7519556e3a8c85625c29516c022be9ed61c9a8fdd3d229c169,module_assert,one or more top-level Assert nodes; residual mechanism absent,module_assert_entrypoint_selftest_quarantine_v0,excluded_existing_H2,mechanism is already the exact fixed H2 development candidate,governed by H2; no new rule inferred,none,4fede0a287e44bb06a7a3ff79c9ac643959414e3c14a812a5cf23b8ab72152fc,artifacts/public_benchmark_development/mbpp_candidate_b_development60/runs/mbpp_q35_9b_candidate_b_development60_replay_r003/raw_generations.jsonl,UNRESOLVED,"[""needs_human_review""]",false,true
00227845900dfa7dd96b61bef5d30b83f583ff6576a9846c8b20c41fbbf5ffc0,qwen3.5:9b,Mbpp/576,55,Candidate_B_H0,00227845900dfa7dd96b61bef5d30b83f583ff6576a9846c8b20c41fbbf5ffc0,semantic_algorithm_boundary_or_no_unique_local_mechanism,"AST parses; required_entry_point_present=True; no_unique_missing_import=true; no_safe_demo_print=true; taxonomy=UNRESOLVED:[""needs_human_review""]",none,not_eligible,no unique local semantics-preserving repair is evidenced,"likely algorithmic, boundary, data-flow, or otherwise unlocalized",none,bde4ba2e207bf521bcdc12231fabb9fdddbf28da3ed14bc182bb9cbafe04bef7,artifacts/public_benchmark_development/mbpp_candidate_b_development60/runs/mbpp_q35_9b_candidate_b_development60_replay_r003/raw_generations.jsonl,UNRESOLVED,"[""needs_human_review""]",false,false
01b6bac38cef8f198113a5cd475e8be41beccd60d7c559172443b76df714e34c,qwen3.5:9b,Mbpp/138,33,Candidate_B_H0,01b6bac38cef8f198113a5cd475e8be41beccd60d7c559172443b76df714e34c,top_level_demo_print_side_effect,required_entry_point=is_Sum_Of_Powers_Of_Two; adjacent_literal_only_prints=['print(is_Sum_Of_Powers_Of_Two(10))']; other_top_level_calls=0; module_assert_excluded_as_H2=True,top_level_literal_only_demo_print_quarantine_v0,eligible_candidate,,"low under adjacency, required-entry-point-present, literal-only, unused-result, and no-other-top-level-call guards",3,5ac277bdc6b75e21aa18043943c5f72d3c2ebdb67c21a4b75b6f5a1d405433fc,artifacts/public_benchmark_development/mbpp_candidate_b_development60/runs/mbpp_q35_9b_candidate_b_development60_replay_r003/raw_generations.jsonl,UNRESOLVED,"[""needs_human_review""]",false,true
0289530320e18702b3707c97e303a554dad0bdbb69b4aa25e0a3382ec2da0e89,qwen3.5:9b,Mbpp/279,44,Candidate_B_H0,0289530320e18702b3707c97e303a554dad0bdbb69b4aa25e0a3382ec2da0e89,semantic_algorithm_boundary_or_no_unique_local_mechanism,"AST parses; required_entry_point_present=True; no_unique_missing_import=true; no_safe_demo_print=true; taxonomy=UNRESOLVED:[""needs_human_review""]",none,not_eligible,no unique local semantics-preserving repair is evidenced,"likely algorithmic, boundary, data-flow, or otherwise unlocalized",none,7f234af80d27dcd88170f9361953d4bcee45c38a131a0d2b18b4a91d3b481955,artifacts/public_benchmark_development/mbpp_candidate_b_development60/runs/mbpp_q35_9b_candidate_b_development60_replay_r003/raw_generations.jsonl,UNRESOLVED,"[""needs_human_review""]",false,false
0340cfda2189318c12c82e9ada35a30fca39776379bce0ae6142e41ea8802141,qwen3.5:9b,Mbpp/124,33,Candidate_B_H0,0340cfda2189318c12c82e9ada35a30fca39776379bce0ae6142e41ea8802141,semantic_algorithm_boundary_or_no_unique_local_mechanism,"AST parses; required_entry_point_present=True; no_unique_missing_import=true; no_safe_demo_print=true; taxonomy=UNRESOLVED:[""needs_human_review""]",none,not_eligible,no unique local semantics-preserving repair is evidenced,"likely algorithmic, boundary, data-flow, or otherwise unlocalized",none,9b56e46c4de759dcbc5e2d6c998aac5fd8476fb5efa0bbfa4808fc61e5c24f05,artifacts/public_benchmark_development/mbpp_candidate_b_development60/runs/mbpp_q35_9b_candidate_b_development60_replay_r003/raw_generations.jsonl,UNRESOLVED,"[""needs_human_review""]",false,false
0460f62eee335e54ae79d20dba3f1c72d36982ade60d364ec6b3f5aa8c80feed,qwen3.5:9b,Mbpp/739,22,Candidate_B_H0,0460f62eee335e54ae79d20dba3f1c72d36982ade60d364ec6b3f5aa8c80feed,module_assert,one or more top-level Assert nodes; residual mechanism absent,module_assert_entrypoint_selftest_quarantine_v0,excluded_existing_H2,mechanism is already the exact fixed H2 development candidate,governed by H2; no new rule inferred,none,3ac5dea5d962739b77659788cf92f5740fe893ccded276aa2fa4d5194faa6028,artifacts/public_benchmark_development/mbpp_candidate_b_development60/runs/mbpp_q35_9b_candidate_b_development60_replay_r003/raw_generations.jsonl,UNRESOLVED,"[""needs_human_review""]",false,true
0490b9359595e547cd1f19b993b279e4771e6b010b486895ef005aa327ec6ba5,qwen3.5:9b,Mbpp/440,33,Candidate_B_H0,0490b9359595e547cd1f19b993b279e4771e6b010b486895ef005aa327ec6ba5,module_assert,one or more top-level Assert nodes; residual mechanism absent,module_assert_entrypoint_selftest_quarantine_v0,excluded_existing_H2,mechanism is already the exact fixed H2 development candidate,governed by H2; no new rule inferred,none,7b858336dd34fc3f518696fbb9ebda4548ae1080a0a66589c0b3ee5edbe57c30,artifacts/public_benchmark_development/mbpp_candidate_b_development60/runs/mbpp_q35_9b_candidate_b_development60_replay_r003/raw_generations.jsonl,UNRESOLVED,"[""needs_human_review""]",false,true
0575f9422adac73031c6aa632aa3843f8adf64069665039333e799ae196a2906,qwen3.5:9b,Mbpp/615,44,Candidate_B_H0,0575f9422adac73031c6aa632aa3843f8adf64069665039333e799ae196a2906,semantic_algorithm_boundary_or_no_unique_local_mechanism,"AST parses; required_entry_point_present=True; no_unique_missing_import=true; no_safe_demo_print=true; taxonomy=UNRESOLVED:[""needs_human_review""]",none,not_eligible,no unique local semantics-preserving repair is evidenced,"likely algorithmic, boundary, data-flow, or otherwise unlocalized",none,ca412e8dce1022bee8cf8262556c7529fffb87d158ac85ffae23af3695d911d1,artifacts/public_benchmark_development/mbpp_candidate_b_development60/runs/mbpp_q35_9b_candidate_b_development60_replay_r003/raw_generations.jsonl,UNRESOLVED,"[""needs_human_review""]",false,false
05ccef787de036d4018238f9d3dda4a29f742eac953d9a79af62fa5d30bd5ae1,qwen3.5:9b,Mbpp/14,11,Candidate_B_H0,05ccef787de036d4018238f9d3dda4a29f742eac953d9a79af62fa5d30bd5ae1,semantic_algorithm_boundary_or_no_unique_local_mechanism,"AST parses; required_entry_point_present=True; no_unique_missing_import=true; no_safe_demo_print=true; taxonomy=L2:[""output_packaging"",""needs_human_review""]",none,not_eligible,no unique local semantics-preserving repair is evidenced,"likely algorithmic, boundary, data-flow, or otherwise unlocalized",none,d11d86d9c15adb31a6df3eb1e2d785590878f500c723e1178dbe84cc4a91f4f4,artifacts/public_benchmark_development/mbpp_candidate_b_development60/runs/mbpp_q35_9b_candidate_b_development60_replay_r003/raw_generations.jsonl,L2,"[""output_packaging"",""needs_human_review""]",false,false
0833737e006fd2c6b58fc71e5f03d64bd4b088689b09734f808c776659507990,qwen3.5:9b,Mbpp/138,22,Candidate_B_H0,0833737e006fd2c6b58fc71e5f03d64bd4b088689b09734f808c776659507990,module_assert,one or more top-level Assert nodes; residual mechanism absent,module_assert_entrypoint_selftest_quarantine_v0,excluded_existing_H2,mechanism is already the exact fixed H2 development candidate,governed by H2; no new rule inferred,none,ee72830ddb15201a06ca1ec50d7c657eb85f021f0e84770e19c253119a388905,artifacts/public_benchmark_development/mbpp_candidate_b_development60/runs/mbpp_q35_9b_candidate_b_development60_replay_r003/raw_generations.jsonl,UNRESOLVED,"[""needs_human_review""]",false,true
0c4c8a0096c96cacc5adea93589cc74bc53fcb5d9dad02c7a7e9a9c51d830483,qwen3.5:9b,Mbpp/735,33,Candidate_B_H0,0c4c8a0096c96cacc5adea93589cc74bc53fcb5d9dad02c7a7e9a9c51d830483,module_assert,one or more top-level Assert nodes; residual mechanism absent,module_assert_entrypoint_selftest_quarantine_v0,excluded_existing_H2,mechanism is already the exact fixed H2 development candidate,governed by H2; no new rule inferred,none,c835b4729ae864ade8bf2b2271b5675e1e1ddf8bff639d4c5a6816aefa56f460,artifacts/public_benchmark_development/mbpp_candidate_b_development60/runs/mbpp_q35_9b_candidate_b_development60_replay_r003/raw_generations.jsonl,UNRESOLVED,"[""needs_human_review""]",false,true
0c9f29239bdf609a6306524184cfbb830eeb41becd9d31709931fb300234c7a3,qwen3.5:9b,Mbpp/769,55,Candidate_B_H0,0c9f29239bdf609a6306524184cfbb830eeb41becd9d31709931fb300234c7a3,semantic_algorithm_boundary_or_no_unique_local_mechanism,"AST parses; required_entry_point_present=True; no_unique_missing_import=true; no_safe_demo_print=true; taxonomy=UNRESOLVED:[""needs_human_review""]",none,not_eligible,no unique local semantics-preserving repair is evidenced,"likely algorithmic, boundary, data-flow, or otherwise unlocalized",none,9c73960f4d24aa953a7530bc6e3411f71d38f0ce414fc1fb21b268e1d23edd5a,artifacts/public_benchmark_development/mbpp_candidate_b_development60/runs/mbpp_q35_9b_candidate_b_development60_replay_r003/raw_generations.jsonl,UNRESOLVED,"[""needs_human_review""]",false,false
0ccf0f940c52dbf90d4e25aa554e4a6cf41703658cc8dc88f380d32d585b7d45,qwen3.5:9b,Mbpp/279,22,Candidate_B_H0,0ccf0f940c52dbf90d4e25aa554e4a6cf41703658cc8dc88f380d32d585b7d45,semantic_algorithm_boundary_or_no_unique_local_mechanism,"AST parses; required_entry_point_present=True; no_unique_missing_import=true; no_safe_demo_print=true; taxonomy=UNRESOLVED:[""needs_human_review""]",none,not_eligible,no unique local semantics-preserving repair is evidenced,"likely algorithmic, boundary, data-flow, or otherwise unlocalized",none,3fb5142fe7892eb080a2af51a0235c875d9c2575d142822e680b79f0a31cf2bd,artifacts/public_benchmark_development/mbpp_candidate_b_development60/runs/mbpp_q35_9b_candidate_b_development60_replay_r003/raw_generations.jsonl,UNRESOLVED,"[""needs_human_review""]",false,false
0d1b40c698eb61156fcd8273761fdde26c3a55ea65bd7874bf4c5dfa7bb15b57,qwen3.5:9b,Mbpp/771,11,Candidate_B_H0,0d1b40c698eb61156fcd8273761fdde26c3a55ea65bd7874bf4c5dfa7bb15b57,semantic_algorithm_boundary_or_no_unique_local_mechanism,"AST parses; required_entry_point_present=True; no_unique_missing_import=true; no_safe_demo_print=true; taxonomy=UNRESOLVED:[""needs_human_review""]",none,not_eligible,no unique local semantics-preserving repair is evidenced,"likely algorithmic, boundary, data-flow, or otherwise unlocalized",none,37940ebd2d5fa967f199890cbfd470ea482e27a0bbd8ec818d6fe6a10d072dff,artifacts/public_benchmark_development/mbpp_candidate_b_development60/runs/mbpp_q35_9b_candidate_b_development60_replay_r003/raw_generations.jsonl,UNRESOLVED,"[""needs_human_review""]",false,false
0f51d44f44faf38d9fbe794eb4c86a316809d300c9a5e206289d459bb71cabbf,qwen3.5:9b,Mbpp/748,55,Candidate_B_H0,0f51d44f44faf38d9fbe794eb4c86a316809d300c9a5e206289d459bb71cabbf,semantic_algorithm_boundary_or_no_unique_local_mechanism,"AST parses; required_entry_point_present=True; no_unique_missing_import=true; no_safe_demo_print=true; taxonomy=UNRESOLVED:[""needs_human_review""]",none,not_eligible,no unique local semantics-preserving repair is evidenced,"likely algorithmic, boundary, data-flow, or otherwise unlocalized",none,66ccd8ac06dbe7c67b87a3527df4b78ac9f4ad798adc70efbe5634596f2d4f89,artifacts/public_benchmark_development/mbpp_candidate_b_development60/runs/mbpp_q35_9b_candidate_b_development60_replay_r003/raw_generations.jsonl,UNRESOLVED,"[""needs_human_review""]",false,false
111a968cb6674525f58b26a0484603b9765056f5566cec9589d61af3733bc4c1,qwen3.5:9b,Mbpp/440,11,Candidate_B_H0,111a968cb6674525f58b26a0484603b9765056f5566cec9589d61af3733bc4c1,module_assert,one or more top-level Assert nodes; residual mechanism absent,module_assert_entrypoint_selftest_quarantine_v0,excluded_existing_H2,mechanism is already the exact fixed H2 development candidate,governed by H2; no new rule inferred,none,dc943ef95d04a59e3682e93a8c2ede79a765139112fbf9357e0c9a35291578da,artifacts/public_benchmark_development/mbpp_candidate_b_development60/runs/mbpp_q35_9b_candidate_b_development60_replay_r003/raw_generations.jsonl,UNRESOLVED,"[""needs_human_review""]",false,true
12179f714d4beea5b64235cf46138bb8095c7170101cacbc268dbb8e53ed2f1d,qwen3.5:9b,Mbpp/435,22,Candidate_B_H0,12179f714d4beea5b64235cf46138bb8095c7170101cacbc268dbb8e53ed2f1d,semantic_algorithm_boundary_or_no_unique_local_mechanism,"AST parses; required_entry_point_present=True; no_unique_missing_import=true; no_safe_demo_print=true; taxonomy=UNRESOLVED:[""needs_human_review""]",none,not_eligible,no unique local semantics-preserving repair is evidenced,"likely algorithmic, boundary, data-flow, or otherwise unlocalized",none,3041fbe17ee9320a111716daf315be599d97e58241592434cc0b6c4c196cc84e,artifacts/public_benchmark_development/mbpp_candidate_b_development60/runs/mbpp_q35_9b_candidate_b_development60_replay_r003/raw_generations.jsonl,UNRESOLVED,"[""needs_human_review""]",false,false
125c6e3294d8d8284451ce7aa9cfe85e0fbffe5c6825436ab01e670ea86bd6e4,qwen3.5:9b,Mbpp/722,55,Candidate_B_H0,125c6e3294d8d8284451ce7aa9cfe85e0fbffe5c6825436ab01e670ea86bd6e4,semantic_algorithm_boundary_or_no_unique_local_mechanism,"AST parses; required_entry_point_present=True; no_unique_missing_import=true; no_safe_demo_print=true; taxonomy=UNRESOLVED:[""needs_human_review""]",none,not_eligible,no unique local semantics-preserving repair is evidenced,"likely algorithmic, boundary, data-flow, or otherwise unlocalized",none,c0d3c3231ddafb575c0f7832334d0ee9fbeb493e6639f4a545d4ee26b913ef7d,artifacts/public_benchmark_development/mbpp_candidate_b_development60/runs/mbpp_q35_9b_candidate_b_development60_replay_r003/raw_generations.jsonl,UNRESOLVED,"[""needs_human_review""]",false,false
147d093943f1f9676c4d779f88a7478b62c2a71021f831900f136291bee3f2eb,qwen3.5:9b,Mbpp/430,44,Candidate_B_H0,147d093943f1f9676c4d779f88a7478b62c2a71021f831900f136291bee3f2eb,module_assert,one or more top-level Assert nodes; residual mechanism absent,module_assert_entrypoint_selftest_quarantine_v0,excluded_existing_H2,mechanism is already the exact fixed H2 development candidate,governed by H2; no new rule inferred,none,e2bd2be70a2dbf52221fe9909ad342dbaa6103851523458d822f572e49f6da91,artifacts/public_benchmark_development/mbpp_candidate_b_development60/runs/mbpp_q35_9b_candidate_b_development60_replay_r003/raw_generations.jsonl,UNRESOLVED,"[""needs_human_review""]",false,true
151a1b3981da65abb7a94e2b2acac6491de4d6ad470da3c006f94b9a85273346,qwen3.5:9b,Mbpp/125,11,Candidate_B_H0,151a1b3981da65abb7a94e2b2acac6491de4d6ad470da3c006f94b9a85273346,semantic_algorithm_boundary_or_no_unique_local_mechanism,"AST parses; required_entry_point_present=True; no_unique_missing_import=true; no_safe_demo_print=true; taxonomy=UNRESOLVED:[""needs_human_review""]",none,not_eligible,no unique local semantics-preserving repair is evidenced,"likely algorithmic, boundary, data-flow, or otherwise unlocalized",none,1251372680e466490ba6c5c2f79d4313981ebe25e5709af7583b2c7ad0a1fcf5,artifacts/public_benchmark_development/mbpp_candidate_b_development60/runs/mbpp_q35_9b_candidate_b_development60_replay_r003/raw_generations.jsonl,UNRESOLVED,"[""needs_human_review""]",false,false
1538fce8f0da403922caeaebb8afd96d129f6faf80378266f3b689bcdfd7231c,qwen3.5:9b,Mbpp/771,44,Candidate_B_H0,1538fce8f0da403922caeaebb8afd96d129f6faf80378266f3b689bcdfd7231c,semantic_algorithm_boundary_or_no_unique_local_mechanism,"AST parses; required_entry_point_present=True; no_unique_missing_import=true; no_safe_demo_print=true; taxonomy=UNRESOLVED:[""needs_human_review""]",none,not_eligible,no unique local semantics-preserving repair is evidenced,"likely algorithmic, boundary, data-flow, or otherwise unlocalized",none,c2e0f9035e3c95667299ee69a78ea21f52b32cfc77fa1c870f729e4257524dca,artifacts/public_benchmark_development/mbpp_candidate_b_development60/runs/mbpp_q35_9b_candidate_b_development60_replay_r003/raw_generations.jsonl,UNRESOLVED,"[""needs_human_review""]",false,false
15e92b97d59405977ea60125b6561bc1d30dd262ffe10eef4db8220e844f0345,qwen3.5:9b,Mbpp/786,22,Candidate_B_H0,15e92b97d59405977ea60125b6561bc1d30dd262ffe10eef4db8220e844f0345,module_assert,one or more top-level Assert nodes; residual mechanism absent,module_assert_entrypoint_selftest_quarantine_v0,excluded_existing_H2,mechanism is already the exact fixed H2 development candidate,governed by H2; no new rule inferred,none,c56bec069269094d467466bfb56701887b576de490367dddb8baaa35815182d9,artifacts/public_benchmark_development/mbpp_candidate_b_development60/runs/mbpp_q35_9b_candidate_b_development60_replay_r003/raw_generations.jsonl,UNRESOLVED,"[""needs_human_review""]",false,true
165c873221f996a992adfe426b96e62865dddc2407ce93ba89df3ea882dfac54,qwen3.5:9b,Mbpp/742,44,Candidate_B_H0,165c873221f996a992adfe426b96e62865dddc2407ce93ba89df3ea882dfac54,semantic_algorithm_boundary_or_no_unique_local_mechanism,"AST parses; required_entry_point_present=True; no_unique_missing_import=true; no_safe_demo_print=true; taxonomy=UNRESOLVED:[""needs_human_review""]",none,not_eligible,no unique local semantics-preserving repair is evidenced,"likely algorithmic, boundary, data-flow, or otherwise unlocalized",none,f4490808899e16947fcb70c38e43256419b4ea33bf5b57630cce463b73f54ea9,artifacts/public_benchmark_development/mbpp_candidate_b_development60/runs/mbpp_q35_9b_candidate_b_development60_replay_r003/raw_generations.jsonl,UNRESOLVED,"[""needs_human_review""]",false,false
17cde64daa996d2f0012be63d02b00b2cd54410f40fd90a1db803633bbc3b4d8,qwen3.5:9b,Mbpp/72,44,Candidate_B_H0,17cde64daa996d2f0012be63d02b00b2cd54410f40fd90a1db803633bbc3b4d8,semantic_algorithm_boundary_or_no_unique_local_mechanism,"AST parses; required_entry_point_present=True; no_unique_missing_import=true; no_safe_demo_print=true; taxonomy=UNRESOLVED:[""needs_human_review""]",none,not_eligible,no unique local semantics-preserving repair is evidenced,"likely algorithmic, boundary, data-flow, or otherwise unlocalized",none,579dba8606a1072027fe0a82b58630d0e659935156ed90279d8fcf2cb0c420bc,artifacts/public_benchmark_development/mbpp_candidate_b_development60/runs/mbpp_q35_9b_candidate_b_development60_replay_r003/raw_generations.jsonl,UNRESOLVED,"[""needs_human_review""]",false,false
190a6f4d6f37fc027ca4c750047f26410391c75504d986687ffa4e4fdf237f7e,qwen3.5:9b,Mbpp/67,55,Candidate_B_H0,190a6f4d6f37fc027ca4c750047f26410391c75504d986687ffa4e4fdf237f7e,module_assert,one or more top-level Assert nodes; residual mechanism absent,module_assert_entrypoint_selftest_quarantine_v0,excluded_existing_H2,mechanism is already the exact fixed H2 development candidate,governed by H2; no new rule inferred,none,9946b578d60a114788e8ac175df109e7d629a951635ce75d76080141ee58bfc0,artifacts/public_benchmark_development/mbpp_candidate_b_development60/runs/mbpp_q35_9b_candidate_b_development60_replay_r003/raw_generations.jsonl,UNRESOLVED,"[""needs_human_review""]",false,true
1ad9aa1f3690e77628cb0d4db2bb1e46e3dd763ff73a464291e3f095b9f6a3cf,qwen3.5:9b,Mbpp/769,44,Candidate_B_H0,1ad9aa1f3690e77628cb0d4db2bb1e46e3dd763ff73a464291e3f095b9f6a3cf,semantic_algorithm_boundary_or_no_unique_local_mechanism,"AST parses; required_entry_point_present=True; no_unique_missing_import=true; no_safe_demo_print=true; taxonomy=UNRESOLVED:[""needs_human_review""]",none,not_eligible,no unique local semantics-preserving repair is evidenced,"likely algorithmic, boundary, data-flow, or otherwise unlocalized",none,7e067b71e0cd260f7c2ba23fd3b8f280dd5b511a20ff2f6fed78cd3454727986,artifacts/public_benchmark_development/mbpp_candidate_b_development60/runs/mbpp_q35_9b_candidate_b_development60_replay_r003/raw_generations.jsonl,UNRESOLVED,"[""needs_human_review""]",false,false
1b9aabce1a2e8f3075f28d50c19b12680bfd5ed66090a259eb756b911587cdab,qwen3.5:9b,Mbpp/597,33,Candidate_B_H0,1b9aabce1a2e8f3075f28d50c19b12680bfd5ed66090a259eb756b911587cdab,module_assert,one or more top-level Assert nodes; residual mechanism absent,module_assert_entrypoint_selftest_quarantine_v0,excluded_existing_H2,mechanism is already the exact fixed H2 development candidate,governed by H2; no new rule inferred,none,ca75427d85b620a56777aa7ca8c82b4583679da88f403eb12a948421bf08fd1e,artifacts/public_benchmark_development/mbpp_candidate_b_development60/runs/mbpp_q35_9b_candidate_b_development60_replay_r003/raw_generations.jsonl,UNRESOLVED,"[""needs_human_review""]",false,true
1c39a49b4005394ebfe1338e37cfef9e9db2b71dbd3a6114c1b0fda88ef8f4c8,qwen3.5:9b,Mbpp/626,22,Candidate_B_H0,1c39a49b4005394ebfe1338e37cfef9e9db2b71dbd3a6114c1b0fda88ef8f4c8,semantic_algorithm_boundary_or_no_unique_local_mechanism,"AST parses; required_entry_point_present=True; no_unique_missing_import=true; no_safe_demo_print=true; taxonomy=UNRESOLVED:[""needs_human_review""]",none,not_eligible,no unique local semantics-preserving repair is evidenced,"likely algorithmic, boundary, data-flow, or otherwise unlocalized",none,a7db692b8a457772cd5de5bdba244629d0a83fef5d604188d679a961feb2533a,artifacts/public_benchmark_development/mbpp_candidate_b_development60/runs/mbpp_q35_9b_candidate_b_development60_replay_r003/raw_generations.jsonl,UNRESOLVED,"[""needs_human_review""]",false,false
1e808b1c61f92345c10814778fbcbd28d5a2234c3503895c07c7e7fd52af0818,qwen3.5:9b,Mbpp/581,33,Candidate_B_H0,1e808b1c61f92345c10814778fbcbd28d5a2234c3503895c07c7e7fd52af0818,semantic_algorithm_boundary_or_no_unique_local_mechanism,"AST parses; required_entry_point_present=True; no_unique_missing_import=true; no_safe_demo_print=true; taxonomy=UNRESOLVED:[""needs_human_review""]",none,not_eligible,no unique local semantics-preserving repair is evidenced,"likely algorithmic, boundary, data-flow, or otherwise unlocalized",none,4502e67982160d2ed533538a8753ab3de0e8057eea4e4e0961287e41c4e80a40,artifacts/public_benchmark_development/mbpp_candidate_b_development60/runs/mbpp_q35_9b_candidate_b_development60_replay_r003/raw_generations.jsonl,UNRESOLVED,"[""needs_human_review""]",false,false
1ed09edb92c4da77d9ccb4eac0e420c2cbd4319a9d8a55e3340ea9f1a20544d8,qwen3.5:9b,Mbpp/787,33,Candidate_B_H0,1ed09edb92c4da77d9ccb4eac0e420c2cbd4319a9d8a55e3340ea9f1a20544d8,top_level_demo_print_side_effect,"required_entry_point=text_match_three; adjacent_literal_only_prints=[""print('All tests passed.')""]; other_top_level_calls=0; module_assert_excluded_as_H2=True",top_level_literal_only_demo_print_quarantine_v0,eligible_candidate,,"low under adjacency, required-entry-point-present, literal-only, unused-result, and no-other-top-level-call guards",3,93e763a6916038e0e019b7d602e32aa1daccaa75365b3a053b1dc89ad7425b1b,artifacts/public_benchmark_development/mbpp_candidate_b_development60/runs/mbpp_q35_9b_candidate_b_development60_replay_r003/raw_generations.jsonl,UNRESOLVED,"[""needs_human_review""]",false,true
2007ec98d098057747bdf3975c81264c967ff76547d3bac23e622cdfe8571bf6,qwen3.5:9b,Mbpp/735,11,Candidate_B_H0,2007ec98d098057747bdf3975c81264c967ff76547d3bac23e622cdfe8571bf6,module_assert,one or more top-level Assert nodes; residual mechanism absent,module_assert_entrypoint_selftest_quarantine_v0,excluded_existing_H2,mechanism is already the exact fixed H2 development candidate,governed by H2; no new rule inferred,none,ff7f31185ad75fda32cfcb8f8e4e2320c6bc74a05433c278f0c62f6d4fc4223c,artifacts/public_benchmark_development/mbpp_candidate_b_development60/runs/mbpp_q35_9b_candidate_b_development60_replay_r003/raw_generations.jsonl,UNRESOLVED,"[""needs_human_review""]",false,true
200edc3e0eec7ea9c2f029ace4027b019b020d97c66d503db848f9ff332ffc06,qwen3.5:9b,Mbpp/739,55,Candidate_B_H0,200edc3e0eec7ea9c2f029ace4027b019b020d97c66d503db848f9ff332ffc06,module_assert,one or more top-level Assert nodes; residual mechanism absent,module_assert_entrypoint_selftest_quarantine_v0,excluded_existing_H2,mechanism is already the exact fixed H2 development candidate,governed by H2; no new rule inferred,none,fa1491b3a3a251438a25263d0ce1c9e572cf6b6c724a2df3eb8c9bdf816d7695,artifacts/public_benchmark_development/mbpp_candidate_b_development60/runs/mbpp_q35_9b_candidate_b_development60_replay_r003/raw_generations.jsonl,UNRESOLVED,"[""needs_human_review""]",false,true
20e7e05126b8791a578d7bd5b571a0d4a21265d714e192333d199593b175f57d,qwen3.5:9b,Mbpp/620,22,Candidate_B_H0,20e7e05126b8791a578d7bd5b571a0d4a21265d714e192333d199593b175f57d,truncation,done_reason=length; SyntaxError=unterminated string literal (detected at line 36); line=36,none,not_eligible,incomplete generation has no unique local repair,missing suffix may contain arbitrary algorithmic logic,none,df3f564793f204821d2ad71c3b98f6682a6225b620b0da4e878e393a84ba0599,artifacts/public_benchmark_development/mbpp_candidate_b_development60/runs/mbpp_q35_9b_candidate_b_development60_replay_r003/raw_generations.jsonl,L1,"[""model_assembly_failure""]",false,false
20eb64bfb9e51b94a4d68b6dc2bbbc981199b59d0671e34d0df1695b0d261879,qwen3.5:9b,Mbpp/430,11,Candidate_B_H0,20eb64bfb9e51b94a4d68b6dc2bbbc981199b59d0671e34d0df1695b0d261879,module_assert,one or more top-level Assert nodes; residual mechanism absent,module_assert_entrypoint_selftest_quarantine_v0,excluded_existing_H2,mechanism is already the exact fixed H2 development candidate,governed by H2; no new rule inferred,none,594c4ab0c53c5b4e32e28019fe410db51ecf913d47db0e3565409c01e3227a2a,artifacts/public_benchmark_development/mbpp_candidate_b_development60/runs/mbpp_q35_9b_candidate_b_development60_replay_r003/raw_generations.jsonl,UNRESOLVED,"[""needs_human_review""]",false,true
225def7e7fc2e4f0bdbede03a1813db354a4eff641e2de7b042c07a5608f106e,qwen3.5:9b,Mbpp/581,44,Candidate_B_H0,225def7e7fc2e4f0bdbede03a1813db354a4eff641e2de7b042c07a5608f106e,module_assert,one or more top-level Assert nodes; residual mechanism absent,module_assert_entrypoint_selftest_quarantine_v0,excluded_existing_H2,mechanism is already the exact fixed H2 development candidate,governed by H2; no new rule inferred,none,aacf55bd121e7e6d9321ce41bb5b121081f4f331367f6b0082d5e0b29252a468,artifacts/public_benchmark_development/mbpp_candidate_b_development60/runs/mbpp_q35_9b_candidate_b_development60_replay_r003/raw_generations.jsonl,UNRESOLVED,"[""needs_human_review""]",false,true
24b1527f11421023266b2d27cf4e595d94ac9f7899dea442a361bba5d87d83b3,qwen3.5:9b,Mbpp/722,11,Candidate_B_H0,24b1527f11421023266b2d27cf4e595d94ac9f7899dea442a361bba5d87d83b3,semantic_algorithm_boundary_or_no_unique_local_mechanism,"AST parses; required_entry_point_present=True; no_unique_missing_import=true; no_safe_demo_print=true; taxonomy=UNRESOLVED:[""needs_human_review""]",none,not_eligible,no unique local semantics-preserving repair is evidenced,"likely algorithmic, boundary, data-flow, or otherwise unlocalized",none,c0d3c3231ddafb575c0f7832334d0ee9fbeb493e6639f4a545d4ee26b913ef7d,artifacts/public_benchmark_development/mbpp_candidate_b_development60/runs/mbpp_q35_9b_candidate_b_development60_replay_r003/raw_generations.jsonl,UNRESOLVED,"[""needs_human_review""]",false,false
24b5e295ca91e1fce3029be6f593ada79d255c2725fc40a02e5a512f4fdb8452,qwen3.5:9b,Mbpp/124,44,Candidate_B_H0,24b5e295ca91e1fce3029be6f593ada79d255c2725fc40a02e5a512f4fdb8452,semantic_algorithm_boundary_or_no_unique_local_mechanism,"AST parses; required_entry_point_present=True; no_unique_missing_import=true; no_safe_demo_print=true; taxonomy=UNRESOLVED:[""needs_human_review""]",none,not_eligible,no unique local semantics-preserving repair is evidenced,"likely algorithmic, boundary, data-flow, or otherwise unlocalized",none,9b56e46c4de759dcbc5e2d6c998aac5fd8476fb5efa0bbfa4808fc61e5c24f05,artifacts/public_benchmark_development/mbpp_candidate_b_development60/runs/mbpp_q35_9b_candidate_b_development60_replay_r003/raw_generations.jsonl,UNRESOLVED,"[""needs_human_review""]",false,false
252857c7146e4e03a3ab17d02333bc99e89b8b38f5ed12e1c1a6f8ad88707eae,qwen3.5:9b,Mbpp/759,22,Candidate_B_H0,252857c7146e4e03a3ab17d02333bc99e89b8b38f5ed12e1c1a6f8ad88707eae,semantic_algorithm_boundary_or_no_unique_local_mechanism,"AST parses; required_entry_point_present=True; no_unique_missing_import=true; no_safe_demo_print=true; taxonomy=UNRESOLVED:[""needs_human_review""]",none,not_eligible,no unique local semantics-preserving repair is evidenced,"likely algorithmic, boundary, data-flow, or otherwise unlocalized",none,bc431a9c0613f35a19b17d6c28a54bedf0fd0a2fd4cccf5ec55dc93a54e2ca23,artifacts/public_benchmark_development/mbpp_candidate_b_development60/runs/mbpp_q35_9b_candidate_b_development60_replay_r003/raw_generations.jsonl,UNRESOLVED,"[""needs_human_review""]",false,false
26a25fbe4008e736db5684337d5d6b744a199a2cc7319535c3ea4dd83c546065,qwen3.5:9b,Mbpp/99,33,Candidate_B_H0,26a25fbe4008e736db5684337d5d6b744a199a2cc7319535c3ea4dd83c546065,semantic_algorithm_boundary_or_no_unique_local_mechanism,"AST parses; required_entry_point_present=True; no_unique_missing_import=true; no_safe_demo_print=true; taxonomy=UNRESOLVED:[""needs_human_review""]",none,not_eligible,no unique local semantics-preserving repair is evidenced,"likely algorithmic, boundary, data-flow, or otherwise unlocalized",none,5d42e07b73cd94f1566f80d4c314ba907073729b2db4e850e167eb184853b68d,artifacts/public_benchmark_development/mbpp_candidate_b_development60/runs/mbpp_q35_9b_candidate_b_development60_replay_r003/raw_generations.jsonl,UNRESOLVED,"[""needs_human_review""]",false,false
284533f93cc2a9c9012d005c206eb17d6cc6285ea8b17d997e50cb62fcabeafd,qwen3.5:9b,Mbpp/410,22,Candidate_B_H0,284533f93cc2a9c9012d005c206eb17d6cc6285ea8b17d997e50cb62fcabeafd,semantic_algorithm_boundary_or_no_unique_local_mechanism,"AST parses; required_entry_point_present=True; no_unique_missing_import=true; no_safe_demo_print=true; taxonomy=UNRESOLVED:[""needs_human_review""]",none,not_eligible,no unique local semantics-preserving repair is evidenced,"likely algorithmic, boundary, data-flow, or otherwise unlocalized",none,06df4b9422e3c6309caa0eeaa120af4869860cc231f29d3fca4b13e79e9ac41c,artifacts/public_benchmark_development/mbpp_candidate_b_development60/runs/mbpp_q35_9b_candidate_b_development60_replay_r003/raw_generations.jsonl,UNRESOLVED,"[""needs_human_review""]",false,false
295dfc28979e0fcaa5c908be8ba908d384b224f3ce89dc6044311ca04f12f88f,qwen3.5:9b,Mbpp/255,33,Candidate_B_H0,295dfc28979e0fcaa5c908be8ba908d384b224f3ce89dc6044311ca04f12f88f,semantic_algorithm_boundary_or_no_unique_local_mechanism,"AST parses; required_entry_point_present=True; no_unique_missing_import=true; no_safe_demo_print=true; taxonomy=UNRESOLVED:[""needs_human_review""]",none,not_eligible,no unique local semantics-preserving repair is evidenced,"likely algorithmic, boundary, data-flow, or otherwise unlocalized",none,4a2379e315b378044cf9e4e5ce8f65592255dacfbd731a351fee7a29a949002d,artifacts/public_benchmark_development/mbpp_candidate_b_development60/runs/mbpp_q35_9b_candidate_b_development60_replay_r003/raw_generations.jsonl,UNRESOLVED,"[""needs_human_review""]",false,false
29badcaa34166c620978b4f621aa3856859d296e210f7c7a38561b39849fe9cc,qwen3.5:9b,Mbpp/103,33,Candidate_B_H0,29badcaa34166c620978b4f621aa3856859d296e210f7c7a38561b39849fe9cc,semantic_algorithm_boundary_or_no_unique_local_mechanism,"AST parses; required_entry_point_present=True; no_unique_missing_import=true; no_safe_demo_print=true; taxonomy=UNRESOLVED:[""needs_human_review""]",none,not_eligible,no unique local semantics-preserving repair is evidenced,"likely algorithmic, boundary, data-flow, or otherwise unlocalized",none,952c2d6db457afab04cb8fb4ccfe3652b4a72bf4dd0704748de34b5ac37c3107,artifacts/public_benchmark_development/mbpp_candidate_b_development60/runs/mbpp_q35_9b_candidate_b_development60_replay_r003/raw_generations.jsonl,UNRESOLVED,"[""needs_human_review""]",false,false
29c5dc38a71e4bf24dadf515e157b833b8a0d1b304c47bf98d36a325fbbe4342,qwen3.5:9b,Mbpp/739,44,Candidate_B_H0,29c5dc38a71e4bf24dadf515e157b833b8a0d1b304c47bf98d36a325fbbe4342,module_assert,one or more top-level Assert nodes; residual mechanism absent,module_assert_entrypoint_selftest_quarantine_v0,excluded_existing_H2,mechanism is already the exact fixed H2 development candidate,governed by H2; no new rule inferred,none,fa1491b3a3a251438a25263d0ce1c9e572cf6b6c724a2df3eb8c9bdf816d7695,artifacts/public_benchmark_development/mbpp_candidate_b_development60/runs/mbpp_q35_9b_candidate_b_development60_replay_r003/raw_generations.jsonl,UNRESOLVED,"[""needs_human_review""]",false,true
2a7d4cc1105eff57a1c77fd68b30d29a1748f9163c32804dc32718e18b467076,qwen3.5:9b,Mbpp/765,44,Candidate_B_H0,2a7d4cc1105eff57a1c77fd68b30d29a1748f9163c32804dc32718e18b467076,unique_entry_point_mismatch,required=is_polite; defined=nth_polite_number; public_assert_arities=[1]; unique_function=true,entrypoint_alias_unique_arity_compatible_v0,excluded_existing_H1,mechanism is already H1 factorial,guarded by H1 unique-function and signature compatibility,1,a9d516a79012d9f4bd9dc236e88cc6e0affb307a14d31303790fe04f17a07867,artifacts/public_benchmark_development/mbpp_candidate_b_development60/runs/mbpp_q35_9b_candidate_b_development60_replay_r003/raw_generations.jsonl,L2,"[""output_packaging""]",true,false
2a852f2b4fbd540de726aa6c79682744adf89211081a0bad86db8be05dca8d08,qwen3.5:9b,Mbpp/432,33,Candidate_B_H0,2a852f2b4fbd540de726aa6c79682744adf89211081a0bad86db8be05dca8d08,semantic_algorithm_boundary_or_no_unique_local_mechanism,"AST parses; required_entry_point_present=True; no_unique_missing_import=true; no_safe_demo_print=true; taxonomy=UNRESOLVED:[""needs_human_review""]",none,not_eligible,no unique local semantics-preserving repair is evidenced,"likely algorithmic, boundary, data-flow, or otherwise unlocalized",none,d2bdc94f74255c96b50c08306634afa7f96b3000f92e22d39da28aedc1ab3fbf,artifacts/public_benchmark_development/mbpp_candidate_b_development60/runs/mbpp_q35_9b_candidate_b_development60_replay_r003/raw_generations.jsonl,UNRESOLVED,"[""needs_human_review""]",false,false
2c3e0315fdaee4106bde69e7cbb8fdf7a0827cfabb24165dcf6197428338d83b,qwen3.5:9b,Mbpp/99,55,Candidate_B_H0,2c3e0315fdaee4106bde69e7cbb8fdf7a0827cfabb24165dcf6197428338d83b,semantic_algorithm_boundary_or_no_unique_local_mechanism,"AST parses; required_entry_point_present=True; no_unique_missing_import=true; no_safe_demo_print=true; taxonomy=UNRESOLVED:[""needs_human_review""]",none,not_eligible,no unique local semantics-preserving repair is evidenced,"likely algorithmic, boundary, data-flow, or otherwise unlocalized",none,35021f5709c533772fcf66ec1ac1fab8aacaf67229b36f9264c91e9dfb85041d,artifacts/public_benchmark_development/mbpp_candidate_b_development60/runs/mbpp_q35_9b_candidate_b_development60_replay_r003/raw_generations.jsonl,UNRESOLVED,"[""needs_human_review""]",false,false
2c7db8ef79f3fb6f4877e45429a281e98b645f377f94b6d7912fb3d66f5847df,qwen3.5:9b,Mbpp/287,55,Candidate_B_H0,2c7db8ef79f3fb6f4877e45429a281e98b645f377f94b6d7912fb3d66f5847df,module_assert,one or more top-level Assert nodes; residual mechanism absent,module_assert_entrypoint_selftest_quarantine_v0,excluded_existing_H2,mechanism is already the exact fixed H2 development candidate,governed by H2; no new rule inferred,none,ae6c09a25f6362175124006d4d507dc906c10e2c73d4e38ef11e338b56ead6e8,artifacts/public_benchmark_development/mbpp_candidate_b_development60/runs/mbpp_q35_9b_candidate_b_development60_replay_r003/raw_generations.jsonl,UNRESOLVED,"[""needs_human_review""]",false,true
2ce918fcbdb6d00efd2ed40243b601a3efbc5a849c1391961daf9b03717c7fba,qwen3.5:9b,Mbpp/287,33,Candidate_B_H0,2ce918fcbdb6d00efd2ed40243b601a3efbc5a849c1391961daf9b03717c7fba,module_assert,one or more top-level Assert nodes; residual mechanism absent,module_assert_entrypoint_selftest_quarantine_v0,excluded_existing_H2,mechanism is already the exact fixed H2 development candidate,governed by H2; no new rule inferred,none,ae6c09a25f6362175124006d4d507dc906c10e2c73d4e38ef11e338b56ead6e8,artifacts/public_benchmark_development/mbpp_candidate_b_development60/runs/mbpp_q35_9b_candidate_b_development60_replay_r003/raw_generations.jsonl,UNRESOLVED,"[""needs_human_review""]",false,true
30f2df90febe8769b5db029b8b00959550855960e64ef7a41e570149744cad4a,qwen3.5:9b,Mbpp/435,11,Candidate_B_H0,30f2df90febe8769b5db029b8b00959550855960e64ef7a41e570149744cad4a,semantic_algorithm_boundary_or_no_unique_local_mechanism,"AST parses; required_entry_point_present=True; no_unique_missing_import=true; no_safe_demo_print=true; taxonomy=UNRESOLVED:[""needs_human_review""]",none,not_eligible,no unique local semantics-preserving repair is evidenced,"likely algorithmic, boundary, data-flow, or otherwise unlocalized",none,3041fbe17ee9320a111716daf315be599d97e58241592434cc0b6c4c196cc84e,artifacts/public_benchmark_development/mbpp_candidate_b_development60/runs/mbpp_q35_9b_candidate_b_development60_replay_r003/raw_generations.jsonl,UNRESOLVED,"[""needs_human_review""]",false,false
3112d12b2e3e1966c3b2fb3013e406c8c63e91c052c6d6f6addc9e8303ac7a69,qwen3.5:9b,Mbpp/626,11,Candidate_B_H0,3112d12b2e3e1966c3b2fb3013e406c8c63e91c052c6d6f6addc9e8303ac7a69,semantic_algorithm_boundary_or_no_unique_local_mechanism,"AST parses; required_entry_point_present=True; no_unique_missing_import=true; no_safe_demo_print=true; taxonomy=L1:[""model_assembly_failure""]",none,not_eligible,no unique local semantics-preserving repair is evidenced,"likely algorithmic, boundary, data-flow, or otherwise unlocalized",none,1a5a2e6bab3168b1c6902284b97e99d7cea11ec9eed14e0dbaa09cc977eb0eff,artifacts/public_benchmark_development/mbpp_candidate_b_development60/runs/mbpp_q35_9b_candidate_b_development60_replay_r003/raw_generations.jsonl,L1,"[""model_assembly_failure""]",false,false
31213b4e7d52c7e2991c5a31ed8d7d24e07a16b756a5bb326348e488aba8d5e9,qwen3.5:9b,Mbpp/633,55,Candidate_B_H0,31213b4e7d52c7e2991c5a31ed8d7d24e07a16b756a5bb326348e488aba8d5e9,semantic_algorithm_boundary_or_no_unique_local_mechanism,"AST parses; required_entry_point_present=True; no_unique_missing_import=true; no_safe_demo_print=true; taxonomy=UNRESOLVED:[""needs_human_review""]",none,not_eligible,no unique local semantics-preserving repair is evidenced,"likely algorithmic, boundary, data-flow, or otherwise unlocalized",none,a44009c42fdf1f88c8b513d7800404da7a39cad6efc450987d557e23c7ead85c,artifacts/public_benchmark_development/mbpp_candidate_b_development60/runs/mbpp_q35_9b_candidate_b_development60_replay_r003/raw_generations.jsonl,UNRESOLVED,"[""needs_human_review""]",false,false
3162f7ce0a2214cadadba6f4903b5961215cda0f2d6eb3ea126a92f69e605640,qwen3.5:9b,Mbpp/279,11,Candidate_B_H0,3162f7ce0a2214cadadba6f4903b5961215cda0f2d6eb3ea126a92f69e605640,semantic_algorithm_boundary_or_no_unique_local_mechanism,"AST parses; required_entry_point_present=True; no_unique_missing_import=true; no_safe_demo_print=true; taxonomy=UNRESOLVED:[""needs_human_review""]",none,not_eligible,no unique local semantics-preserving repair is evidenced,"likely algorithmic, boundary, data-flow, or otherwise unlocalized",none,1e09c6044f8e42f61f223b89540df7830694bc5ad4fe32a8c131945c012a5971,artifacts/public_benchmark_development/mbpp_candidate_b_development60/runs/mbpp_q35_9b_candidate_b_development60_replay_r003/raw_generations.jsonl,UNRESOLVED,"[""needs_human_review""]",false,false
318497f8b86f8aaf0ef2932e45dc33bcae8c9676c2df067bf1f27cd2f067510b,qwen3.5:9b,Mbpp/615,33,Candidate_B_H0,318497f8b86f8aaf0ef2932e45dc33bcae8c9676c2df067bf1f27cd2f067510b,semantic_algorithm_boundary_or_no_unique_local_mechanism,"AST parses; required_entry_point_present=True; no_unique_missing_import=true; no_safe_demo_print=true; taxonomy=UNRESOLVED:[""needs_human_review""]",none,not_eligible,no unique local semantics-preserving repair is evidenced,"likely algorithmic, boundary, data-flow, or otherwise unlocalized",none,ca412e8dce1022bee8cf8262556c7529fffb87d158ac85ffae23af3695d911d1,artifacts/public_benchmark_development/mbpp_candidate_b_development60/runs/mbpp_q35_9b_candidate_b_development60_replay_r003/raw_generations.jsonl,UNRESOLVED,"[""needs_human_review""]",false,false
32d57f4a3d936a6e9c655af0f10d9b2a06578a1adedc54df98892a4d6b795bd3,qwen3.5:9b,Mbpp/287,22,Candidate_B_H0,32d57f4a3d936a6e9c655af0f10d9b2a06578a1adedc54df98892a4d6b795bd3,semantic_algorithm_boundary_or_no_unique_local_mechanism,"AST parses; required_entry_point_present=True; no_unique_missing_import=true; no_safe_demo_print=true; taxonomy=UNRESOLVED:[""needs_human_review""]",none,not_eligible,no unique local semantics-preserving repair is evidenced,"likely algorithmic, boundary, data-flow, or otherwise unlocalized",none,30ae6b411b35d14943e1c54f2237883ff7cbb0ddaf655800fa9500ea0168ef9e,artifacts/public_benchmark_development/mbpp_candidate_b_development60/runs/mbpp_q35_9b_candidate_b_development60_replay_r003/raw_generations.jsonl,UNRESOLVED,"[""needs_human_review""]",false,false
32edbe1532826de4a3416eb06e43c97bc8b4687cce8161729414d2811d583c85,qwen3.5:9b,Mbpp/769,22,Candidate_B_H0,32edbe1532826de4a3416eb06e43c97bc8b4687cce8161729414d2811d583c85,semantic_algorithm_boundary_or_no_unique_local_mechanism,"AST parses; required_entry_point_present=True; no_unique_missing_import=true; no_safe_demo_print=true; taxonomy=UNRESOLVED:[""needs_human_review""]",none,not_eligible,no unique local semantics-preserving repair is evidenced,"likely algorithmic, boundary, data-flow, or otherwise unlocalized",none,9c73960f4d24aa953a7530bc6e3411f71d38f0ce414fc1fb21b268e1d23edd5a,artifacts/public_benchmark_development/mbpp_candidate_b_development60/runs/mbpp_q35_9b_candidate_b_development60_replay_r003/raw_generations.jsonl,UNRESOLVED,"[""needs_human_review""]",false,false
34f117accef513aaccebfa5edabc725dbc78ef1301e0ac16b4fb794b619a477b,qwen3.5:9b,Mbpp/125,33,Candidate_B_H0,34f117accef513aaccebfa5edabc725dbc78ef1301e0ac16b4fb794b619a477b,module_assert,one or more top-level Assert nodes; residual mechanism absent,module_assert_entrypoint_selftest_quarantine_v0,excluded_existing_H2,mechanism is already the exact fixed H2 development candidate,governed by H2; no new rule inferred,none,bb14c214444d2046af3968bde8964bb29c21f59b1431f00a1d717bf412d4fb68,artifacts/public_benchmark_development/mbpp_candidate_b_development60/runs/mbpp_q35_9b_candidate_b_development60_replay_r003/raw_generations.jsonl,UNRESOLVED,"[""needs_human_review""]",false,true
375d13b5bd61ef0ee7c0e92979f8c002d2ac3e98adb41426e8b9d6e27b176399,qwen3.5:9b,Mbpp/410,33,Candidate_B_H0,375d13b5bd61ef0ee7c0e92979f8c002d2ac3e98adb41426e8b9d6e27b176399,module_assert,one or more top-level Assert nodes; residual mechanism absent,module_assert_entrypoint_selftest_quarantine_v0,excluded_existing_H2,mechanism is already the exact fixed H2 development candidate,governed by H2; no new rule inferred,none,6c557f46b5db490955e32255cc5ab37b2fff52bd5cdc5714eca026b54937ae04,artifacts/public_benchmark_development/mbpp_candidate_b_development60/runs/mbpp_q35_9b_candidate_b_development60_replay_r003/raw_generations.jsonl,UNRESOLVED,"[""needs_human_review""]",false,true
392899632bcf304144c5f48b7ac2120b6a200c6ce845b067a875cb427149c55a,qwen3.5:9b,Mbpp/759,55,Candidate_B_H0,392899632bcf304144c5f48b7ac2120b6a200c6ce845b067a875cb427149c55a,semantic_algorithm_boundary_or_no_unique_local_mechanism,"AST parses; required_entry_point_present=True; no_unique_missing_import=true; no_safe_demo_print=true; taxonomy=UNRESOLVED:[""needs_human_review""]",none,not_eligible,no unique local semantics-preserving repair is evidenced,"likely algorithmic, boundary, data-flow, or otherwise unlocalized",none,4635f02319c650377095cde796688cc7c3a61a08407884bccae596b4455710ab,artifacts/public_benchmark_development/mbpp_candidate_b_development60/runs/mbpp_q35_9b_candidate_b_development60_replay_r003/raw_generations.jsonl,UNRESOLVED,"[""needs_human_review""]",false,false
3a39e4c2bc18d21f5ef6b152292331c536ec7a9fe591ef819c7ae8f215a015b6,qwen3.5:9b,Mbpp/622,55,Candidate_B_H0,3a39e4c2bc18d21f5ef6b152292331c536ec7a9fe591ef819c7ae8f215a015b6,semantic_algorithm_boundary_or_no_unique_local_mechanism,"AST parses; required_entry_point_present=True; no_unique_missing_import=true; no_safe_demo_print=true; taxonomy=UNRESOLVED:[""needs_human_review""]",none,not_eligible,no unique local semantics-preserving repair is evidenced,"likely algorithmic, boundary, data-flow, or otherwise unlocalized",none,578aad5b64201860ca8f3788925ff4b3fcd7cf3d437d23cd594bf6e3f04a763c,artifacts/public_benchmark_development/mbpp_candidate_b_development60/runs/mbpp_q35_9b_candidate_b_development60_replay_r003/raw_generations.jsonl,UNRESOLVED,"[""needs_human_review""]",false,false
3a45ffef6c26dddc43c38babe1756cb674e65b3b7768249922aeea330cee1070,qwen3.5:9b,Mbpp/572,33,Candidate_B_H0,3a45ffef6c26dddc43c38babe1756cb674e65b3b7768249922aeea330cee1070,semantic_algorithm_boundary_or_no_unique_local_mechanism,"AST parses; required_entry_point_present=True; no_unique_missing_import=true; no_safe_demo_print=true; taxonomy=UNRESOLVED:[""needs_human_review""]",none,not_eligible,no unique local semantics-preserving repair is evidenced,"likely algorithmic, boundary, data-flow, or otherwise unlocalized",none,5e4f3547d664de916546e430068ff97295cdfb83fa156ec81f847f5bbe18a76a,artifacts/public_benchmark_development/mbpp_candidate_b_development60/runs/mbpp_q35_9b_candidate_b_development60_replay_r003/raw_generations.jsonl,UNRESOLVED,"[""needs_human_review""]",false,false
3ad5d1b48a0b82e99b69138c0bbead12450913eb8b7b049c8c101fb9acc5a34b,qwen3.5:9b,Mbpp/777,55,Candidate_B_H0,3ad5d1b48a0b82e99b69138c0bbead12450913eb8b7b049c8c101fb9acc5a34b,module_assert,one or more top-level Assert nodes; residual mechanism absent,module_assert_entrypoint_selftest_quarantine_v0,excluded_existing_H2,mechanism is already the exact fixed H2 development candidate,governed by H2; no new rule inferred,none,c085d65dc17cf98fa9a2be1b35d790f0529306e8196df1a4f837e8c8b9ea0181,artifacts/public_benchmark_development/mbpp_candidate_b_development60/runs/mbpp_q35_9b_candidate_b_development60_replay_r003/raw_generations.jsonl,UNRESOLVED,"[""needs_human_review""]",false,true
3b027c95ed6970ead1bf34a58e5e5968a842375728129f12e3233a5ef00aed89,qwen3.5:9b,Mbpp/410,55,Candidate_B_H0,3b027c95ed6970ead1bf34a58e5e5968a842375728129f12e3233a5ef00aed89,semantic_algorithm_boundary_or_no_unique_local_mechanism,"AST parses; required_entry_point_present=True; no_unique_missing_import=true; no_safe_demo_print=true; taxonomy=UNRESOLVED:[""needs_human_review""]",none,not_eligible,no unique local semantics-preserving repair is evidenced,"likely algorithmic, boundary, data-flow, or otherwise unlocalized",none,7f61b30cfdadcfc365c6cf6daaa79170942e69f2f3c1dabf2d87ae549cdedefe,artifacts/public_benchmark_development/mbpp_candidate_b_development60/runs/mbpp_q35_9b_candidate_b_development60_replay_r003/raw_generations.jsonl,UNRESOLVED,"[""needs_human_review""]",false,false
3b802dcce09d236485df19d1c985675e091e74cbb5fcbf6e73f753d873f62e88,qwen3.5:9b,Mbpp/777,11,Candidate_B_H0,3b802dcce09d236485df19d1c985675e091e74cbb5fcbf6e73f753d873f62e88,semantic_algorithm_boundary_or_no_unique_local_mechanism,"AST parses; required_entry_point_present=True; no_unique_missing_import=true; no_safe_demo_print=true; taxonomy=UNRESOLVED:[""needs_human_review""]",none,not_eligible,no unique local semantics-preserving repair is evidenced,"likely algorithmic, boundary, data-flow, or otherwise unlocalized",none,cb1af19e1fa01ea4684aabac3b4308abf204e5baaffe3a2b92e515ef1a02326b,artifacts/public_benchmark_development/mbpp_candidate_b_development60/runs/mbpp_q35_9b_candidate_b_development60_replay_r003/raw_generations.jsonl,UNRESOLVED,"[""needs_human_review""]",false,false
3cf47aa8adce9205cb1fed04cb11ab7bc944e4bfe1b37c3c11de23ab46c1d725,qwen3.5:9b,Mbpp/306,33,Candidate_B_H0,3cf47aa8adce9205cb1fed04cb11ab7bc944e4bfe1b37c3c11de23ab46c1d725,truncation,done_reason=length; SyntaxError=unterminated triple-quoted string literal (detected at line 124); line=2,none,not_eligible,incomplete generation has no unique local repair,missing suffix may contain arbitrary algorithmic logic,none,fa25d6c1d6712e6507ce5ab83e053292d39a603c6b12c61c6783aedc20a57c82,artifacts/public_benchmark_development/mbpp_candidate_b_development60/runs/mbpp_q35_9b_candidate_b_development60_replay_r003/raw_generations.jsonl,L1,"[""model_assembly_failure""]",false,false
3d8f665599c899efffbde016b5ed0181c01fde8ac62b138cb4a1a491713c3071,qwen3.5:9b,Mbpp/603,55,Candidate_B_H0,3d8f665599c899efffbde016b5ed0181c01fde8ac62b138cb4a1a491713c3071,semantic_algorithm_boundary_or_no_unique_local_mechanism,"AST parses; required_entry_point_present=True; no_unique_missing_import=true; no_safe_demo_print=true; taxonomy=L1:[""model_assembly_failure""]",none,not_eligible,no unique local semantics-preserving repair is evidenced,"likely algorithmic, boundary, data-flow, or otherwise unlocalized",none,ed0743cf3f5ea07206f14b219387480c60b1b413df0efd2be406387b981b23b6,artifacts/public_benchmark_development/mbpp_candidate_b_development60/runs/mbpp_q35_9b_candidate_b_development60_replay_r003/raw_generations.jsonl,L1,"[""model_assembly_failure""]",false,false
40c33be662bdff3a810ff1d30fdbb10b665c7d1d00a58e010245fba1f4ae091d,qwen3.5:9b,Mbpp/138,11,Candidate_B_H0,40c33be662bdff3a810ff1d30fdbb10b665c7d1d00a58e010245fba1f4ae091d,semantic_algorithm_boundary_or_no_unique_local_mechanism,"AST parses; required_entry_point_present=True; no_unique_missing_import=true; no_safe_demo_print=true; taxonomy=UNRESOLVED:[""needs_human_review""]",none,not_eligible,no unique local semantics-preserving repair is evidenced,"likely algorithmic, boundary, data-flow, or otherwise unlocalized",none,1760b0cadc1336c029f33f425db18b4c761af9da06067dc0113e7b6b20b50b59,artifacts/public_benchmark_development/mbpp_candidate_b_development60/runs/mbpp_q35_9b_candidate_b_development60_replay_r003/raw_generations.jsonl,UNRESOLVED,"[""needs_human_review""]",false,false
4378e8d490f8f3ec4fca63d29b42264fbfb25d6f05a847acf0868d3b54f7c1a9,qwen3.5:9b,Mbpp/759,33,Candidate_B_H0,4378e8d490f8f3ec4fca63d29b42264fbfb25d6f05a847acf0868d3b54f7c1a9,semantic_algorithm_boundary_or_no_unique_local_mechanism,"AST parses; required_entry_point_present=True; no_unique_missing_import=true; no_safe_demo_print=true; taxonomy=UNRESOLVED:[""needs_human_review""]",none,not_eligible,no unique local semantics-preserving repair is evidenced,"likely algorithmic, boundary, data-flow, or otherwise unlocalized",none,7f227ca941b3751dc9cf1c0801569df1a85f8515d23dc74b32c42dc038125e34,artifacts/public_benchmark_development/mbpp_candidate_b_development60/runs/mbpp_q35_9b_candidate_b_development60_replay_r003/raw_generations.jsonl,UNRESOLVED,"[""needs_human_review""]",false,false
4583ad1011027d81314ddfb74bc8ec4cf1ae4feb9a37bac42da76177416c62c7,qwen3.5:9b,Mbpp/739,11,Candidate_B_H0,4583ad1011027d81314ddfb74bc8ec4cf1ae4feb9a37bac42da76177416c62c7,module_assert,one or more top-level Assert nodes; residual mechanism absent,module_assert_entrypoint_selftest_quarantine_v0,excluded_existing_H2,mechanism is already the exact fixed H2 development candidate,governed by H2; no new rule inferred,none,cb9f8e5b8db6af52b7a54528085d23a831f2fe2d213b2df16fdb9adcfe254034,artifacts/public_benchmark_development/mbpp_candidate_b_development60/runs/mbpp_q35_9b_candidate_b_development60_replay_r003/raw_generations.jsonl,UNRESOLVED,"[""needs_human_review""]",false,true
4646a249b7fe3dcaeb8cbcfc0ce9f76bcbcdda03f74c6dd983397d8a5f0f3ec7,qwen3.5:9b,Mbpp/11,33,Candidate_B_H0,4646a249b7fe3dcaeb8cbcfc0ce9f76bcbcdda03f74c6dd983397d8a5f0f3ec7,semantic_algorithm_boundary_or_no_unique_local_mechanism,"AST parses; required_entry_point_present=True; no_unique_missing_import=true; no_safe_demo_print=true; taxonomy=UNRESOLVED:[""needs_human_review""]",none,not_eligible,no unique local semantics-preserving repair is evidenced,"likely algorithmic, boundary, data-flow, or otherwise unlocalized",none,234c6174b14a5dc44c7c344d8777a7b74c92929f478ca764fadbac7011e0a75e,artifacts/public_benchmark_development/mbpp_candidate_b_development60/runs/mbpp_q35_9b_candidate_b_development60_replay_r003/raw_generations.jsonl,UNRESOLVED,"[""needs_human_review""]",false,false
488d43e2c4a8008d1e3a26b5867ad156317388c6c86aa94943e4db152e7b1091,qwen3.5:9b,Mbpp/722,33,Candidate_B_H0,488d43e2c4a8008d1e3a26b5867ad156317388c6c86aa94943e4db152e7b1091,semantic_algorithm_boundary_or_no_unique_local_mechanism,"AST parses; required_entry_point_present=True; no_unique_missing_import=true; no_safe_demo_print=true; taxonomy=UNRESOLVED:[""needs_human_review""]",none,not_eligible,no unique local semantics-preserving repair is evidenced,"likely algorithmic, boundary, data-flow, or otherwise unlocalized",none,c0d3c3231ddafb575c0f7832334d0ee9fbeb493e6639f4a545d4ee26b913ef7d,artifacts/public_benchmark_development/mbpp_candidate_b_development60/runs/mbpp_q35_9b_candidate_b_development60_replay_r003/raw_generations.jsonl,UNRESOLVED,"[""needs_human_review""]",false,false
4bbb8db9ccd9eb7d04210c1849e7520894729f485a33fddf20a709b7fb3c2987,qwen3.5:9b,Mbpp/721,55,Candidate_B_H0,4bbb8db9ccd9eb7d04210c1849e7520894729f485a33fddf20a709b7fb3c2987,other_syntax_or_ast_failure,SyntaxError=expected an indented block after 'if' statement on line 132; line=138,none,abstain,no uniquely inferable semantics-preserving edit,multiple syntactic repairs can produce different programs,4,a965e09eae757f4c60b0cbc8634a163978fc2190cac4da1caee7c48df37f280b,artifacts/public_benchmark_development/mbpp_candidate_b_development60/runs/mbpp_q35_9b_candidate_b_development60_replay_r003/raw_generations.jsonl,L1,"[""model_assembly_failure""]",false,false
4e8e311abbfa06697db20b02b810ed3b5556d46c5c19274bd64ba2b9a2766f73,qwen3.5:9b,Mbpp/16,55,Candidate_B_H0,4e8e311abbfa06697db20b02b810ed3b5556d46c5c19274bd64ba2b9a2766f73,semantic_algorithm_boundary_or_no_unique_local_mechanism,"AST parses; required_entry_point_present=True; no_unique_missing_import=true; no_safe_demo_print=true; taxonomy=UNRESOLVED:[""needs_human_review""]",none,not_eligible,no unique local semantics-preserving repair is evidenced,"likely algorithmic, boundary, data-flow, or otherwise unlocalized",none,716f60b65445f9d7c81fe2ce79f2b25037c78000af9f95ca7160718f0e6dc89d,artifacts/public_benchmark_development/mbpp_candidate_b_development60/runs/mbpp_q35_9b_candidate_b_development60_replay_r003/raw_generations.jsonl,UNRESOLVED,"[""needs_human_review""]",false,false
4f6a1f242e4b63146785d435f3e0bcf3a50933bc9aec8a6045795b5d4e998a4b,qwen3.5:9b,Mbpp/279,55,Candidate_B_H0,4f6a1f242e4b63146785d435f3e0bcf3a50933bc9aec8a6045795b5d4e998a4b,module_assert,one or more top-level Assert nodes; residual mechanism absent,module_assert_entrypoint_selftest_quarantine_v0,excluded_existing_H2,mechanism is already the exact fixed H2 development candidate,governed by H2; no new rule inferred,none,63ecf3cd1dd3e4fcf5b2bb3492dfe18ebcbb1e8998dc9f4125e25b812a783cae,artifacts/public_benchmark_development/mbpp_candidate_b_development60/runs/mbpp_q35_9b_candidate_b_development60_replay_r003/raw_generations.jsonl,UNRESOLVED,"[""needs_human_review""]",false,true
5019f72d2bc2fb86c03177d80a7816f6902d6a5bc4a087dacc99a57cd63baf06,qwen3.5:9b,Mbpp/255,11,Candidate_B_H0,5019f72d2bc2fb86c03177d80a7816f6902d6a5bc4a087dacc99a57cd63baf06,semantic_algorithm_boundary_or_no_unique_local_mechanism,"AST parses; required_entry_point_present=True; no_unique_missing_import=true; no_safe_demo_print=true; taxonomy=UNRESOLVED:[""needs_human_review""]",none,not_eligible,no unique local semantics-preserving repair is evidenced,"likely algorithmic, boundary, data-flow, or otherwise unlocalized",none,349de76397309a17646a731b14e78b39492d2a3a967aa4689df993a2cf7b10ae,artifacts/public_benchmark_development/mbpp_candidate_b_development60/runs/mbpp_q35_9b_candidate_b_development60_replay_r003/raw_generations.jsonl,UNRESOLVED,"[""needs_human_review""]",false,false
525f723f9a1c4712fdebc06ccdc6418f4de3a6e8651646cbec99288c5fee64b2,qwen3.5:9b,Mbpp/432,22,Candidate_B_H0,525f723f9a1c4712fdebc06ccdc6418f4de3a6e8651646cbec99288c5fee64b2,module_assert,one or more top-level Assert nodes; residual mechanism absent,module_assert_entrypoint_selftest_quarantine_v0,excluded_existing_H2,mechanism is already the exact fixed H2 development candidate,governed by H2; no new rule inferred,none,6314fe475b81efc834404177b18f11828b345d00571c97825870ccd06cd14479,artifacts/public_benchmark_development/mbpp_candidate_b_development60/runs/mbpp_q35_9b_candidate_b_development60_replay_r003/raw_generations.jsonl,UNRESOLVED,"[""needs_human_review""]",false,true
53e1494c968d9de1060a6f2704a8ca57d68b803f0afb1ab122539dfdb36dd039,qwen3.5:9b,Mbpp/786,33,Candidate_B_H0,53e1494c968d9de1060a6f2704a8ca57d68b803f0afb1ab122539dfdb36dd039,module_assert,one or more top-level Assert nodes; residual mechanism absent,module_assert_entrypoint_selftest_quarantine_v0,excluded_existing_H2,mechanism is already the exact fixed H2 development candidate,governed by H2; no new rule inferred,none,f05986f0c81f3760c08b797b209b852d23dfa5ed46513e9659009857313f509d,artifacts/public_benchmark_development/mbpp_candidate_b_development60/runs/mbpp_q35_9b_candidate_b_development60_replay_r003/raw_generations.jsonl,UNRESOLVED,"[""needs_human_review""]",false,true
578c5bf9895c10e09e10e0c1194a2ddf6b87d783e19582571098150b36269dea,qwen3.5:9b,Mbpp/769,11,Candidate_B_H0,578c5bf9895c10e09e10e0c1194a2ddf6b87d783e19582571098150b36269dea,semantic_algorithm_boundary_or_no_unique_local_mechanism,"AST parses; required_entry_point_present=True; no_unique_missing_import=true; no_safe_demo_print=true; taxonomy=UNRESOLVED:[""needs_human_review""]",none,not_eligible,no unique local semantics-preserving repair is evidenced,"likely algorithmic, boundary, data-flow, or otherwise unlocalized",none,fc786c85d2c43c870eeda640acb50dc586ec39c880d8e71deda68818d8dcb2b1,artifacts/public_benchmark_development/mbpp_candidate_b_development60/runs/mbpp_q35_9b_candidate_b_development60_replay_r003/raw_generations.jsonl,UNRESOLVED,"[""needs_human_review""]",false,false
59bf3b2536087d405be2241ea0a27d27da508e8388cf80bec413e67f9ab6269d,qwen3.5:9b,Mbpp/103,11,Candidate_B_H0,59bf3b2536087d405be2241ea0a27d27da508e8388cf80bec413e67f9ab6269d,semantic_algorithm_boundary_or_no_unique_local_mechanism,"AST parses; required_entry_point_present=True; no_unique_missing_import=true; no_safe_demo_print=true; taxonomy=L1:[""model_assembly_failure""]",none,not_eligible,no unique local semantics-preserving repair is evidenced,"likely algorithmic, boundary, data-flow, or otherwise unlocalized",none,c4e97df34dd7316af448950c3ad713aa1df16c64e92d3f3a012c731bba253618,artifacts/public_benchmark_development/mbpp_candidate_b_development60/runs/mbpp_q35_9b_candidate_b_development60_replay_r003/raw_generations.jsonl,L1,"[""model_assembly_failure""]",false,false
5b58236a8dd74781896f67d4a87859b04f6c7abba8fda28db27f116dbd4ccf8e,qwen3.5:9b,Mbpp/72,22,Candidate_B_H0,5b58236a8dd74781896f67d4a87859b04f6c7abba8fda28db27f116dbd4ccf8e,semantic_algorithm_boundary_or_no_unique_local_mechanism,"AST parses; required_entry_point_present=True; no_unique_missing_import=true; no_safe_demo_print=true; taxonomy=UNRESOLVED:[""needs_human_review""]",none,not_eligible,no unique local semantics-preserving repair is evidenced,"likely algorithmic, boundary, data-flow, or otherwise unlocalized",none,c4bc8fad8ece36374bb4be065a76a8f423219633182f6d0a7fd3a8bd28855366,artifacts/public_benchmark_development/mbpp_candidate_b_development60/runs/mbpp_q35_9b_candidate_b_development60_replay_r003/raw_generations.jsonl,UNRESOLVED,"[""needs_human_review""]",false,false
5bf8a1f3934680a03fdc52a96fcca133f19f3a6885bcc6c4f81bd72ef2bdc6b4,qwen3.5:9b,Mbpp/427,22,Candidate_B_H0,5bf8a1f3934680a03fdc52a96fcca133f19f3a6885bcc6c4f81bd72ef2bdc6b4,module_assert,one or more top-level Assert nodes; residual mechanism absent,module_assert_entrypoint_selftest_quarantine_v0,excluded_existing_H2,mechanism is already the exact fixed H2 development candidate,governed by H2; no new rule inferred,none,5dae3e96e27121f0eac4379e191a8197de69deac81b535c454ac1bf53a444d06,artifacts/public_benchmark_development/mbpp_candidate_b_development60/runs/mbpp_q35_9b_candidate_b_development60_replay_r003/raw_generations.jsonl,UNRESOLVED,"[""needs_human_review""]",false,true
5c195ebd425a3dd8b06b2403e00a815ad2538d6c9f54119448a585dac8c88715,qwen3.5:9b,Mbpp/103,22,Candidate_B_H0,5c195ebd425a3dd8b06b2403e00a815ad2538d6c9f54119448a585dac8c88715,semantic_algorithm_boundary_or_no_unique_local_mechanism,"AST parses; required_entry_point_present=True; no_unique_missing_import=true; no_safe_demo_print=true; taxonomy=UNRESOLVED:[""needs_human_review""]",none,not_eligible,no unique local semantics-preserving repair is evidenced,"likely algorithmic, boundary, data-flow, or otherwise unlocalized",none,e7f2fff34db2ef051be347d85f4d9ce6aa9491094cdace8bf2dbdccbe205adc8,artifacts/public_benchmark_development/mbpp_candidate_b_development60/runs/mbpp_q35_9b_candidate_b_development60_replay_r003/raw_generations.jsonl,UNRESOLVED,"[""needs_human_review""]",false,false
5c2515e4827b878e031b8a5708c4d7559c29cceb035050637e32423b757c46cc,qwen3.5:9b,Mbpp/124,55,Candidate_B_H0,5c2515e4827b878e031b8a5708c4d7559c29cceb035050637e32423b757c46cc,semantic_algorithm_boundary_or_no_unique_local_mechanism,"AST parses; required_entry_point_present=True; no_unique_missing_import=true; no_safe_demo_print=true; taxonomy=UNRESOLVED:[""needs_human_review""]",none,not_eligible,no unique local semantics-preserving repair is evidenced,"likely algorithmic, boundary, data-flow, or otherwise unlocalized",none,9b56e46c4de759dcbc5e2d6c998aac5fd8476fb5efa0bbfa4808fc61e5c24f05,artifacts/public_benchmark_development/mbpp_candidate_b_development60/runs/mbpp_q35_9b_candidate_b_development60_replay_r003/raw_generations.jsonl,UNRESOLVED,"[""needs_human_review""]",false,false
5e7b11eaaa932e83d0b496103cbe88e706d6b4edcbf5190b1395b7cdb7bc26a9,qwen3.5:9b,Mbpp/603,22,Candidate_B_H0,5e7b11eaaa932e83d0b496103cbe88e706d6b4edcbf5190b1395b7cdb7bc26a9,semantic_algorithm_boundary_or_no_unique_local_mechanism,"AST parses; required_entry_point_present=True; no_unique_missing_import=true; no_safe_demo_print=true; taxonomy=UNRESOLVED:[""needs_human_review""]",none,not_eligible,no unique local semantics-preserving repair is evidenced,"likely algorithmic, boundary, data-flow, or otherwise unlocalized",none,b5bf4678b01b579cbad8711d141e00fc34fa781b4ebd17a9df34dce599114e7d,artifacts/public_benchmark_development/mbpp_candidate_b_development60/runs/mbpp_q35_9b_candidate_b_development60_replay_r003/raw_generations.jsonl,UNRESOLVED,"[""needs_human_review""]",false,false
5ed7bb37b7f3170d75713428f8354054a4844c9100019b561eb00fc00144aba2,qwen3.5:9b,Mbpp/287,44,Candidate_B_H0,5ed7bb37b7f3170d75713428f8354054a4844c9100019b561eb00fc00144aba2,module_assert,one or more top-level Assert nodes; residual mechanism absent,module_assert_entrypoint_selftest_quarantine_v0,excluded_existing_H2,mechanism is already the exact fixed H2 development candidate,governed by H2; no new rule inferred,none,ae6c09a25f6362175124006d4d507dc906c10e2c73d4e38ef11e338b56ead6e8,artifacts/public_benchmark_development/mbpp_candidate_b_development60/runs/mbpp_q35_9b_candidate_b_development60_replay_r003/raw_generations.jsonl,UNRESOLVED,"[""needs_human_review""]",false,true
60d1ea73f977e4c7f0a1af9894b615d332953a916aceaed7ecc75569bbd91ac2,qwen3.5:9b,Mbpp/124,22,Candidate_B_H0,60d1ea73f977e4c7f0a1af9894b615d332953a916aceaed7ecc75569bbd91ac2,semantic_algorithm_boundary_or_no_unique_local_mechanism,"AST parses; required_entry_point_present=True; no_unique_missing_import=true; no_safe_demo_print=true; taxonomy=UNRESOLVED:[""needs_human_review""]",none,not_eligible,no unique local semantics-preserving repair is evidenced,"likely algorithmic, boundary, data-flow, or otherwise unlocalized",none,9b56e46c4de759dcbc5e2d6c998aac5fd8476fb5efa0bbfa4808fc61e5c24f05,artifacts/public_benchmark_development/mbpp_candidate_b_development60/runs/mbpp_q35_9b_candidate_b_development60_replay_r003/raw_generations.jsonl,UNRESOLVED,"[""needs_human_review""]",false,false
6107650d8a56ae0107d45b67e7571175e6698d84bc9f0ede8dff58f8f4929424,qwen3.5:9b,Mbpp/771,55,Candidate_B_H0,6107650d8a56ae0107d45b67e7571175e6698d84bc9f0ede8dff58f8f4929424,semantic_algorithm_boundary_or_no_unique_local_mechanism,"AST parses; required_entry_point_present=True; no_unique_missing_import=true; no_safe_demo_print=true; taxonomy=UNRESOLVED:[""needs_human_review""]",none,not_eligible,no unique local semantics-preserving repair is evidenced,"likely algorithmic, boundary, data-flow, or otherwise unlocalized",none,5af1260a6ecd5d94add9345805c9ef88fdec3c3c72bf4d09fe95eb196a4262ab,artifacts/public_benchmark_development/mbpp_candidate_b_development60/runs/mbpp_q35_9b_candidate_b_development60_replay_r003/raw_generations.jsonl,UNRESOLVED,"[""needs_human_review""]",false,false
6176106538687d5327c5324d7ca778b88d8ab7bc8321ee89ed496343872f5730,qwen3.5:9b,Mbpp/306,11,Candidate_B_H0,6176106538687d5327c5324d7ca778b88d8ab7bc8321ee89ed496343872f5730,truncation,done_reason=length; SyntaxError=unterminated triple-quoted string literal (detected at line 107); line=2,none,not_eligible,incomplete generation has no unique local repair,missing suffix may contain arbitrary algorithmic logic,none,af0b4b889da05950350fefdcbb7e61401692d92231e74d05f8b9774b47dc19f6,artifacts/public_benchmark_development/mbpp_candidate_b_development60/runs/mbpp_q35_9b_candidate_b_development60_replay_r003/raw_generations.jsonl,L1,"[""model_assembly_failure""]",false,false
629708e02e0157509188afabd3e23e38bf52328c6ba811dcf12363d83c7621a6,qwen3.5:9b,Mbpp/432,55,Candidate_B_H0,629708e02e0157509188afabd3e23e38bf52328c6ba811dcf12363d83c7621a6,module_assert,one or more top-level Assert nodes; residual mechanism absent,module_assert_entrypoint_selftest_quarantine_v0,excluded_existing_H2,mechanism is already the exact fixed H2 development candidate,governed by H2; no new rule inferred,none,6c98ad18f6e3ca281700957e4ac4ee8478c4d97f01fcf35e17a51c6c059c01bb,artifacts/public_benchmark_development/mbpp_candidate_b_development60/runs/mbpp_q35_9b_candidate_b_development60_replay_r003/raw_generations.jsonl,UNRESOLVED,"[""needs_human_review""]",false,true
6367b7adf0dcc6a964ff129d3713184a0bf42b89530700ec8c0e33b1d14d5849,qwen3.5:9b,Mbpp/440,22,Candidate_B_H0,6367b7adf0dcc6a964ff129d3713184a0bf42b89530700ec8c0e33b1d14d5849,module_assert,one or more top-level Assert nodes; residual mechanism absent,module_assert_entrypoint_selftest_quarantine_v0,excluded_existing_H2,mechanism is already the exact fixed H2 development candidate,governed by H2; no new rule inferred,none,b80bd515d629d8a323914574ad78d7c737e88ae476d8059f88c3cfa02fb67205,artifacts/public_benchmark_development/mbpp_candidate_b_development60/runs/mbpp_q35_9b_candidate_b_development60_replay_r003/raw_generations.jsonl,UNRESOLVED,"[""needs_human_review""]",false,true
643332a7c66f839f75e24546129bca2d4aacf4cdbd005fce6765c2e811855238,qwen3.5:9b,Mbpp/572,44,Candidate_B_H0,643332a7c66f839f75e24546129bca2d4aacf4cdbd005fce6765c2e811855238,semantic_algorithm_boundary_or_no_unique_local_mechanism,"AST parses; required_entry_point_present=True; no_unique_missing_import=true; no_safe_demo_print=true; taxonomy=UNRESOLVED:[""needs_human_review""]",none,not_eligible,no unique local semantics-preserving repair is evidenced,"likely algorithmic, boundary, data-flow, or otherwise unlocalized",none,5e4f3547d664de916546e430068ff97295cdfb83fa156ec81f847f5bbe18a76a,artifacts/public_benchmark_development/mbpp_candidate_b_development60/runs/mbpp_q35_9b_candidate_b_development60_replay_r003/raw_generations.jsonl,UNRESOLVED,"[""needs_human_review""]",false,false
65b945dcb63cfad531df7d56b1817fde397b27f6dff98c6581a337b4c41d31c3,qwen3.5:9b,Mbpp/748,33,Candidate_B_H0,65b945dcb63cfad531df7d56b1817fde397b27f6dff98c6581a337b4c41d31c3,semantic_algorithm_boundary_or_no_unique_local_mechanism,"AST parses; required_entry_point_present=True; no_unique_missing_import=true; no_safe_demo_print=true; taxonomy=UNRESOLVED:[""needs_human_review""]",none,not_eligible,no unique local semantics-preserving repair is evidenced,"likely algorithmic, boundary, data-flow, or otherwise unlocalized",none,a39da894f1d65920c59b150b57dac729576980fada5a7b464dda90f96e6209a6,artifacts/public_benchmark_development/mbpp_candidate_b_development60/runs/mbpp_q35_9b_candidate_b_development60_replay_r003/raw_generations.jsonl,UNRESOLVED,"[""needs_human_review""]",false,false
667258041def23e75eba7f3d6081918553cec7b9115360a33a4b1f2a3245ef2b,qwen3.5:9b,Mbpp/11,11,Candidate_B_H0,667258041def23e75eba7f3d6081918553cec7b9115360a33a4b1f2a3245ef2b,semantic_algorithm_boundary_or_no_unique_local_mechanism,"AST parses; required_entry_point_present=True; no_unique_missing_import=true; no_safe_demo_print=true; taxonomy=UNRESOLVED:[""needs_human_review""]",none,not_eligible,no unique local semantics-preserving repair is evidenced,"likely algorithmic, boundary, data-flow, or otherwise unlocalized",none,34aa6138ea20aa60d8f7451ac4a7f81733354b3ce927cc86fe34a97591afbc98,artifacts/public_benchmark_development/mbpp_candidate_b_development60/runs/mbpp_q35_9b_candidate_b_development60_replay_r003/raw_generations.jsonl,UNRESOLVED,"[""needs_human_review""]",false,false
67bb0a715bef627d5cfee1ef1d264236b521326aae40796ed497b905e52a2938,qwen3.5:9b,Mbpp/615,11,Candidate_B_H0,67bb0a715bef627d5cfee1ef1d264236b521326aae40796ed497b905e52a2938,semantic_algorithm_boundary_or_no_unique_local_mechanism,"AST parses; required_entry_point_present=True; no_unique_missing_import=true; no_safe_demo_print=true; taxonomy=UNRESOLVED:[""needs_human_review""]",none,not_eligible,no unique local semantics-preserving repair is evidenced,"likely algorithmic, boundary, data-flow, or otherwise unlocalized",none,ca412e8dce1022bee8cf8262556c7529fffb87d158ac85ffae23af3695d911d1,artifacts/public_benchmark_development/mbpp_candidate_b_development60/runs/mbpp_q35_9b_candidate_b_development60_replay_r003/raw_generations.jsonl,UNRESOLVED,"[""needs_human_review""]",false,false
69b535628ae6183c0aed1fc85d3a067903c30ff990129c5275093a345c723382,qwen3.5:9b,Mbpp/124,11,Candidate_B_H0,69b535628ae6183c0aed1fc85d3a067903c30ff990129c5275093a345c723382,semantic_algorithm_boundary_or_no_unique_local_mechanism,"AST parses; required_entry_point_present=True; no_unique_missing_import=true; no_safe_demo_print=true; taxonomy=UNRESOLVED:[""needs_human_review""]",none,not_eligible,no unique local semantics-preserving repair is evidenced,"likely algorithmic, boundary, data-flow, or otherwise unlocalized",none,9b56e46c4de759dcbc5e2d6c998aac5fd8476fb5efa0bbfa4808fc61e5c24f05,artifacts/public_benchmark_development/mbpp_candidate_b_development60/runs/mbpp_q35_9b_candidate_b_development60_replay_r003/raw_generations.jsonl,UNRESOLVED,"[""needs_human_review""]",false,false
6a3c32bd229b5b4d5db770fba3ef086213563289b97941b9bd12548c149831ec,qwen3.5:9b,Mbpp/255,44,Candidate_B_H0,6a3c32bd229b5b4d5db770fba3ef086213563289b97941b9bd12548c149831ec,semantic_algorithm_boundary_or_no_unique_local_mechanism,"AST parses; required_entry_point_present=True; no_unique_missing_import=true; no_safe_demo_print=true; taxonomy=UNRESOLVED:[""needs_human_review""]",none,not_eligible,no unique local semantics-preserving repair is evidenced,"likely algorithmic, boundary, data-flow, or otherwise unlocalized",none,1fff051f1a923d81b7495da8b73c0599c1446295ecafa2ba96587ba071477d37,artifacts/public_benchmark_development/mbpp_candidate_b_development60/runs/mbpp_q35_9b_candidate_b_development60_replay_r003/raw_generations.jsonl,UNRESOLVED,"[""needs_human_review""]",false,false
6baefc8d148a1a0a03ecb7fedfa9fef302b95505b687c2c7349daf8f4a3f768e,qwen3.5:9b,Mbpp/67,44,Candidate_B_H0,6baefc8d148a1a0a03ecb7fedfa9fef302b95505b687c2c7349daf8f4a3f768e,truncation,done_reason=length; SyntaxError=expected an indented block after function definition on line 215; line=215,none,not_eligible,incomplete generation has no unique local repair,missing suffix may contain arbitrary algorithmic logic,none,7968c599fc7fecfc46bf905a59e8a536bf78ed1f1d0c02ec8b33cb698b625f90,artifacts/public_benchmark_development/mbpp_candidate_b_development60/runs/mbpp_q35_9b_candidate_b_development60_replay_r003/raw_generations.jsonl,L1,"[""model_assembly_failure""]",false,false
6d29dd4ee79a526d569748360106a53eb4e80487bd7e69eefe2cb8e0e714aed7,qwen3.5:9b,Mbpp/786,44,Candidate_B_H0,6d29dd4ee79a526d569748360106a53eb4e80487bd7e69eefe2cb8e0e714aed7,semantic_algorithm_boundary_or_no_unique_local_mechanism,"AST parses; required_entry_point_present=True; no_unique_missing_import=true; no_safe_demo_print=true; taxonomy=UNRESOLVED:[""needs_human_review""]",none,not_eligible,no unique local semantics-preserving repair is evidenced,"likely algorithmic, boundary, data-flow, or otherwise unlocalized",none,56944df173dec29fc7dd4a7db739aad9aa2db83cf0a6c4e405e26c40777b1624,artifacts/public_benchmark_development/mbpp_candidate_b_development60/runs/mbpp_q35_9b_candidate_b_development60_replay_r003/raw_generations.jsonl,UNRESOLVED,"[""needs_human_review""]",false,false
6d322d7901db24de0d45c8ba71525e66d011932474ab8aeae274058d5f8def35,qwen3.5:9b,Mbpp/576,44,Candidate_B_H0,6d322d7901db24de0d45c8ba71525e66d011932474ab8aeae274058d5f8def35,semantic_algorithm_boundary_or_no_unique_local_mechanism,"AST parses; required_entry_point_present=True; no_unique_missing_import=true; no_safe_demo_print=true; taxonomy=UNRESOLVED:[""needs_human_review""]",none,not_eligible,no unique local semantics-preserving repair is evidenced,"likely algorithmic, boundary, data-flow, or otherwise unlocalized",none,33d72f31564d3871f89a913a9c97c8b1c6a859511ba048de77018a77b86ce99b,artifacts/public_benchmark_development/mbpp_candidate_b_development60/runs/mbpp_q35_9b_candidate_b_development60_replay_r003/raw_generations.jsonl,UNRESOLVED,"[""needs_human_review""]",false,false
6f38684ffaadcde4e2165ae9043a98afe30f777b49c3752269cec0e18417fdff,qwen3.5:9b,Mbpp/119,33,Candidate_B_H0,6f38684ffaadcde4e2165ae9043a98afe30f777b49c3752269cec0e18417fdff,semantic_algorithm_boundary_or_no_unique_local_mechanism,"AST parses; required_entry_point_present=True; no_unique_missing_import=true; no_safe_demo_print=true; taxonomy=UNRESOLVED:[""needs_human_review""]",none,not_eligible,no unique local semantics-preserving repair is evidenced,"likely algorithmic, boundary, data-flow, or otherwise unlocalized",none,60870ee332e2674fc416867fbd981763c188953312014fec5a7bf842592101a7,artifacts/public_benchmark_development/mbpp_candidate_b_development60/runs/mbpp_q35_9b_candidate_b_development60_replay_r003/raw_generations.jsonl,UNRESOLVED,"[""needs_human_review""]",false,false
70f586aba6f3965fb1463303753ecf4040872364230be73de4b4e51b340b8fb9,qwen3.5:9b,Mbpp/237,44,Candidate_B_H0,70f586aba6f3965fb1463303753ecf4040872364230be73de4b4e51b340b8fb9,semantic_algorithm_boundary_or_no_unique_local_mechanism,"AST parses; required_entry_point_present=True; no_unique_missing_import=true; no_safe_demo_print=true; taxonomy=UNRESOLVED:[""needs_human_review""]",none,not_eligible,no unique local semantics-preserving repair is evidenced,"likely algorithmic, boundary, data-flow, or otherwise unlocalized",none,4232a0988257265f142d08fb6513e8204bbcc3ad620c2ada06b255b92b695d62,artifacts/public_benchmark_development/mbpp_candidate_b_development60/runs/mbpp_q35_9b_candidate_b_development60_replay_r003/raw_generations.jsonl,UNRESOLVED,"[""needs_human_review""]",false,false
71012956073b53a6d9d9341681ec221238d2d1fe8cdd2dfc5a82291b2fb7d44f,qwen3.5:9b,Mbpp/777,33,Candidate_B_H0,71012956073b53a6d9d9341681ec221238d2d1fe8cdd2dfc5a82291b2fb7d44f,semantic_algorithm_boundary_or_no_unique_local_mechanism,"AST parses; required_entry_point_present=True; no_unique_missing_import=true; no_safe_demo_print=true; taxonomy=UNRESOLVED:[""needs_human_review""]",none,not_eligible,no unique local semantics-preserving repair is evidenced,"likely algorithmic, boundary, data-flow, or otherwise unlocalized",none,cb1af19e1fa01ea4684aabac3b4308abf204e5baaffe3a2b92e515ef1a02326b,artifacts/public_benchmark_development/mbpp_candidate_b_development60/runs/mbpp_q35_9b_candidate_b_development60_replay_r003/raw_generations.jsonl,UNRESOLVED,"[""needs_human_review""]",false,false
71d10e1c7198488b82c0f5e27b0aca10421b1a18611e4954ad4fb9ee5514ea22,qwen3.5:9b,Mbpp/14,44,Candidate_B_H0,71d10e1c7198488b82c0f5e27b0aca10421b1a18611e4954ad4fb9ee5514ea22,semantic_algorithm_boundary_or_no_unique_local_mechanism,"AST parses; required_entry_point_present=True; no_unique_missing_import=true; no_safe_demo_print=true; taxonomy=L2:[""output_packaging"",""needs_human_review""]",none,not_eligible,no unique local semantics-preserving repair is evidenced,"likely algorithmic, boundary, data-flow, or otherwise unlocalized",none,d11d86d9c15adb31a6df3eb1e2d785590878f500c723e1178dbe84cc4a91f4f4,artifacts/public_benchmark_development/mbpp_candidate_b_development60/runs/mbpp_q35_9b_candidate_b_development60_replay_r003/raw_generations.jsonl,L2,"[""output_packaging"",""needs_human_review""]",false,false
730042eea50b8ad4aae34728ece3f1ab16b2bb97771f5b3ddd5e5745c7e71585,qwen3.5:9b,Mbpp/742,22,Candidate_B_H0,730042eea50b8ad4aae34728ece3f1ab16b2bb97771f5b3ddd5e5745c7e71585,module_assert,one or more top-level Assert nodes; residual mechanism absent,module_assert_entrypoint_selftest_quarantine_v0,excluded_existing_H2,mechanism is already the exact fixed H2 development candidate,governed by H2; no new rule inferred,none,a74667cdd2f07abca9082b38b05f98b15d1e027c18b8cf500eea1b24aa8b295f,artifacts/public_benchmark_development/mbpp_candidate_b_development60/runs/mbpp_q35_9b_candidate_b_development60_replay_r003/raw_generations.jsonl,UNRESOLVED,"[""needs_human_review""]",false,true
7545d939bbed34004192b1b463e1d5afa7a76b846269f93dd9d178209f9ae1c0,qwen3.5:9b,Mbpp/473,55,Candidate_B_H0,7545d939bbed34004192b1b463e1d5afa7a76b846269f93dd9d178209f9ae1c0,semantic_algorithm_boundary_or_no_unique_local_mechanism,"AST parses; required_entry_point_present=True; no_unique_missing_import=true; no_safe_demo_print=true; taxonomy=UNRESOLVED:[""needs_human_review""]",none,not_eligible,no unique local semantics-preserving repair is evidenced,"likely algorithmic, boundary, data-flow, or otherwise unlocalized",none,79ddca420c1ed1438840da51085338251321a06a95e45f2f8f443c24d6efb1b9,artifacts/public_benchmark_development/mbpp_candidate_b_development60/runs/mbpp_q35_9b_candidate_b_development60_replay_r003/raw_generations.jsonl,UNRESOLVED,"[""needs_human_review""]",false,false
77223f4bbae7279a826f083779d37952881c8d4d61f1bb229600fefffcf4c5fd,qwen3.5:9b,Mbpp/432,44,Candidate_B_H0,77223f4bbae7279a826f083779d37952881c8d4d61f1bb229600fefffcf4c5fd,semantic_algorithm_boundary_or_no_unique_local_mechanism,"AST parses; required_entry_point_present=True; no_unique_missing_import=true; no_safe_demo_print=true; taxonomy=UNRESOLVED:[""needs_human_review""]",none,not_eligible,no unique local semantics-preserving repair is evidenced,"likely algorithmic, boundary, data-flow, or otherwise unlocalized",none,5316b08654622c2a2c5697de4983747a25336f5ed6ffb4782a014e7b32685f0b,artifacts/public_benchmark_development/mbpp_candidate_b_development60/runs/mbpp_q35_9b_candidate_b_development60_replay_r003/raw_generations.jsonl,UNRESOLVED,"[""needs_human_review""]",false,false
7738db7659ec9333e7d321294197cb3c3fef5d5fc72f77a196e819256f5ed8b9,qwen3.5:9b,Mbpp/739,33,Candidate_B_H0,7738db7659ec9333e7d321294197cb3c3fef5d5fc72f77a196e819256f5ed8b9,module_assert,one or more top-level Assert nodes; residual mechanism absent,module_assert_entrypoint_selftest_quarantine_v0,excluded_existing_H2,mechanism is already the exact fixed H2 development candidate,governed by H2; no new rule inferred,none,3ac5dea5d962739b77659788cf92f5740fe893ccded276aa2fa4d5194faa6028,artifacts/public_benchmark_development/mbpp_candidate_b_development60/runs/mbpp_q35_9b_candidate_b_development60_replay_r003/raw_generations.jsonl,UNRESOLVED,"[""needs_human_review""]",false,true
77ac3b8fbd623bdf0762d2ed6082720197b57f51a53b8c77fcd77523604f047d,qwen3.5:9b,Mbpp/777,44,Candidate_B_H0,77ac3b8fbd623bdf0762d2ed6082720197b57f51a53b8c77fcd77523604f047d,module_assert,one or more top-level Assert nodes; residual mechanism absent,module_assert_entrypoint_selftest_quarantine_v0,excluded_existing_H2,mechanism is already the exact fixed H2 development candidate,governed by H2; no new rule inferred,none,c085d65dc17cf98fa9a2be1b35d790f0529306e8196df1a4f837e8c8b9ea0181,artifacts/public_benchmark_development/mbpp_candidate_b_development60/runs/mbpp_q35_9b_candidate_b_development60_replay_r003/raw_generations.jsonl,UNRESOLVED,"[""needs_human_review""]",false,true
782774eab651523e2edbb469876812fbc4ec136263429b1ff7ba40538884dcfd,qwen3.5:9b,Mbpp/244,44,Candidate_B_H0,782774eab651523e2edbb469876812fbc4ec136263429b1ff7ba40538884dcfd,semantic_algorithm_boundary_or_no_unique_local_mechanism,"AST parses; required_entry_point_present=True; no_unique_missing_import=true; no_safe_demo_print=true; taxonomy=UNRESOLVED:[""needs_human_review""]",none,not_eligible,no unique local semantics-preserving repair is evidenced,"likely algorithmic, boundary, data-flow, or otherwise unlocalized",none,d2c1838f2686c5c3b812ce19f89719ff4cc82f5d6bd4aabff83d3072dc85787d,artifacts/public_benchmark_development/mbpp_candidate_b_development60/runs/mbpp_q35_9b_candidate_b_development60_replay_r003/raw_generations.jsonl,UNRESOLVED,"[""needs_human_review""]",false,false
794b418dfbb6d97af9e2062fff770e1a4c2f85140a9b42ec6cc6b6fa589eb937,qwen3.5:9b,Mbpp/118,33,Candidate_B_H0,794b418dfbb6d97af9e2062fff770e1a4c2f85140a9b42ec6cc6b6fa589eb937,module_assert,one or more top-level Assert nodes; residual mechanism absent,module_assert_entrypoint_selftest_quarantine_v0,excluded_existing_H2,mechanism is already the exact fixed H2 development candidate,governed by H2; no new rule inferred,none,79ddde1f1c4fb93383183e049d1e502948d9f354d7c75226d644a9d40472e542,artifacts/public_benchmark_development/mbpp_candidate_b_development60/runs/mbpp_q35_9b_candidate_b_development60_replay_r003/raw_generations.jsonl,UNRESOLVED,"[""needs_human_review""]",false,true
7a42d5510092e63637c51173576a5bbdd091d9fb18fbc36627f0cd73a6dc86a9,qwen3.5:9b,Mbpp/786,11,Candidate_B_H0,7a42d5510092e63637c51173576a5bbdd091d9fb18fbc36627f0cd73a6dc86a9,module_assert,one or more top-level Assert nodes; residual mechanism absent,module_assert_entrypoint_selftest_quarantine_v0,excluded_existing_H2,mechanism is already the exact fixed H2 development candidate,governed by H2; no new rule inferred,none,c56bec069269094d467466bfb56701887b576de490367dddb8baaa35815182d9,artifacts/public_benchmark_development/mbpp_candidate_b_development60/runs/mbpp_q35_9b_candidate_b_development60_replay_r003/raw_generations.jsonl,UNRESOLVED,"[""needs_human_review""]",false,true
7c7bf358de0139c9688826eac3ca6414efd233291d4226cc2f656c58f9c3a8a3,qwen3.5:9b,Mbpp/735,22,Candidate_B_H0,7c7bf358de0139c9688826eac3ca6414efd233291d4226cc2f656c58f9c3a8a3,module_assert,one or more top-level Assert nodes; residual mechanism absent,module_assert_entrypoint_selftest_quarantine_v0,excluded_existing_H2,mechanism is already the exact fixed H2 development candidate,governed by H2; no new rule inferred,none,d10258400b3be7a57e1714c5ca377a05a255988df140ddf83ffcc6ba6f3bf468,artifacts/public_benchmark_development/mbpp_candidate_b_development60/runs/mbpp_q35_9b_candidate_b_development60_replay_r003/raw_generations.jsonl,UNRESOLVED,"[""needs_human_review""]",false,true
7d222fbf55bad2d3b5d9c780f0fab275d7a48eddfe0646b7aec968b0fb898d28,qwen3.5:9b,Mbpp/125,55,Candidate_B_H0,7d222fbf55bad2d3b5d9c780f0fab275d7a48eddfe0646b7aec968b0fb898d28,module_assert,one or more top-level Assert nodes; residual mechanism absent,module_assert_entrypoint_selftest_quarantine_v0,excluded_existing_H2,mechanism is already the exact fixed H2 development candidate,governed by H2; no new rule inferred,none,223aa16a21c9230b04fa1455c135aa2e1efa23c9c08dca50c9038cc99b935af7,artifacts/public_benchmark_development/mbpp_candidate_b_development60/runs/mbpp_q35_9b_candidate_b_development60_replay_r003/raw_generations.jsonl,UNRESOLVED,"[""needs_human_review""]",false,true
7d66673b97fe97bcd362fd08195ad2524133a2bfeda9adbfd0ac17505536c035,qwen3.5:9b,Mbpp/244,33,Candidate_B_H0,7d66673b97fe97bcd362fd08195ad2524133a2bfeda9adbfd0ac17505536c035,module_assert,one or more top-level Assert nodes; residual mechanism absent,module_assert_entrypoint_selftest_quarantine_v0,excluded_existing_H2,mechanism is already the exact fixed H2 development candidate,governed by H2; no new rule inferred,none,c72fd96a7c231c1c50016cb898cadb41e08d679ce2032e3bcb92b92a508e7463,artifacts/public_benchmark_development/mbpp_candidate_b_development60/runs/mbpp_q35_9b_candidate_b_development60_replay_r003/raw_generations.jsonl,UNRESOLVED,"[""needs_human_review""]",false,true
7e48bbab46a558a65bfcda696b6fdd192dd25600c5134c0ea8ae7040ae931298,qwen3.5:9b,Mbpp/430,33,Candidate_B_H0,7e48bbab46a558a65bfcda696b6fdd192dd25600c5134c0ea8ae7040ae931298,semantic_algorithm_boundary_or_no_unique_local_mechanism,"AST parses; required_entry_point_present=True; no_unique_missing_import=true; no_safe_demo_print=true; taxonomy=UNRESOLVED:[""needs_human_review""]",none,not_eligible,no unique local semantics-preserving repair is evidenced,"likely algorithmic, boundary, data-flow, or otherwise unlocalized",none,20b3412c7fe2f6f1496a3bbd43c533dffacbf91d6cfebc3a30f869f71bdaba08,artifacts/public_benchmark_development/mbpp_candidate_b_development60/runs/mbpp_q35_9b_candidate_b_development60_replay_r003/raw_generations.jsonl,UNRESOLVED,"[""needs_human_review""]",false,false
7e865e15f3bf0cfe4619ac724f009fa7a0d5134e1660e32f1a74469073da8824,qwen3.5:9b,Mbpp/765,55,Candidate_B_H0,7e865e15f3bf0cfe4619ac724f009fa7a0d5134e1660e32f1a74469073da8824,semantic_algorithm_boundary_or_no_unique_local_mechanism,"AST parses; required_entry_point_present=True; no_unique_missing_import=true; no_safe_demo_print=true; taxonomy=UNRESOLVED:[""needs_human_review""]",none,not_eligible,no unique local semantics-preserving repair is evidenced,"likely algorithmic, boundary, data-flow, or otherwise unlocalized",none,8a231d3dc4d836642549037d8740873758afcdadcecb8f7d777df5f71dda724e,artifacts/public_benchmark_development/mbpp_candidate_b_development60/runs/mbpp_q35_9b_candidate_b_development60_replay_r003/raw_generations.jsonl,UNRESOLVED,"[""needs_human_review""]",false,false
80e9e1cc3a249dd8da36d260f934304728b7eb6a6438bdb0f851e45f47ab74bb,qwen3.5:9b,Mbpp/633,22,Candidate_B_H0,80e9e1cc3a249dd8da36d260f934304728b7eb6a6438bdb0f851e45f47ab74bb,semantic_algorithm_boundary_or_no_unique_local_mechanism,"AST parses; required_entry_point_present=True; no_unique_missing_import=true; no_safe_demo_print=true; taxonomy=UNRESOLVED:[""needs_human_review""]",none,not_eligible,no unique local semantics-preserving repair is evidenced,"likely algorithmic, boundary, data-flow, or otherwise unlocalized",none,8091229a4f06f27a90ff4f19e74c15f59bf1d810415db39b240f3a8a76135947,artifacts/public_benchmark_development/mbpp_candidate_b_development60/runs/mbpp_q35_9b_candidate_b_development60_replay_r003/raw_generations.jsonl,UNRESOLVED,"[""needs_human_review""]",false,false
81cd6f1d055d47e781e3d08c914571b1959ebc39655a00f7ecfd110508503b4e,qwen3.5:9b,Mbpp/427,11,Candidate_B_H0,81cd6f1d055d47e781e3d08c914571b1959ebc39655a00f7ecfd110508503b4e,semantic_algorithm_boundary_or_no_unique_local_mechanism,"AST parses; required_entry_point_present=True; no_unique_missing_import=true; no_safe_demo_print=true; taxonomy=UNRESOLVED:[""needs_human_review""]",none,not_eligible,no unique local semantics-preserving repair is evidenced,"likely algorithmic, boundary, data-flow, or otherwise unlocalized",none,e620cba770bcd2fb047bc27efae8eed206cb95f8f0a5e89631dd65d5fbda3d34,artifacts/public_benchmark_development/mbpp_candidate_b_development60/runs/mbpp_q35_9b_candidate_b_development60_replay_r003/raw_generations.jsonl,UNRESOLVED,"[""needs_human_review""]",false,false
83b0f95093eb347659aaf335ea129890f0d3be93e35b8a532e0d7968f916e795,qwen3.5:9b,Mbpp/576,11,Candidate_B_H0,83b0f95093eb347659aaf335ea129890f0d3be93e35b8a532e0d7968f916e795,semantic_algorithm_boundary_or_no_unique_local_mechanism,"AST parses; required_entry_point_present=True; no_unique_missing_import=true; no_safe_demo_print=true; taxonomy=UNRESOLVED:[""needs_human_review""]",none,not_eligible,no unique local semantics-preserving repair is evidenced,"likely algorithmic, boundary, data-flow, or otherwise unlocalized",none,8d185875060d8ecc20021eea582a378ccd00e2a5901105f471ee9928748a11d5,artifacts/public_benchmark_development/mbpp_candidate_b_development60/runs/mbpp_q35_9b_candidate_b_development60_replay_r003/raw_generations.jsonl,UNRESOLVED,"[""needs_human_review""]",false,false
8406e78362de082453800aa627d56e53b5170bf464a7358ed301f3612aeb1ff3,qwen3.5:9b,Mbpp/742,55,Candidate_B_H0,8406e78362de082453800aa627d56e53b5170bf464a7358ed301f3612aeb1ff3,semantic_algorithm_boundary_or_no_unique_local_mechanism,"AST parses; required_entry_point_present=True; no_unique_missing_import=true; no_safe_demo_print=true; taxonomy=UNRESOLVED:[""needs_human_review""]",none,not_eligible,no unique local semantics-preserving repair is evidenced,"likely algorithmic, boundary, data-flow, or otherwise unlocalized",none,3e66023365706e3411fd45ed91862f4388607bdf2ad1e7e75415681f9db16b81,artifacts/public_benchmark_development/mbpp_candidate_b_development60/runs/mbpp_q35_9b_candidate_b_development60_replay_r003/raw_generations.jsonl,UNRESOLVED,"[""needs_human_review""]",false,false
84f71b53c98028b255fd361fab6deec391cb7e68bf49bd27e8a27950260897d1,qwen3.5:9b,Mbpp/279,33,Candidate_B_H0,84f71b53c98028b255fd361fab6deec391cb7e68bf49bd27e8a27950260897d1,module_assert,one or more top-level Assert nodes; residual mechanism absent,module_assert_entrypoint_selftest_quarantine_v0,excluded_existing_H2,mechanism is already the exact fixed H2 development candidate,governed by H2; no new rule inferred,none,4dcb25dc6c726e6a13792e642e64741a55cb55c2db073fc1833e20ad2d2729f2,artifacts/public_benchmark_development/mbpp_candidate_b_development60/runs/mbpp_q35_9b_candidate_b_development60_replay_r003/raw_generations.jsonl,UNRESOLVED,"[""needs_human_review""]",false,true
866739b5b8f57631f1a69318ccccf5b802b31f0fc38b57e6a75e358d9ef9a9c2,qwen3.5:9b,Mbpp/748,11,Candidate_B_H0,866739b5b8f57631f1a69318ccccf5b802b31f0fc38b57e6a75e358d9ef9a9c2,semantic_algorithm_boundary_or_no_unique_local_mechanism,"AST parses; required_entry_point_present=True; no_unique_missing_import=true; no_safe_demo_print=true; taxonomy=UNRESOLVED:[""needs_human_review""]",none,not_eligible,no unique local semantics-preserving repair is evidenced,"likely algorithmic, boundary, data-flow, or otherwise unlocalized",none,e90098ad2d9146729054842c76873d3e89b0d2b8f064d2079219cd621cd3e126,artifacts/public_benchmark_development/mbpp_candidate_b_development60/runs/mbpp_q35_9b_candidate_b_development60_replay_r003/raw_generations.jsonl,UNRESOLVED,"[""needs_human_review""]",false,false
8699ddc85623d70a3dbe7a1089a83253609f045283508b07921ba71c727553f2,qwen3.5:9b,Mbpp/603,11,Candidate_B_H0,8699ddc85623d70a3dbe7a1089a83253609f045283508b07921ba71c727553f2,semantic_algorithm_boundary_or_no_unique_local_mechanism,"AST parses; required_entry_point_present=True; no_unique_missing_import=true; no_safe_demo_print=true; taxonomy=UNRESOLVED:[""needs_human_review""]",none,not_eligible,no unique local semantics-preserving repair is evidenced,"likely algorithmic, boundary, data-flow, or otherwise unlocalized",none,4e36de517f125bd4b02bdff2ffe026e1df9b99276dfefeac5931d319f1be410f,artifacts/public_benchmark_development/mbpp_candidate_b_development60/runs/mbpp_q35_9b_candidate_b_development60_replay_r003/raw_generations.jsonl,UNRESOLVED,"[""needs_human_review""]",false,false
883bb5c2baf15a50049994e7df5f032221d1b0808f589b20d4fb13c62a50e6a6,qwen3.5:9b,Mbpp/119,44,Candidate_B_H0,883bb5c2baf15a50049994e7df5f032221d1b0808f589b20d4fb13c62a50e6a6,truncation,done_reason=length; SyntaxError=unterminated string literal (detected at line 36); line=36,none,not_eligible,incomplete generation has no unique local repair,missing suffix may contain arbitrary algorithmic logic,none,3ad649afe9b5a11632191cd516a88a78ef476566f9c51188e4c74062d19ac291,artifacts/public_benchmark_development/mbpp_candidate_b_development60/runs/mbpp_q35_9b_candidate_b_development60_replay_r003/raw_generations.jsonl,L1,"[""model_assembly_failure""]",false,false
8be467a87d48ada42b452f75670c330df1e5f4a334816d133ece971a93245e51,qwen3.5:9b,Mbpp/735,44,Candidate_B_H0,8be467a87d48ada42b452f75670c330df1e5f4a334816d133ece971a93245e51,module_assert,one or more top-level Assert nodes; residual mechanism absent,module_assert_entrypoint_selftest_quarantine_v0,excluded_existing_H2,mechanism is already the exact fixed H2 development candidate,governed by H2; no new rule inferred,none,2d509aaab032a6457998d5aa050fbc40dd8e9fc848828590618d52dda1177c11,artifacts/public_benchmark_development/mbpp_candidate_b_development60/runs/mbpp_q35_9b_candidate_b_development60_replay_r003/raw_generations.jsonl,UNRESOLVED,"[""needs_human_review""]",false,true
8c4a86b4c5c2dc7f2ec53338538b0859c10c4920752c5d3fe775a0332148cd44,qwen3.5:9b,Mbpp/742,11,Candidate_B_H0,8c4a86b4c5c2dc7f2ec53338538b0859c10c4920752c5d3fe775a0332148cd44,semantic_algorithm_boundary_or_no_unique_local_mechanism,"AST parses; required_entry_point_present=True; no_unique_missing_import=true; no_safe_demo_print=true; taxonomy=UNRESOLVED:[""needs_human_review""]",none,not_eligible,no unique local semantics-preserving repair is evidenced,"likely algorithmic, boundary, data-flow, or otherwise unlocalized",none,f4490808899e16947fcb70c38e43256419b4ea33bf5b57630cce463b73f54ea9,artifacts/public_benchmark_development/mbpp_candidate_b_development60/runs/mbpp_q35_9b_candidate_b_development60_replay_r003/raw_generations.jsonl,UNRESOLVED,"[""needs_human_review""]",false,false
8d29dd7b90d6f6d5d40952fa779359cdfdffae349a2878878b394031ed030d8a,qwen3.5:9b,Mbpp/259,11,Candidate_B_H0,8d29dd7b90d6f6d5d40952fa779359cdfdffae349a2878878b394031ed030d8a,semantic_algorithm_boundary_or_no_unique_local_mechanism,"AST parses; required_entry_point_present=True; no_unique_missing_import=true; no_safe_demo_print=true; taxonomy=UNRESOLVED:[""needs_human_review""]",none,not_eligible,no unique local semantics-preserving repair is evidenced,"likely algorithmic, boundary, data-flow, or otherwise unlocalized",none,994aba1f5782443bc9f1de7710382dca0aa1d9fd4c5af962a7c6759d6b9a1481,artifacts/public_benchmark_development/mbpp_candidate_b_development60/runs/mbpp_q35_9b_candidate_b_development60_replay_r003/raw_generations.jsonl,UNRESOLVED,"[""needs_human_review""]",false,false
8ef0641f265717551638f61f1daf725c93f863842cab36e6f422970e23d7f298,qwen3.5:9b,Mbpp/576,22,Candidate_B_H0,8ef0641f265717551638f61f1daf725c93f863842cab36e6f422970e23d7f298,semantic_algorithm_boundary_or_no_unique_local_mechanism,"AST parses; required_entry_point_present=True; no_unique_missing_import=true; no_safe_demo_print=true; taxonomy=UNRESOLVED:[""needs_human_review""]",none,not_eligible,no unique local semantics-preserving repair is evidenced,"likely algorithmic, boundary, data-flow, or otherwise unlocalized",none,33d72f31564d3871f89a913a9c97c8b1c6a859511ba048de77018a77b86ce99b,artifacts/public_benchmark_development/mbpp_candidate_b_development60/runs/mbpp_q35_9b_candidate_b_development60_replay_r003/raw_generations.jsonl,UNRESOLVED,"[""needs_human_review""]",false,false
8efb7dab63074d068958eb903bb89b857440f1025c119a6035c2c9a841f50742,qwen3.5:9b,Mbpp/607,55,Candidate_B_H0,8efb7dab63074d068958eb903bb89b857440f1025c119a6035c2c9a841f50742,semantic_algorithm_boundary_or_no_unique_local_mechanism,"AST parses; required_entry_point_present=True; no_unique_missing_import=true; no_safe_demo_print=true; taxonomy=UNRESOLVED:[""needs_human_review""]",none,not_eligible,no unique local semantics-preserving repair is evidenced,"likely algorithmic, boundary, data-flow, or otherwise unlocalized",none,274e3346df93eaf83cb270242ba9ad150daa359280f9c2f9cb84a08e090b797a,artifacts/public_benchmark_development/mbpp_candidate_b_development60/runs/mbpp_q35_9b_candidate_b_development60_replay_r003/raw_generations.jsonl,UNRESOLVED,"[""needs_human_review""]",false,false
8f2e043d3ef8a94ec9db97c703ff778ec9a46582d481a979e5cf806434f470fc,qwen3.5:9b,Mbpp/622,22,Candidate_B_H0,8f2e043d3ef8a94ec9db97c703ff778ec9a46582d481a979e5cf806434f470fc,semantic_algorithm_boundary_or_no_unique_local_mechanism,"AST parses; required_entry_point_present=True; no_unique_missing_import=true; no_safe_demo_print=true; taxonomy=UNRESOLVED:[""needs_human_review""]",none,not_eligible,no unique local semantics-preserving repair is evidenced,"likely algorithmic, boundary, data-flow, or otherwise unlocalized",none,2cabf126d33108173ed3369c6a89006e41d9773560104bdc2d6c52f98e3581e1,artifacts/public_benchmark_development/mbpp_candidate_b_development60/runs/mbpp_q35_9b_candidate_b_development60_replay_r003/raw_generations.jsonl,UNRESOLVED,"[""needs_human_review""]",false,false
911004db3b2b2b4724d3fdf4eef002f43f6e501788d6d24dc9a463d615182161,qwen3.5:9b,Mbpp/244,55,Candidate_B_H0,911004db3b2b2b4724d3fdf4eef002f43f6e501788d6d24dc9a463d615182161,semantic_algorithm_boundary_or_no_unique_local_mechanism,"AST parses; required_entry_point_present=True; no_unique_missing_import=true; no_safe_demo_print=true; taxonomy=UNRESOLVED:[""needs_human_review""]",none,not_eligible,no unique local semantics-preserving repair is evidenced,"likely algorithmic, boundary, data-flow, or otherwise unlocalized",none,facec816024c79b7f2b4dfbe36145f3e420090b4b7241e0ae8de88eeb491747a,artifacts/public_benchmark_development/mbpp_candidate_b_development60/runs/mbpp_q35_9b_candidate_b_development60_replay_r003/raw_generations.jsonl,UNRESOLVED,"[""needs_human_review""]",false,false
94ad97956f46bf1c8310acc9ba772d28e446fd47a066ac3a10c19733cdb80eb5,qwen3.5:9b,Mbpp/237,11,Candidate_B_H0,94ad97956f46bf1c8310acc9ba772d28e446fd47a066ac3a10c19733cdb80eb5,semantic_algorithm_boundary_or_no_unique_local_mechanism,"AST parses; required_entry_point_present=True; no_unique_missing_import=true; no_safe_demo_print=true; taxonomy=UNRESOLVED:[""needs_human_review""]",none,not_eligible,no unique local semantics-preserving repair is evidenced,"likely algorithmic, boundary, data-flow, or otherwise unlocalized",none,4232a0988257265f142d08fb6513e8204bbcc3ad620c2ada06b255b92b695d62,artifacts/public_benchmark_development/mbpp_candidate_b_development60/runs/mbpp_q35_9b_candidate_b_development60_replay_r003/raw_generations.jsonl,UNRESOLVED,"[""needs_human_review""]",false,false
951a8909d85003fe8b785bf08c8afa0e476f67af5544a8a0896405b66444e9e7,qwen3.5:9b,Mbpp/244,11,Candidate_B_H0,951a8909d85003fe8b785bf08c8afa0e476f67af5544a8a0896405b66444e9e7,semantic_algorithm_boundary_or_no_unique_local_mechanism,"AST parses; required_entry_point_present=True; no_unique_missing_import=true; no_safe_demo_print=true; taxonomy=UNRESOLVED:[""needs_human_review""]",none,not_eligible,no unique local semantics-preserving repair is evidenced,"likely algorithmic, boundary, data-flow, or otherwise unlocalized",none,311c8149e99c91085d12ff106a90d68249fbb8e71ae158dc22535c42181c2081,artifacts/public_benchmark_development/mbpp_candidate_b_development60/runs/mbpp_q35_9b_candidate_b_development60_replay_r003/raw_generations.jsonl,UNRESOLVED,"[""needs_human_review""]",false,false
988e14a3191e7bc858a23195cd2356a37acd3408f288a68fe062cc838aa4d738,qwen3.5:9b,Mbpp/427,44,Candidate_B_H0,988e14a3191e7bc858a23195cd2356a37acd3408f288a68fe062cc838aa4d738,semantic_algorithm_boundary_or_no_unique_local_mechanism,"AST parses; required_entry_point_present=True; no_unique_missing_import=true; no_safe_demo_print=true; taxonomy=UNRESOLVED:[""needs_human_review""]",none,not_eligible,no unique local semantics-preserving repair is evidenced,"likely algorithmic, boundary, data-flow, or otherwise unlocalized",none,e620cba770bcd2fb047bc27efae8eed206cb95f8f0a5e89631dd65d5fbda3d34,artifacts/public_benchmark_development/mbpp_candidate_b_development60/runs/mbpp_q35_9b_candidate_b_development60_replay_r003/raw_generations.jsonl,UNRESOLVED,"[""needs_human_review""]",false,false
9ad0aec70e9293ceb0bd48dd62d61cd09be24b487b3158726bf9b037a4c72d20,qwen3.5:9b,Mbpp/633,44,Candidate_B_H0,9ad0aec70e9293ceb0bd48dd62d61cd09be24b487b3158726bf9b037a4c72d20,semantic_algorithm_boundary_or_no_unique_local_mechanism,"AST parses; required_entry_point_present=True; no_unique_missing_import=true; no_safe_demo_print=true; taxonomy=UNRESOLVED:[""needs_human_review""]",none,not_eligible,no unique local semantics-preserving repair is evidenced,"likely algorithmic, boundary, data-flow, or otherwise unlocalized",none,0bf3841b521e73bf38c8d932108b3f2bbd2598b9a557d4c021ccc680fa781fea,artifacts/public_benchmark_development/mbpp_candidate_b_development60/runs/mbpp_q35_9b_candidate_b_development60_replay_r003/raw_generations.jsonl,UNRESOLVED,"[""needs_human_review""]",false,false
9c039dfa41d59651f601049574731d2cd46837edcdd1ff8367bea8a11acbbc60,qwen3.5:9b,Mbpp/14,22,Candidate_B_H0,9c039dfa41d59651f601049574731d2cd46837edcdd1ff8367bea8a11acbbc60,semantic_algorithm_boundary_or_no_unique_local_mechanism,"AST parses; required_entry_point_present=True; no_unique_missing_import=true; no_safe_demo_print=true; taxonomy=L2:[""output_packaging"",""needs_human_review""]",none,not_eligible,no unique local semantics-preserving repair is evidenced,"likely algorithmic, boundary, data-flow, or otherwise unlocalized",none,d11d86d9c15adb31a6df3eb1e2d785590878f500c723e1178dbe84cc4a91f4f4,artifacts/public_benchmark_development/mbpp_candidate_b_development60/runs/mbpp_q35_9b_candidate_b_development60_replay_r003/raw_generations.jsonl,L2,"[""output_packaging"",""needs_human_review""]",false,false
9cecbec0d7bbabf0c9111cd5a25e8a8bf100bd34a82e191b68129e9bbef557a3,qwen3.5:9b,Mbpp/620,44,Candidate_B_H0,9cecbec0d7bbabf0c9111cd5a25e8a8bf100bd34a82e191b68129e9bbef557a3,semantic_algorithm_boundary_or_no_unique_local_mechanism,"AST parses; required_entry_point_present=True; no_unique_missing_import=true; no_safe_demo_print=true; taxonomy=UNRESOLVED:[""needs_human_review""]",none,not_eligible,no unique local semantics-preserving repair is evidenced,"likely algorithmic, boundary, data-flow, or otherwise unlocalized",none,836fcfdf6d445da2563a21a147687e11df7eac6ae4f9fffd26710f42d632f976,artifacts/public_benchmark_development/mbpp_candidate_b_development60/runs/mbpp_q35_9b_candidate_b_development60_replay_r003/raw_generations.jsonl,UNRESOLVED,"[""needs_human_review""]",false,false
9dbe9166f6ac22cedfafb269276c88ee25a37cf84044e736f7be00d8089464ba,qwen3.5:9b,Mbpp/777,22,Candidate_B_H0,9dbe9166f6ac22cedfafb269276c88ee25a37cf84044e736f7be00d8089464ba,semantic_algorithm_boundary_or_no_unique_local_mechanism,"AST parses; required_entry_point_present=True; no_unique_missing_import=true; no_safe_demo_print=true; taxonomy=UNRESOLVED:[""needs_human_review""]",none,not_eligible,no unique local semantics-preserving repair is evidenced,"likely algorithmic, boundary, data-flow, or otherwise unlocalized",none,cb1af19e1fa01ea4684aabac3b4308abf204e5baaffe3a2b92e515ef1a02326b,artifacts/public_benchmark_development/mbpp_candidate_b_development60/runs/mbpp_q35_9b_candidate_b_development60_replay_r003/raw_generations.jsonl,UNRESOLVED,"[""needs_human_review""]",false,false
9e18ea3b77dec3889b77aee7d178f530cc35c7395c53cb0e6d2c87af57c80dd6,qwen3.5:9b,Mbpp/597,55,Candidate_B_H0,9e18ea3b77dec3889b77aee7d178f530cc35c7395c53cb0e6d2c87af57c80dd6,semantic_algorithm_boundary_or_no_unique_local_mechanism,"AST parses; required_entry_point_present=True; no_unique_missing_import=true; no_safe_demo_print=true; taxonomy=UNRESOLVED:[""needs_human_review""]",none,not_eligible,no unique local semantics-preserving repair is evidenced,"likely algorithmic, boundary, data-flow, or otherwise unlocalized",none,5dd186eaf8083b4984705e8e143b7af88a835ef98e548fe7668cc05614a24f20,artifacts/public_benchmark_development/mbpp_candidate_b_development60/runs/mbpp_q35_9b_candidate_b_development60_replay_r003/raw_generations.jsonl,UNRESOLVED,"[""needs_human_review""]",false,false
9fbaeb2fde2f5269cb095adec1f0eb429ea5be3f8a121443e93c221d146fc561,qwen3.5:9b,Mbpp/306,55,Candidate_B_H0,9fbaeb2fde2f5269cb095adec1f0eb429ea5be3f8a121443e93c221d146fc561,truncation,done_reason=length; SyntaxError=unterminated triple-quoted string literal (detected at line 131); line=2,none,not_eligible,incomplete generation has no unique local repair,missing suffix may contain arbitrary algorithmic logic,none,8bf550981435226f0c041f37aa5b9f3e6737c81d99a317d1369f57bebbbf1268,artifacts/public_benchmark_development/mbpp_candidate_b_development60/runs/mbpp_q35_9b_candidate_b_development60_replay_r003/raw_generations.jsonl,L1,"[""model_assembly_failure""]",false,false
a06202ce4039e2b576f621e42a728c6dc065f9b126fd037f86a6c12666543a32,qwen3.5:9b,Mbpp/430,55,Candidate_B_H0,a06202ce4039e2b576f621e42a728c6dc065f9b126fd037f86a6c12666543a32,semantic_algorithm_boundary_or_no_unique_local_mechanism,"AST parses; required_entry_point_present=True; no_unique_missing_import=true; no_safe_demo_print=true; taxonomy=UNRESOLVED:[""needs_human_review""]",none,not_eligible,no unique local semantics-preserving repair is evidenced,"likely algorithmic, boundary, data-flow, or otherwise unlocalized",none,2b25959bb7fde3cc5c0cedbd40daef6ff510e0c67751e0482f90fa84e4fcc7ce,artifacts/public_benchmark_development/mbpp_candidate_b_development60/runs/mbpp_q35_9b_candidate_b_development60_replay_r003/raw_generations.jsonl,UNRESOLVED,"[""needs_human_review""]",false,false
a1f89435d65b81afbd0d0ba1668834d6ab0b9b50a9a57e28e91b1f4e34e7f713,qwen3.5:9b,Mbpp/722,22,Candidate_B_H0,a1f89435d65b81afbd0d0ba1668834d6ab0b9b50a9a57e28e91b1f4e34e7f713,semantic_algorithm_boundary_or_no_unique_local_mechanism,"AST parses; required_entry_point_present=True; no_unique_missing_import=true; no_safe_demo_print=true; taxonomy=UNRESOLVED:[""needs_human_review""]",none,not_eligible,no unique local semantics-preserving repair is evidenced,"likely algorithmic, boundary, data-flow, or otherwise unlocalized",none,c0d3c3231ddafb575c0f7832334d0ee9fbeb493e6639f4a545d4ee26b913ef7d,artifacts/public_benchmark_development/mbpp_candidate_b_development60/runs/mbpp_q35_9b_candidate_b_development60_replay_r003/raw_generations.jsonl,UNRESOLVED,"[""needs_human_review""]",false,false
a21d93f5cd31bea214bd77b9da4892c7376511f95bfba62b81fc3e701fac392c,qwen3.5:9b,Mbpp/597,22,Candidate_B_H0,a21d93f5cd31bea214bd77b9da4892c7376511f95bfba62b81fc3e701fac392c,other_syntax_or_ast_failure,SyntaxError=invalid syntax; line=17,none,abstain,no uniquely inferable semantics-preserving edit,multiple syntactic repairs can produce different programs,4,665a6b1dc290716e3624f28df65968f3b8adac7c12174a79c09220431af3aed2,artifacts/public_benchmark_development/mbpp_candidate_b_development60/runs/mbpp_q35_9b_candidate_b_development60_replay_r003/raw_generations.jsonl,L1,"[""model_assembly_failure""]",false,false
a2dc45257f6a71f7d31a1b9dd5c14e57129eefbe2d06e48dfa1ebb6199e88be3,qwen3.5:9b,Mbpp/581,11,Candidate_B_H0,a2dc45257f6a71f7d31a1b9dd5c14e57129eefbe2d06e48dfa1ebb6199e88be3,semantic_algorithm_boundary_or_no_unique_local_mechanism,"AST parses; required_entry_point_present=True; no_unique_missing_import=true; no_safe_demo_print=true; taxonomy=UNRESOLVED:[""needs_human_review""]",none,not_eligible,no unique local semantics-preserving repair is evidenced,"likely algorithmic, boundary, data-flow, or otherwise unlocalized",none,1e100872ddffd60da980697ea0907ac77572d7c8d6446138ba0abfd3b3afb444,artifacts/public_benchmark_development/mbpp_candidate_b_development60/runs/mbpp_q35_9b_candidate_b_development60_replay_r003/raw_generations.jsonl,UNRESOLVED,"[""needs_human_review""]",false,false
a4fb31fb0a9e1c4080e4c75cc53a842c29cfd030ea1cd5ba7d6f29a34bd605ee,qwen3.5:9b,Mbpp/138,55,Candidate_B_H0,a4fb31fb0a9e1c4080e4c75cc53a842c29cfd030ea1cd5ba7d6f29a34bd605ee,module_assert,one or more top-level Assert nodes; residual mechanism absent,module_assert_entrypoint_selftest_quarantine_v0,excluded_existing_H2,mechanism is already the exact fixed H2 development candidate,governed by H2; no new rule inferred,none,c372761f36477131b571012670731979310bc92b70e635ae5d23d829efa0cd72,artifacts/public_benchmark_development/mbpp_candidate_b_development60/runs/mbpp_q35_9b_candidate_b_development60_replay_r003/raw_generations.jsonl,UNRESOLVED,"[""needs_human_review""]",false,true
a63f9d97cba10e46cb00cd363e9f3de9cec93661af43258ddfd7f9deda1dae91,qwen3.5:9b,Mbpp/287,11,Candidate_B_H0,a63f9d97cba10e46cb00cd363e9f3de9cec93661af43258ddfd7f9deda1dae91,module_assert,one or more top-level Assert nodes; residual mechanism absent,module_assert_entrypoint_selftest_quarantine_v0,excluded_existing_H2,mechanism is already the exact fixed H2 development candidate,governed by H2; no new rule inferred,none,ae6c09a25f6362175124006d4d507dc906c10e2c73d4e38ef11e338b56ead6e8,artifacts/public_benchmark_development/mbpp_candidate_b_development60/runs/mbpp_q35_9b_candidate_b_development60_replay_r003/raw_generations.jsonl,UNRESOLVED,"[""needs_human_review""]",false,true
a6a4398773853bd405ef18d191a8182c599b3467aabc2b417f070a11fc93044b,qwen3.5:9b,Mbpp/576,33,Candidate_B_H0,a6a4398773853bd405ef18d191a8182c599b3467aabc2b417f070a11fc93044b,semantic_algorithm_boundary_or_no_unique_local_mechanism,"AST parses; required_entry_point_present=True; no_unique_missing_import=true; no_safe_demo_print=true; taxonomy=UNRESOLVED:[""needs_human_review""]",none,not_eligible,no unique local semantics-preserving repair is evidenced,"likely algorithmic, boundary, data-flow, or otherwise unlocalized",none,33d72f31564d3871f89a913a9c97c8b1c6a859511ba048de77018a77b86ce99b,artifacts/public_benchmark_development/mbpp_candidate_b_development60/runs/mbpp_q35_9b_candidate_b_development60_replay_r003/raw_generations.jsonl,UNRESOLVED,"[""needs_human_review""]",false,false
a6b26635210ce9147ed93f1b67d5770d814ac10f06a4819332de022287d457a8,qwen3.5:9b,Mbpp/786,55,Candidate_B_H0,a6b26635210ce9147ed93f1b67d5770d814ac10f06a4819332de022287d457a8,module_assert,one or more top-level Assert nodes; residual mechanism absent,module_assert_entrypoint_selftest_quarantine_v0,excluded_existing_H2,mechanism is already the exact fixed H2 development candidate,governed by H2; no new rule inferred,none,4c96bec37a7b887ab6b25f6083598a27fc0ab5b2b6a8a04b794ace9247bc93f5,artifacts/public_benchmark_development/mbpp_candidate_b_development60/runs/mbpp_q35_9b_candidate_b_development60_replay_r003/raw_generations.jsonl,UNRESOLVED,"[""needs_human_review""]",false,true
a6f3b32f10e03fb5ebe7025f863b1bff932bf5459b3d9aae070a3497d37ed62a,qwen3.5:9b,Mbpp/119,22,Candidate_B_H0,a6f3b32f10e03fb5ebe7025f863b1bff932bf5459b3d9aae070a3497d37ed62a,semantic_algorithm_boundary_or_no_unique_local_mechanism,"AST parses; required_entry_point_present=True; no_unique_missing_import=true; no_safe_demo_print=true; taxonomy=UNRESOLVED:[""needs_human_review""]",none,not_eligible,no unique local semantics-preserving repair is evidenced,"likely algorithmic, boundary, data-flow, or otherwise unlocalized",none,375577b78614df12d4d2d234df1242cdd765157a3899a860380824d84bfb7e45,artifacts/public_benchmark_development/mbpp_candidate_b_development60/runs/mbpp_q35_9b_candidate_b_development60_replay_r003/raw_generations.jsonl,UNRESOLVED,"[""needs_human_review""]",false,false
a8954da149cf2b2798c61370566a7ffae02a90b9b497e047e36999d7a77a653d,qwen3.5:9b,Mbpp/748,44,Candidate_B_H0,a8954da149cf2b2798c61370566a7ffae02a90b9b497e047e36999d7a77a653d,semantic_algorithm_boundary_or_no_unique_local_mechanism,"AST parses; required_entry_point_present=True; no_unique_missing_import=true; no_safe_demo_print=true; taxonomy=UNRESOLVED:[""needs_human_review""]",none,not_eligible,no unique local semantics-preserving repair is evidenced,"likely algorithmic, boundary, data-flow, or otherwise unlocalized",none,621d5f3adb9598c983a7658b507f2ece90c1b942f520fd7ea95a16e7368e7f76,artifacts/public_benchmark_development/mbpp_candidate_b_development60/runs/mbpp_q35_9b_candidate_b_development60_replay_r003/raw_generations.jsonl,UNRESOLVED,"[""needs_human_review""]",false,false
a89776d747b376e8bde41df0d5026a882931a14a9669e84814607c6153de428f,qwen3.5:9b,Mbpp/615,22,Candidate_B_H0,a89776d747b376e8bde41df0d5026a882931a14a9669e84814607c6153de428f,semantic_algorithm_boundary_or_no_unique_local_mechanism,"AST parses; required_entry_point_present=True; no_unique_missing_import=true; no_safe_demo_print=true; taxonomy=UNRESOLVED:[""needs_human_review""]",none,not_eligible,no unique local semantics-preserving repair is evidenced,"likely algorithmic, boundary, data-flow, or otherwise unlocalized",none,ca412e8dce1022bee8cf8262556c7529fffb87d158ac85ffae23af3695d911d1,artifacts/public_benchmark_development/mbpp_candidate_b_development60/runs/mbpp_q35_9b_candidate_b_development60_replay_r003/raw_generations.jsonl,UNRESOLVED,"[""needs_human_review""]",false,false
ad4c43603b9f8b7f5b6a3a777940c6c799881fc2fb043e193e3237bcaf3af7f9,qwen3.5:9b,Mbpp/103,55,Candidate_B_H0,ad4c43603b9f8b7f5b6a3a777940c6c799881fc2fb043e193e3237bcaf3af7f9,semantic_algorithm_boundary_or_no_unique_local_mechanism,"AST parses; required_entry_point_present=True; no_unique_missing_import=true; no_safe_demo_print=true; taxonomy=UNRESOLVED:[""needs_human_review""]",none,not_eligible,no unique local semantics-preserving repair is evidenced,"likely algorithmic, boundary, data-flow, or otherwise unlocalized",none,c528903756f472e1fe7154bdef2d19b3f23b851ca42f5a0d0ff04856cc685faa,artifacts/public_benchmark_development/mbpp_candidate_b_development60/runs/mbpp_q35_9b_candidate_b_development60_replay_r003/raw_generations.jsonl,UNRESOLVED,"[""needs_human_review""]",false,false
ad804faaa993c6c80adaaa9ca4ac0620777da79c55a95a1b52bfc90c002e356c,qwen3.5:9b,Mbpp/67,22,Candidate_B_H0,ad804faaa993c6c80adaaa9ca4ac0620777da79c55a95a1b52bfc90c002e356c,truncation,done_reason=length; SyntaxError=expected an indented block after 'while' statement on line 37; line=45,none,not_eligible,incomplete generation has no unique local repair,missing suffix may contain arbitrary algorithmic logic,none,5a9410e94d39c8f7ca0970b167e5fc14c6a3105f303b67b5cf4b7ce82a7506d0,artifacts/public_benchmark_development/mbpp_candidate_b_development60/runs/mbpp_q35_9b_candidate_b_development60_replay_r003/raw_generations.jsonl,L1,"[""model_assembly_failure""]",false,false
adabb72ada06cf013110e50516822d955a8f47fa44f7bd6af35ce4eec55bfff0,qwen3.5:9b,Mbpp/620,33,Candidate_B_H0,adabb72ada06cf013110e50516822d955a8f47fa44f7bd6af35ce4eec55bfff0,truncation,done_reason=length; SyntaxError=expected an indented block after 'if' statement on line 40; line=58,none,not_eligible,incomplete generation has no unique local repair,missing suffix may contain arbitrary algorithmic logic,none,5342e1eff57781141222fb7f932379e7157e2525f28104cc40f8e555213b6832,artifacts/public_benchmark_development/mbpp_candidate_b_development60/runs/mbpp_q35_9b_candidate_b_development60_replay_r003/raw_generations.jsonl,L1,"[""model_assembly_failure""]",false,false
ae0ea3edc7597b91f18d21dae1503c2333353a0b9686af9742afd8e1f056e10a,qwen3.5:9b,Mbpp/410,44,Candidate_B_H0,ae0ea3edc7597b91f18d21dae1503c2333353a0b9686af9742afd8e1f056e10a,semantic_algorithm_boundary_or_no_unique_local_mechanism,"AST parses; required_entry_point_present=True; no_unique_missing_import=true; no_safe_demo_print=true; taxonomy=UNRESOLVED:[""needs_human_review""]",none,not_eligible,no unique local semantics-preserving repair is evidenced,"likely algorithmic, boundary, data-flow, or otherwise unlocalized",none,6598d591b790f2b6274311114905405631f407a001853c917da18151f6211810,artifacts/public_benchmark_development/mbpp_candidate_b_development60/runs/mbpp_q35_9b_candidate_b_development60_replay_r003/raw_generations.jsonl,UNRESOLVED,"[""needs_human_review""]",false,false
af469fe5ae58e9b111c2a5b1d78741fe0dfb9ed0d54b43f939e23ae28c87bcea,qwen3.5:9b,Mbpp/237,22,Candidate_B_H0,af469fe5ae58e9b111c2a5b1d78741fe0dfb9ed0d54b43f939e23ae28c87bcea,module_assert,one or more top-level Assert nodes; residual mechanism absent,module_assert_entrypoint_selftest_quarantine_v0,excluded_existing_H2,mechanism is already the exact fixed H2 development candidate,governed by H2; no new rule inferred,none,c133f830767237f66da751a597b7ec3b19c7039eb88edb13dc9611bd5b9dca0b,artifacts/public_benchmark_development/mbpp_candidate_b_development60/runs/mbpp_q35_9b_candidate_b_development60_replay_r003/raw_generations.jsonl,UNRESOLVED,"[""needs_human_review""]",false,true
b53eb5394646562e9018fd62140757c361be7e8f56c700b0a93d00b9368a19f9,qwen3.5:9b,Mbpp/622,44,Candidate_B_H0,b53eb5394646562e9018fd62140757c361be7e8f56c700b0a93d00b9368a19f9,semantic_algorithm_boundary_or_no_unique_local_mechanism,"AST parses; required_entry_point_present=True; no_unique_missing_import=true; no_safe_demo_print=true; taxonomy=UNRESOLVED:[""needs_human_review""]",none,not_eligible,no unique local semantics-preserving repair is evidenced,"likely algorithmic, boundary, data-flow, or otherwise unlocalized",none,3237450387be2b62c8c402e9c2923846805d70e575e4f168fadb87ea972f6eae,artifacts/public_benchmark_development/mbpp_candidate_b_development60/runs/mbpp_q35_9b_candidate_b_development60_replay_r003/raw_generations.jsonl,UNRESOLVED,"[""needs_human_review""]",false,false
b63e3c913c74a74a79cca769520da9b92a2d6bcb640882d2df8a189812e67ef6,qwen3.5:9b,Mbpp/410,11,Candidate_B_H0,b63e3c913c74a74a79cca769520da9b92a2d6bcb640882d2df8a189812e67ef6,semantic_algorithm_boundary_or_no_unique_local_mechanism,"AST parses; required_entry_point_present=True; no_unique_missing_import=true; no_safe_demo_print=true; taxonomy=UNRESOLVED:[""needs_human_review""]",none,not_eligible,no unique local semantics-preserving repair is evidenced,"likely algorithmic, boundary, data-flow, or otherwise unlocalized",none,7f61b30cfdadcfc365c6cf6daaa79170942e69f2f3c1dabf2d87ae549cdedefe,artifacts/public_benchmark_development/mbpp_candidate_b_development60/runs/mbpp_q35_9b_candidate_b_development60_replay_r003/raw_generations.jsonl,UNRESOLVED,"[""needs_human_review""]",false,false
b677e7ee4faca0108c29317a74d6acd3c5f699de647fe062c61ad5efc6dbb2e5,qwen3.5:9b,Mbpp/748,22,Candidate_B_H0,b677e7ee4faca0108c29317a74d6acd3c5f699de647fe062c61ad5efc6dbb2e5,semantic_algorithm_boundary_or_no_unique_local_mechanism,"AST parses; required_entry_point_present=True; no_unique_missing_import=true; no_safe_demo_print=true; taxonomy=UNRESOLVED:[""needs_human_review""]",none,not_eligible,no unique local semantics-preserving repair is evidenced,"likely algorithmic, boundary, data-flow, or otherwise unlocalized",none,3be5279fad8d88ccd74c20a43ade6ea38016287d64772325a78e524f4ae9e798,artifacts/public_benchmark_development/mbpp_candidate_b_development60/runs/mbpp_q35_9b_candidate_b_development60_replay_r003/raw_generations.jsonl,UNRESOLVED,"[""needs_human_review""]",false,false
b6e2db7b77ea67e9897812741b8ed2e18bd37201bdcee87bfa2eb6548dabaaa2,qwen3.5:9b,Mbpp/607,22,Candidate_B_H0,b6e2db7b77ea67e9897812741b8ed2e18bd37201bdcee87bfa2eb6548dabaaa2,semantic_algorithm_boundary_or_no_unique_local_mechanism,"AST parses; required_entry_point_present=True; no_unique_missing_import=true; no_safe_demo_print=true; taxonomy=UNRESOLVED:[""needs_human_review""]",none,not_eligible,no unique local semantics-preserving repair is evidenced,"likely algorithmic, boundary, data-flow, or otherwise unlocalized",none,ea972e176c40625d3417bb06905982b0ed587a88db4de93f9231301d153ead61,artifacts/public_benchmark_development/mbpp_candidate_b_development60/runs/mbpp_q35_9b_candidate_b_development60_replay_r003/raw_generations.jsonl,UNRESOLVED,"[""needs_human_review""]",false,false
b7f7b3ad0cd0e64a4a89bfab78560985393b23746de0bfb589d3e5539e1041f2,qwen3.5:9b,Mbpp/244,22,Candidate_B_H0,b7f7b3ad0cd0e64a4a89bfab78560985393b23746de0bfb589d3e5539e1041f2,module_assert,one or more top-level Assert nodes; residual mechanism absent,module_assert_entrypoint_selftest_quarantine_v0,excluded_existing_H2,mechanism is already the exact fixed H2 development candidate,governed by H2; no new rule inferred,none,c72fd96a7c231c1c50016cb898cadb41e08d679ce2032e3bcb92b92a508e7463,artifacts/public_benchmark_development/mbpp_candidate_b_development60/runs/mbpp_q35_9b_candidate_b_development60_replay_r003/raw_generations.jsonl,UNRESOLVED,"[""needs_human_review""]",false,true
b977ada54f0a13704e4e0f3507761d860242d6b745c9d9f44e0750c972d28e2c,qwen3.5:9b,Mbpp/99,44,Candidate_B_H0,b977ada54f0a13704e4e0f3507761d860242d6b745c9d9f44e0750c972d28e2c,semantic_algorithm_boundary_or_no_unique_local_mechanism,"AST parses; required_entry_point_present=True; no_unique_missing_import=true; no_safe_demo_print=true; taxonomy=UNRESOLVED:[""needs_human_review""]",none,not_eligible,no unique local semantics-preserving repair is evidenced,"likely algorithmic, boundary, data-flow, or otherwise unlocalized",none,5d42e07b73cd94f1566f80d4c314ba907073729b2db4e850e167eb184853b68d,artifacts/public_benchmark_development/mbpp_candidate_b_development60/runs/mbpp_q35_9b_candidate_b_development60_replay_r003/raw_generations.jsonl,UNRESOLVED,"[""needs_human_review""]",false,false
ba78506a3e44c95de2ee2e90bcfbebfc58b91703227e9ec65aaf922d046c31cd,qwen3.5:9b,Mbpp/237,33,Candidate_B_H0,ba78506a3e44c95de2ee2e90bcfbebfc58b91703227e9ec65aaf922d046c31cd,semantic_algorithm_boundary_or_no_unique_local_mechanism,"AST parses; required_entry_point_present=True; no_unique_missing_import=true; no_safe_demo_print=true; taxonomy=UNRESOLVED:[""needs_human_review""]",none,not_eligible,no unique local semantics-preserving repair is evidenced,"likely algorithmic, boundary, data-flow, or otherwise unlocalized",none,4232a0988257265f142d08fb6513e8204bbcc3ad620c2ada06b255b92b695d62,artifacts/public_benchmark_development/mbpp_candidate_b_development60/runs/mbpp_q35_9b_candidate_b_development60_replay_r003/raw_generations.jsonl,UNRESOLVED,"[""needs_human_review""]",false,false
bbcfbf7cb6786406b7dde275f718e2fcc2b980043166bfc200703d5cbef2b8dc,qwen3.5:9b,Mbpp/16,44,Candidate_B_H0,bbcfbf7cb6786406b7dde275f718e2fcc2b980043166bfc200703d5cbef2b8dc,semantic_algorithm_boundary_or_no_unique_local_mechanism,"AST parses; required_entry_point_present=True; no_unique_missing_import=true; no_safe_demo_print=true; taxonomy=UNRESOLVED:[""needs_human_review""]",none,not_eligible,no unique local semantics-preserving repair is evidenced,"likely algorithmic, boundary, data-flow, or otherwise unlocalized",none,d15d4edc70c54f81e92cb072b1661a325d33768fe011b3348b1df66ae0a3107a,artifacts/public_benchmark_development/mbpp_candidate_b_development60/runs/mbpp_q35_9b_candidate_b_development60_replay_r003/raw_generations.jsonl,UNRESOLVED,"[""needs_human_review""]",false,false
bce7d06fe15d627115b96c241688d603b61450245867becd7f426917dfcfa2a9,qwen3.5:9b,Mbpp/138,44,Candidate_B_H0,bce7d06fe15d627115b96c241688d603b61450245867becd7f426917dfcfa2a9,module_assert,one or more top-level Assert nodes; residual mechanism absent,module_assert_entrypoint_selftest_quarantine_v0,excluded_existing_H2,mechanism is already the exact fixed H2 development candidate,governed by H2; no new rule inferred,none,c372761f36477131b571012670731979310bc92b70e635ae5d23d829efa0cd72,artifacts/public_benchmark_development/mbpp_candidate_b_development60/runs/mbpp_q35_9b_candidate_b_development60_replay_r003/raw_generations.jsonl,UNRESOLVED,"[""needs_human_review""]",false,true
bdaf6b291abc934fa2ad02af1beddbeba53acd1b5911b00024085d7072919efa,qwen3.5:9b,Mbpp/255,22,Candidate_B_H0,bdaf6b291abc934fa2ad02af1beddbeba53acd1b5911b00024085d7072919efa,semantic_algorithm_boundary_or_no_unique_local_mechanism,"AST parses; required_entry_point_present=True; no_unique_missing_import=true; no_safe_demo_print=true; taxonomy=UNRESOLVED:[""needs_human_review""]",none,not_eligible,no unique local semantics-preserving repair is evidenced,"likely algorithmic, boundary, data-flow, or otherwise unlocalized",none,fe3b3c8c5938a81091f5b5e370ec5a7331b764eebf92181ead4d7a495e3ddc1f,artifacts/public_benchmark_development/mbpp_candidate_b_development60/runs/mbpp_q35_9b_candidate_b_development60_replay_r003/raw_generations.jsonl,UNRESOLVED,"[""needs_human_review""]",false,false
be02f058d52c050cf5574665a7ed4d56e20d6afde2ef686be3c6c59cc8878352,qwen3.5:9b,Mbpp/72,11,Candidate_B_H0,be02f058d52c050cf5574665a7ed4d56e20d6afde2ef686be3c6c59cc8878352,semantic_algorithm_boundary_or_no_unique_local_mechanism,"AST parses; required_entry_point_present=True; no_unique_missing_import=true; no_safe_demo_print=true; taxonomy=UNRESOLVED:[""needs_human_review""]",none,not_eligible,no unique local semantics-preserving repair is evidenced,"likely algorithmic, boundary, data-flow, or otherwise unlocalized",none,05355fdab3c38a38d24107c09555a4612c688211b4b41c683d4cabb3a5e218ed,artifacts/public_benchmark_development/mbpp_candidate_b_development60/runs/mbpp_q35_9b_candidate_b_development60_replay_r003/raw_generations.jsonl,UNRESOLVED,"[""needs_human_review""]",false,false
bf89a824ca07792fc9d14d89cd30b82b2d94122c012226a5b6d6519f19d60cfe,qwen3.5:9b,Mbpp/99,22,Candidate_B_H0,bf89a824ca07792fc9d14d89cd30b82b2d94122c012226a5b6d6519f19d60cfe,semantic_algorithm_boundary_or_no_unique_local_mechanism,"AST parses; required_entry_point_present=True; no_unique_missing_import=true; no_safe_demo_print=true; taxonomy=UNRESOLVED:[""needs_human_review""]",none,not_eligible,no unique local semantics-preserving repair is evidenced,"likely algorithmic, boundary, data-flow, or otherwise unlocalized",none,dcbff47648a49899f678bdd5dc8b310ab600a5f4b0eefda8103982d28506dda0,artifacts/public_benchmark_development/mbpp_candidate_b_development60/runs/mbpp_q35_9b_candidate_b_development60_replay_r003/raw_generations.jsonl,UNRESOLVED,"[""needs_human_review""]",false,false
bfa80269cd8ac74c1987bbbac1e79a24054e0e85f65cf1a4afe972f89b56e57b,qwen3.5:9b,Mbpp/103,44,Candidate_B_H0,bfa80269cd8ac74c1987bbbac1e79a24054e0e85f65cf1a4afe972f89b56e57b,semantic_algorithm_boundary_or_no_unique_local_mechanism,"AST parses; required_entry_point_present=True; no_unique_missing_import=true; no_safe_demo_print=true; taxonomy=UNRESOLVED:[""needs_human_review""]",none,not_eligible,no unique local semantics-preserving repair is evidenced,"likely algorithmic, boundary, data-flow, or otherwise unlocalized",none,ee91cbd1e4e843a20ad5e517135995220881374956c3be0191c2a442ddafbd77,artifacts/public_benchmark_development/mbpp_candidate_b_development60/runs/mbpp_q35_9b_candidate_b_development60_replay_r003/raw_generations.jsonl,UNRESOLVED,"[""needs_human_review""]",false,false
c0c06f6fcb5b4dee869e572fda5e23ee98116f5e4c3d5d6a3d3cc96161a7bab0,qwen3.5:9b,Mbpp/615,55,Candidate_B_H0,c0c06f6fcb5b4dee869e572fda5e23ee98116f5e4c3d5d6a3d3cc96161a7bab0,semantic_algorithm_boundary_or_no_unique_local_mechanism,"AST parses; required_entry_point_present=True; no_unique_missing_import=true; no_safe_demo_print=true; taxonomy=UNRESOLVED:[""needs_human_review""]",none,not_eligible,no unique local semantics-preserving repair is evidenced,"likely algorithmic, boundary, data-flow, or otherwise unlocalized",none,3f4d4e68d77afc383b671a50c33730f1475fa2d7c6ac12a4ae689949db8924df,artifacts/public_benchmark_development/mbpp_candidate_b_development60/runs/mbpp_q35_9b_candidate_b_development60_replay_r003/raw_generations.jsonl,UNRESOLVED,"[""needs_human_review""]",false,false
c0c3cb24fc5d28ad23b148ccbebed6139d95e7086ae028e689fc30b7c0413d4a,qwen3.5:9b,Mbpp/633,33,Candidate_B_H0,c0c3cb24fc5d28ad23b148ccbebed6139d95e7086ae028e689fc30b7c0413d4a,semantic_algorithm_boundary_or_no_unique_local_mechanism,"AST parses; required_entry_point_present=True; no_unique_missing_import=true; no_safe_demo_print=true; taxonomy=UNRESOLVED:[""needs_human_review""]",none,not_eligible,no unique local semantics-preserving repair is evidenced,"likely algorithmic, boundary, data-flow, or otherwise unlocalized",none,d5683b06081a57c01f79777b7c835e3d72e63f69d1a4e71da1cac6464c482817,artifacts/public_benchmark_development/mbpp_candidate_b_development60/runs/mbpp_q35_9b_candidate_b_development60_replay_r003/raw_generations.jsonl,UNRESOLVED,"[""needs_human_review""]",false,false
c1a7d197c7708b5d9494be779a7ed9b43d38dd7e02feba17c9ca255fa9a9b9df,qwen3.5:9b,Mbpp/99,11,Candidate_B_H0,c1a7d197c7708b5d9494be779a7ed9b43d38dd7e02feba17c9ca255fa9a9b9df,semantic_algorithm_boundary_or_no_unique_local_mechanism,"AST parses; required_entry_point_present=True; no_unique_missing_import=true; no_safe_demo_print=true; taxonomy=UNRESOLVED:[""needs_human_review""]",none,not_eligible,no unique local semantics-preserving repair is evidenced,"likely algorithmic, boundary, data-flow, or otherwise unlocalized",none,5d42e07b73cd94f1566f80d4c314ba907073729b2db4e850e167eb184853b68d,artifacts/public_benchmark_development/mbpp_candidate_b_development60/runs/mbpp_q35_9b_candidate_b_development60_replay_r003/raw_generations.jsonl,UNRESOLVED,"[""needs_human_review""]",false,false
c28319db61e1533961266cde4482f7ff82ea45618db4181d2744e4fc81c0e5df,qwen3.5:9b,Mbpp/622,33,Candidate_B_H0,c28319db61e1533961266cde4482f7ff82ea45618db4181d2744e4fc81c0e5df,semantic_algorithm_boundary_or_no_unique_local_mechanism,"AST parses; required_entry_point_present=True; no_unique_missing_import=true; no_safe_demo_print=true; taxonomy=UNRESOLVED:[""needs_human_review""]",none,not_eligible,no unique local semantics-preserving repair is evidenced,"likely algorithmic, boundary, data-flow, or otherwise unlocalized",none,b3ad915992b2d94066821c1fe3f333d3e29236968bb987a5a32eccc9f1ee42bf,artifacts/public_benchmark_development/mbpp_candidate_b_development60/runs/mbpp_q35_9b_candidate_b_development60_replay_r003/raw_generations.jsonl,UNRESOLVED,"[""needs_human_review""]",false,false
c2d651467e7abc045cfc9a4c523081d3f7dd86ed356ac965a3793a3b2998e2ed,qwen3.5:9b,Mbpp/11,22,Candidate_B_H0,c2d651467e7abc045cfc9a4c523081d3f7dd86ed356ac965a3793a3b2998e2ed,semantic_algorithm_boundary_or_no_unique_local_mechanism,"AST parses; required_entry_point_present=True; no_unique_missing_import=true; no_safe_demo_print=true; taxonomy=UNRESOLVED:[""needs_human_review""]",none,not_eligible,no unique local semantics-preserving repair is evidenced,"likely algorithmic, boundary, data-flow, or otherwise unlocalized",none,93931ac9f66482dbf7b5ac3bd838750763130d54f15fa6e00075b6b127451052,artifacts/public_benchmark_development/mbpp_candidate_b_development60/runs/mbpp_q35_9b_candidate_b_development60_replay_r003/raw_generations.jsonl,UNRESOLVED,"[""needs_human_review""]",false,false
c4f9f49c8d060762aa98890c7ea383334cc4f4a5aed06d1f105f579dd9a9097b,qwen3.5:9b,Mbpp/792,22,Candidate_B_H0,c4f9f49c8d060762aa98890c7ea383334cc4f4a5aed06d1f105f579dd9a9097b,module_assert,one or more top-level Assert nodes; residual mechanism absent,module_assert_entrypoint_selftest_quarantine_v0,excluded_existing_H2,mechanism is already the exact fixed H2 development candidate,governed by H2; no new rule inferred,none,9205d79d1366bd90e2bd487d3a9672929424d9d3f14d5e5eebf59dd117bce979,artifacts/public_benchmark_development/mbpp_candidate_b_development60/runs/mbpp_q35_9b_candidate_b_development60_replay_r003/raw_generations.jsonl,UNRESOLVED,"[""needs_human_review""]",false,true
c5205b61792bc8d1b4ae598ca5eea776d7dad6fc09bff9c87954b0320111dfda,qwen3.5:9b,Mbpp/440,44,Candidate_B_H0,c5205b61792bc8d1b4ae598ca5eea776d7dad6fc09bff9c87954b0320111dfda,truncation,done_reason=length; SyntaxError=unterminated string literal (detected at line 146); line=146,none,not_eligible,incomplete generation has no unique local repair,missing suffix may contain arbitrary algorithmic logic,none,f0a96952af9232eed407cbaac3dc7c4f0880cda693a689de3c0103367bcadb9d,artifacts/public_benchmark_development/mbpp_candidate_b_development60/runs/mbpp_q35_9b_candidate_b_development60_replay_r003/raw_generations.jsonl,L1,"[""model_assembly_failure""]",false,false
c57f2092d6d9c1b394d61a18b7693a14e18f918e29299f7671330f9234c5253e,qwen3.5:9b,Mbpp/721,11,Candidate_B_H0,c57f2092d6d9c1b394d61a18b7693a14e18f918e29299f7671330f9234c5253e,other_syntax_or_ast_failure,SyntaxError=expected an indented block after 'if' statement on line 113; line=115,none,abstain,no uniquely inferable semantics-preserving edit,multiple syntactic repairs can produce different programs,4,888929ba27366850857050ae0fd7f3a4fecd449e5a9198ac7e57d55c41bf7bef,artifacts/public_benchmark_development/mbpp_candidate_b_development60/runs/mbpp_q35_9b_candidate_b_development60_replay_r003/raw_generations.jsonl,L1,"[""model_assembly_failure""]",false,false
c9972dbd1c76e4805401c1f08a4e25bf32b46c73b3be0befe79c623426dce6b2,qwen3.5:9b,Mbpp/735,55,Candidate_B_H0,c9972dbd1c76e4805401c1f08a4e25bf32b46c73b3be0befe79c623426dce6b2,module_assert,one or more top-level Assert nodes; residual mechanism absent,module_assert_entrypoint_selftest_quarantine_v0,excluded_existing_H2,mechanism is already the exact fixed H2 development candidate,governed by H2; no new rule inferred,none,0447ed48f2b46b5de9dbf8e57d636bb82248bb88e9c5428ccf2897c059ad09be,artifacts/public_benchmark_development/mbpp_candidate_b_development60/runs/mbpp_q35_9b_candidate_b_development60_replay_r003/raw_generations.jsonl,UNRESOLVED,"[""needs_human_review""]",false,true
cb934845788a474d7284412b317fba5ee72b46f512cb41d3bc36cec38c6063f8,qwen3.5:9b,Mbpp/306,22,Candidate_B_H0,cb934845788a474d7284412b317fba5ee72b46f512cb41d3bc36cec38c6063f8,truncation,done_reason=length; SyntaxError=unterminated string literal (detected at line 85); line=85,none,not_eligible,incomplete generation has no unique local repair,missing suffix may contain arbitrary algorithmic logic,none,2115f73f4c5931c9d038a445913673a6682587249e078a117d9b292d6647e633,artifacts/public_benchmark_development/mbpp_candidate_b_development60/runs/mbpp_q35_9b_candidate_b_development60_replay_r003/raw_generations.jsonl,L1,"[""model_assembly_failure""]",false,false
cc7ac5528930c0b87e56e668e726acaedf188ae8401e2ab5c7371e9180b382d4,qwen3.5:9b,Mbpp/306,44,Candidate_B_H0,cc7ac5528930c0b87e56e668e726acaedf188ae8401e2ab5c7371e9180b382d4,truncation,done_reason=length; SyntaxError=unterminated triple-quoted string literal (detected at line 103); line=2,none,not_eligible,incomplete generation has no unique local repair,missing suffix may contain arbitrary algorithmic logic,none,a8d4b72f0e4ae5aa85251f3bf50c0946d10353712731b602bde316556c35ae66,artifacts/public_benchmark_development/mbpp_candidate_b_development60/runs/mbpp_q35_9b_candidate_b_development60_replay_r003/raw_generations.jsonl,L1,"[""model_assembly_failure""]",false,false
ccbf8fba0e7b409c9570fc1574519a6d4f122847a490ecf0fc62396fcd4e3a22,qwen3.5:9b,Mbpp/597,44,Candidate_B_H0,ccbf8fba0e7b409c9570fc1574519a6d4f122847a490ecf0fc62396fcd4e3a22,module_assert,one or more top-level Assert nodes; residual mechanism absent,module_assert_entrypoint_selftest_quarantine_v0,excluded_existing_H2,mechanism is already the exact fixed H2 development candidate,governed by H2; no new rule inferred,none,814af8907e78fcbac22751b6e88edbe576d2c6f189fa71103c6abaebcdf92aab,artifacts/public_benchmark_development/mbpp_candidate_b_development60/runs/mbpp_q35_9b_candidate_b_development60_replay_r003/raw_generations.jsonl,UNRESOLVED,"[""needs_human_review""]",false,true
cd5cfd344314f6730c9a7f680d7dd55ffb98b7b3562126fbe7929ed3b8ca636d,qwen3.5:9b,Mbpp/759,11,Candidate_B_H0,cd5cfd344314f6730c9a7f680d7dd55ffb98b7b3562126fbe7929ed3b8ca636d,semantic_algorithm_boundary_or_no_unique_local_mechanism,"AST parses; required_entry_point_present=True; no_unique_missing_import=true; no_safe_demo_print=true; taxonomy=UNRESOLVED:[""needs_human_review""]",none,not_eligible,no unique local semantics-preserving repair is evidenced,"likely algorithmic, boundary, data-flow, or otherwise unlocalized",none,8b7af8104501d5bc47dccdb750b4e89120dd129943825a9f042e126f41461a2d,artifacts/public_benchmark_development/mbpp_candidate_b_development60/runs/mbpp_q35_9b_candidate_b_development60_replay_r003/raw_generations.jsonl,UNRESOLVED,"[""needs_human_review""]",false,false
cefff3d8a490047c757f7779c27204cf684a5b89df2223e5b7b447475b3f30af,qwen3.5:9b,Mbpp/16,33,Candidate_B_H0,cefff3d8a490047c757f7779c27204cf684a5b89df2223e5b7b447475b3f30af,semantic_algorithm_boundary_or_no_unique_local_mechanism,"AST parses; required_entry_point_present=True; no_unique_missing_import=true; no_safe_demo_print=true; taxonomy=UNRESOLVED:[""needs_human_review""]",none,not_eligible,no unique local semantics-preserving repair is evidenced,"likely algorithmic, boundary, data-flow, or otherwise unlocalized",none,0c9c6d018c5f879ed65f6d09d29f100d7f5e8a7f6af06aade78a0db7203aba1a,artifacts/public_benchmark_development/mbpp_candidate_b_development60/runs/mbpp_q35_9b_candidate_b_development60_replay_r003/raw_generations.jsonl,UNRESOLVED,"[""needs_human_review""]",false,false
cf0c6d0f8d7e472b1e011fcf12576e50f7b139a0640058124ea02a4fe4181669,qwen3.5:9b,Mbpp/119,11,Candidate_B_H0,cf0c6d0f8d7e472b1e011fcf12576e50f7b139a0640058124ea02a4fe4181669,other_syntax_or_ast_failure,SyntaxError=expected an indented block after 'if' statement on line 60; line=66,none,abstain,no uniquely inferable semantics-preserving edit,multiple syntactic repairs can produce different programs,4,315fa4f1171862a0b9d90e16bdf8cbb8556a56741b332dce742156b88ec01699,artifacts/public_benchmark_development/mbpp_candidate_b_development60/runs/mbpp_q35_9b_candidate_b_development60_replay_r003/raw_generations.jsonl,L1,"[""model_assembly_failure""]",false,false
d0e24140080d838b0fa411a6c6fbf72fd3607bd41044aa70a54a3dc5a2652917,qwen3.5:9b,Mbpp/620,55,Candidate_B_H0,d0e24140080d838b0fa411a6c6fbf72fd3607bd41044aa70a54a3dc5a2652917,semantic_algorithm_boundary_or_no_unique_local_mechanism,"AST parses; required_entry_point_present=True; no_unique_missing_import=true; no_safe_demo_print=true; taxonomy=UNRESOLVED:[""needs_human_review""]",none,not_eligible,no unique local semantics-preserving repair is evidenced,"likely algorithmic, boundary, data-flow, or otherwise unlocalized",none,31bc00bc41dcd58298694791e3316d4bc07d45ff1fe767ac8dd03f0e24c2a7c3,artifacts/public_benchmark_development/mbpp_candidate_b_development60/runs/mbpp_q35_9b_candidate_b_development60_replay_r003/raw_generations.jsonl,UNRESOLVED,"[""needs_human_review""]",false,false
d10c4c3a33cf290555e5024a1d00fb1c827d72ea862ad8e9e70f618e6665cdc1,qwen3.5:9b,Mbpp/427,33,Candidate_B_H0,d10c4c3a33cf290555e5024a1d00fb1c827d72ea862ad8e9e70f618e6665cdc1,semantic_algorithm_boundary_or_no_unique_local_mechanism,"AST parses; required_entry_point_present=True; no_unique_missing_import=true; no_safe_demo_print=true; taxonomy=UNRESOLVED:[""needs_human_review""]",none,not_eligible,no unique local semantics-preserving repair is evidenced,"likely algorithmic, boundary, data-flow, or otherwise unlocalized",none,e620cba770bcd2fb047bc27efae8eed206cb95f8f0a5e89631dd65d5fbda3d34,artifacts/public_benchmark_development/mbpp_candidate_b_development60/runs/mbpp_q35_9b_candidate_b_development60_replay_r003/raw_generations.jsonl,UNRESOLVED,"[""needs_human_review""]",false,false
d37bbdccd21d7370a58c1513ddc24b3566c318fd31f0e3b2c724ebc6608f853f,qwen3.5:9b,Mbpp/430,22,Candidate_B_H0,d37bbdccd21d7370a58c1513ddc24b3566c318fd31f0e3b2c724ebc6608f853f,semantic_algorithm_boundary_or_no_unique_local_mechanism,"AST parses; required_entry_point_present=True; no_unique_missing_import=true; no_safe_demo_print=true; taxonomy=UNRESOLVED:[""needs_human_review""]",none,not_eligible,no unique local semantics-preserving repair is evidenced,"likely algorithmic, boundary, data-flow, or otherwise unlocalized",none,7005f35b12e1630d2cb4bd78d29da5d89a1ac8fea2965e787488b3689a5c74b8,artifacts/public_benchmark_development/mbpp_candidate_b_development60/runs/mbpp_q35_9b_candidate_b_development60_replay_r003/raw_generations.jsonl,UNRESOLVED,"[""needs_human_review""]",false,false
d6cc3d6bdcc0be8b24448e7ba5b9808a9e505adf3b7dccbde8d30259c2d18cad,qwen3.5:9b,Mbpp/581,55,Candidate_B_H0,d6cc3d6bdcc0be8b24448e7ba5b9808a9e505adf3b7dccbde8d30259c2d18cad,semantic_algorithm_boundary_or_no_unique_local_mechanism,"AST parses; required_entry_point_present=True; no_unique_missing_import=true; no_safe_demo_print=true; taxonomy=UNRESOLVED:[""needs_human_review""]",none,not_eligible,no unique local semantics-preserving repair is evidenced,"likely algorithmic, boundary, data-flow, or otherwise unlocalized",none,effee1ae7fc2e727562ee98af5a2181c3f49940bb611e219dfbd25fa4451abef,artifacts/public_benchmark_development/mbpp_candidate_b_development60/runs/mbpp_q35_9b_candidate_b_development60_replay_r003/raw_generations.jsonl,UNRESOLVED,"[""needs_human_review""]",false,false
d6e8952a09372c813254372d7efdba2f1a1f9ad01529ec71bb61af90062df885,qwen3.5:9b,Mbpp/572,22,Candidate_B_H0,d6e8952a09372c813254372d7efdba2f1a1f9ad01529ec71bb61af90062df885,semantic_algorithm_boundary_or_no_unique_local_mechanism,"AST parses; required_entry_point_present=True; no_unique_missing_import=true; no_safe_demo_print=true; taxonomy=UNRESOLVED:[""needs_human_review""]",none,not_eligible,no unique local semantics-preserving repair is evidenced,"likely algorithmic, boundary, data-flow, or otherwise unlocalized",none,5e4f3547d664de916546e430068ff97295cdfb83fa156ec81f847f5bbe18a76a,artifacts/public_benchmark_development/mbpp_candidate_b_development60/runs/mbpp_q35_9b_candidate_b_development60_replay_r003/raw_generations.jsonl,UNRESOLVED,"[""needs_human_review""]",false,false
d79469f17725693a3dbdb8ab981bddf8ed4375e802134524cfa94961d2f17f0f,qwen3.5:9b,Mbpp/11,55,Candidate_B_H0,d79469f17725693a3dbdb8ab981bddf8ed4375e802134524cfa94961d2f17f0f,semantic_algorithm_boundary_or_no_unique_local_mechanism,"AST parses; required_entry_point_present=True; no_unique_missing_import=true; no_safe_demo_print=true; taxonomy=UNRESOLVED:[""needs_human_review""]",none,not_eligible,no unique local semantics-preserving repair is evidenced,"likely algorithmic, boundary, data-flow, or otherwise unlocalized",none,c032baab0a3ee598e8a84a19fb7a702b2dad828b6b209d2eb49bcc5f8ec066e6,artifacts/public_benchmark_development/mbpp_candidate_b_development60/runs/mbpp_q35_9b_candidate_b_development60_replay_r003/raw_generations.jsonl,UNRESOLVED,"[""needs_human_review""]",false,false
d8697d88e8233dbbb610e6740b9ded49ddc74701f7c33f8628731fdd58777019,qwen3.5:9b,Mbpp/622,11,Candidate_B_H0,d8697d88e8233dbbb610e6740b9ded49ddc74701f7c33f8628731fdd58777019,semantic_algorithm_boundary_or_no_unique_local_mechanism,"AST parses; required_entry_point_present=True; no_unique_missing_import=true; no_safe_demo_print=true; taxonomy=UNRESOLVED:[""needs_human_review""]",none,not_eligible,no unique local semantics-preserving repair is evidenced,"likely algorithmic, boundary, data-flow, or otherwise unlocalized",none,5c07aec78c6a1073d7417639e154b473adb3007a97e320f56c63d0e91af66861,artifacts/public_benchmark_development/mbpp_candidate_b_development60/runs/mbpp_q35_9b_candidate_b_development60_replay_r003/raw_generations.jsonl,UNRESOLVED,"[""needs_human_review""]",false,false
da311e11ff87b49bcd2ed4eb7456c07e4b43560eb1890a9a1d1e1bfcc2d8ae54,qwen3.5:9b,Mbpp/435,55,Candidate_B_H0,da311e11ff87b49bcd2ed4eb7456c07e4b43560eb1890a9a1d1e1bfcc2d8ae54,module_assert,one or more top-level Assert nodes; residual mechanism absent,module_assert_entrypoint_selftest_quarantine_v0,excluded_existing_H2,mechanism is already the exact fixed H2 development candidate,governed by H2; no new rule inferred,none,e37ad719f704312d17bbe9173ff836e4df9e3893248cc0a4f072da1551ab7bf5,artifacts/public_benchmark_development/mbpp_candidate_b_development60/runs/mbpp_q35_9b_candidate_b_development60_replay_r003/raw_generations.jsonl,UNRESOLVED,"[""needs_human_review""]",false,true
da3b306e10fbd0e391950f9383ce978a7f07519334207d52f0738fadb1c4b7f6,qwen3.5:9b,Mbpp/118,44,Candidate_B_H0,da3b306e10fbd0e391950f9383ce978a7f07519334207d52f0738fadb1c4b7f6,module_assert,one or more top-level Assert nodes; residual mechanism absent,module_assert_entrypoint_selftest_quarantine_v0,excluded_existing_H2,mechanism is already the exact fixed H2 development candidate,governed by H2; no new rule inferred,none,79ddde1f1c4fb93383183e049d1e502948d9f354d7c75226d644a9d40472e542,artifacts/public_benchmark_development/mbpp_candidate_b_development60/runs/mbpp_q35_9b_candidate_b_development60_replay_r003/raw_generations.jsonl,UNRESOLVED,"[""needs_human_review""]",false,true
db813a2867d83223ac6efd890b0d6ca95a88e0019d3287090cfaaa83c32e6047,qwen3.5:9b,Mbpp/597,11,Candidate_B_H0,db813a2867d83223ac6efd890b0d6ca95a88e0019d3287090cfaaa83c32e6047,truncation,done_reason=length; SyntaxError=invalid syntax; line=249,none,not_eligible,incomplete generation has no unique local repair,missing suffix may contain arbitrary algorithmic logic,none,d8c6bc937e9357f1483f0ddb0f3e9c77d25c1586e54131753f602750563d80d1,artifacts/public_benchmark_development/mbpp_candidate_b_development60/runs/mbpp_q35_9b_candidate_b_development60_replay_r003/raw_generations.jsonl,L1,"[""model_assembly_failure""]",false,false
dbea2d3c0b5e91a70f0542ed83acc2c8a81ea79d742dd76b0bf4327fb71dd259,qwen3.5:9b,Mbpp/72,55,Candidate_B_H0,dbea2d3c0b5e91a70f0542ed83acc2c8a81ea79d742dd76b0bf4327fb71dd259,semantic_algorithm_boundary_or_no_unique_local_mechanism,"AST parses; required_entry_point_present=True; no_unique_missing_import=true; no_safe_demo_print=true; taxonomy=UNRESOLVED:[""needs_human_review""]",none,not_eligible,no unique local semantics-preserving repair is evidenced,"likely algorithmic, boundary, data-flow, or otherwise unlocalized",none,a43911ba40ea1eba9aad332511af4f927fad28a662fd6058ceb83bfa31ae814f,artifacts/public_benchmark_development/mbpp_candidate_b_development60/runs/mbpp_q35_9b_candidate_b_development60_replay_r003/raw_generations.jsonl,UNRESOLVED,"[""needs_human_review""]",false,false
df59c7d238b574cc10029a2d5c026996fa8af2e08ecc1c9af6c527261d8dc344,qwen3.5:9b,Mbpp/473,11,Candidate_B_H0,df59c7d238b574cc10029a2d5c026996fa8af2e08ecc1c9af6c527261d8dc344,semantic_algorithm_boundary_or_no_unique_local_mechanism,"AST parses; required_entry_point_present=True; no_unique_missing_import=true; no_safe_demo_print=true; taxonomy=UNRESOLVED:[""needs_human_review""]",none,not_eligible,no unique local semantics-preserving repair is evidenced,"likely algorithmic, boundary, data-flow, or otherwise unlocalized",none,41a9a8e39e400145b3210f7c1080c64648ffb9eaa96cc38dd69afb9fa850f6bf,artifacts/public_benchmark_development/mbpp_candidate_b_development60/runs/mbpp_q35_9b_candidate_b_development60_replay_r003/raw_generations.jsonl,UNRESOLVED,"[""needs_human_review""]",false,false
e035127c59926787770cf7d09e6e5737a0ab5885884d7b5eec7fc0fa8dbe9dd9,qwen3.5:9b,Mbpp/792,55,Candidate_B_H0,e035127c59926787770cf7d09e6e5737a0ab5885884d7b5eec7fc0fa8dbe9dd9,semantic_algorithm_boundary_or_no_unique_local_mechanism,"AST parses; required_entry_point_present=True; no_unique_missing_import=true; no_safe_demo_print=true; taxonomy=UNRESOLVED:[""needs_human_review""]",none,not_eligible,no unique local semantics-preserving repair is evidenced,"likely algorithmic, boundary, data-flow, or otherwise unlocalized",none,5765b2e478dedf1d0da415ef47b6efa44f5c90d518383846a02b8fa3f1425346,artifacts/public_benchmark_development/mbpp_candidate_b_development60/runs/mbpp_q35_9b_candidate_b_development60_replay_r003/raw_generations.jsonl,UNRESOLVED,"[""needs_human_review""]",false,false
e12feb3667f7a809b689e3e42dafe4383bdfdde20626cc3ba890655d92a61d7f,qwen3.5:9b,Mbpp/259,44,Candidate_B_H0,e12feb3667f7a809b689e3e42dafe4383bdfdde20626cc3ba890655d92a61d7f,semantic_algorithm_boundary_or_no_unique_local_mechanism,"AST parses; required_entry_point_present=True; no_unique_missing_import=true; no_safe_demo_print=true; taxonomy=UNRESOLVED:[""needs_human_review""]",none,not_eligible,no unique local semantics-preserving repair is evidenced,"likely algorithmic, boundary, data-flow, or otherwise unlocalized",none,29e72c225f1bdead2c155139713a5c910fb4e3bc6e1faffcd71d977b92c6f84a,artifacts/public_benchmark_development/mbpp_candidate_b_development60/runs/mbpp_q35_9b_candidate_b_development60_replay_r003/raw_generations.jsonl,UNRESOLVED,"[""needs_human_review""]",false,false
e20c3fb73759ea13d9ef3f60125bb1cbffb65ce442d305984a4026dde7b46e8e,qwen3.5:9b,Mbpp/237,55,Candidate_B_H0,e20c3fb73759ea13d9ef3f60125bb1cbffb65ce442d305984a4026dde7b46e8e,semantic_algorithm_boundary_or_no_unique_local_mechanism,"AST parses; required_entry_point_present=True; no_unique_missing_import=true; no_safe_demo_print=true; taxonomy=UNRESOLVED:[""needs_human_review""]",none,not_eligible,no unique local semantics-preserving repair is evidenced,"likely algorithmic, boundary, data-flow, or otherwise unlocalized",none,4232a0988257265f142d08fb6513e8204bbcc3ad620c2ada06b255b92b695d62,artifacts/public_benchmark_development/mbpp_candidate_b_development60/runs/mbpp_q35_9b_candidate_b_development60_replay_r003/raw_generations.jsonl,UNRESOLVED,"[""needs_human_review""]",false,false
e34035942f49279e74cc7c14da61099ae2325ec0c816ed64d6e8c2d44e9ad594,qwen3.5:9b,Mbpp/119,55,Candidate_B_H0,e34035942f49279e74cc7c14da61099ae2325ec0c816ed64d6e8c2d44e9ad594,semantic_algorithm_boundary_or_no_unique_local_mechanism,"AST parses; required_entry_point_present=True; no_unique_missing_import=true; no_safe_demo_print=true; taxonomy=UNRESOLVED:[""needs_human_review""]",none,not_eligible,no unique local semantics-preserving repair is evidenced,"likely algorithmic, boundary, data-flow, or otherwise unlocalized",none,a28904e41029dfb063340305696545d26df38a84db1be4c9d30f81baf63d9131,artifacts/public_benchmark_development/mbpp_candidate_b_development60/runs/mbpp_q35_9b_candidate_b_development60_replay_r003/raw_generations.jsonl,UNRESOLVED,"[""needs_human_review""]",false,false
e46a657fce3ecde2ac8078af376204deab08196894a3a0db8c3029e317c0a95c,qwen3.5:9b,Mbpp/473,33,Candidate_B_H0,e46a657fce3ecde2ac8078af376204deab08196894a3a0db8c3029e317c0a95c,semantic_algorithm_boundary_or_no_unique_local_mechanism,"AST parses; required_entry_point_present=True; no_unique_missing_import=true; no_safe_demo_print=true; taxonomy=UNRESOLVED:[""needs_human_review""]",none,not_eligible,no unique local semantics-preserving repair is evidenced,"likely algorithmic, boundary, data-flow, or otherwise unlocalized",none,7bd0aa525b04bdf890fb6cc6797deed14b988e7f50e22e6f4dedbeb7272122a5,artifacts/public_benchmark_development/mbpp_candidate_b_development60/runs/mbpp_q35_9b_candidate_b_development60_replay_r003/raw_generations.jsonl,UNRESOLVED,"[""needs_human_review""]",false,false
e62f5c9713692a4bae0ae1ba5077e0b37b46e00fcaf9312de4d72a4c05f849ef,qwen3.5:9b,Mbpp/769,33,Candidate_B_H0,e62f5c9713692a4bae0ae1ba5077e0b37b46e00fcaf9312de4d72a4c05f849ef,module_assert,one or more top-level Assert nodes; residual mechanism absent,module_assert_entrypoint_selftest_quarantine_v0,excluded_existing_H2,mechanism is already the exact fixed H2 development candidate,governed by H2; no new rule inferred,none,3796e8bb741ca0284d2712dc154ccd6107cba83bd2e578dfd544352e45553399,artifacts/public_benchmark_development/mbpp_candidate_b_development60/runs/mbpp_q35_9b_candidate_b_development60_replay_r003/raw_generations.jsonl,UNRESOLVED,"[""needs_human_review""]",false,true
e762c7d5362d7c213d760547ce6d9f8bce9b515216b1b80877c78733f20520af,qwen3.5:9b,Mbpp/14,55,Candidate_B_H0,e762c7d5362d7c213d760547ce6d9f8bce9b515216b1b80877c78733f20520af,module_assert,one or more top-level Assert nodes; residual mechanism absent,module_assert_entrypoint_selftest_quarantine_v0,excluded_existing_H2,mechanism is already the exact fixed H2 development candidate,governed by H2; no new rule inferred,none,2d1ee18fee7763770d6d2df1d6c19ec3f005dbcbf02210b668578b098cf123eb,artifacts/public_benchmark_development/mbpp_candidate_b_development60/runs/mbpp_q35_9b_candidate_b_development60_replay_r003/raw_generations.jsonl,UNRESOLVED,"[""needs_human_review""]",false,true
e85ead3e256d45a98dff7ed90ae9a1eb27937f9afe035676cc884f01ae13669a,qwen3.5:9b,Mbpp/16,22,Candidate_B_H0,e85ead3e256d45a98dff7ed90ae9a1eb27937f9afe035676cc884f01ae13669a,semantic_algorithm_boundary_or_no_unique_local_mechanism,"AST parses; required_entry_point_present=True; no_unique_missing_import=true; no_safe_demo_print=true; taxonomy=UNRESOLVED:[""needs_human_review""]",none,not_eligible,no unique local semantics-preserving repair is evidenced,"likely algorithmic, boundary, data-flow, or otherwise unlocalized",none,d15d4edc70c54f81e92cb072b1661a325d33768fe011b3348b1df66ae0a3107a,artifacts/public_benchmark_development/mbpp_candidate_b_development60/runs/mbpp_q35_9b_candidate_b_development60_replay_r003/raw_generations.jsonl,UNRESOLVED,"[""needs_human_review""]",false,false
e913935149eda6911282b2a55b7d9d5cae085f851c495a40ae567a9ffeccd7a8,qwen3.5:9b,Mbpp/603,33,Candidate_B_H0,e913935149eda6911282b2a55b7d9d5cae085f851c495a40ae567a9ffeccd7a8,semantic_algorithm_boundary_or_no_unique_local_mechanism,"AST parses; required_entry_point_present=True; no_unique_missing_import=true; no_safe_demo_print=true; taxonomy=UNRESOLVED:[""needs_human_review""]",none,not_eligible,no unique local semantics-preserving repair is evidenced,"likely algorithmic, boundary, data-flow, or otherwise unlocalized",none,79879a43672bbc1c6a86d201624bb770bb0722953a7ebabed224649a5eda820f,artifacts/public_benchmark_development/mbpp_candidate_b_development60/runs/mbpp_q35_9b_candidate_b_development60_replay_r003/raw_generations.jsonl,UNRESOLVED,"[""needs_human_review""]",false,false
eb81f9452bdd4c5d2fece536388915e81997f4d4cde7b0a748cf4bc90075be2d,qwen3.5:9b,Mbpp/765,11,Candidate_B_H0,eb81f9452bdd4c5d2fece536388915e81997f4d4cde7b0a748cf4bc90075be2d,entry_point_mismatch_ambiguous,"required=is_polite; top_level_functions=['assert_is_polite', 'nth_polite']; compatible=['assert_is_polite', 'nth_polite']",none,abstain,multiple or zero uniquely safe mappings,renaming or aliasing can expose the wrong implementation,1,233eb9c33dadfff3bcb7252f66a4796169003bdfd22cac4a2c09493294595172,artifacts/public_benchmark_development/mbpp_candidate_b_development60/runs/mbpp_q35_9b_candidate_b_development60_replay_r003/raw_generations.jsonl,L2,"[""output_packaging"",""needs_human_review""]",false,false
ece76238dc23e4c6ac96b346c685f1846406516726a1310a5427ae189f79cad6,qwen3.5:9b,Mbpp/721,33,Candidate_B_H0,ece76238dc23e4c6ac96b346c685f1846406516726a1310a5427ae189f79cad6,semantic_algorithm_boundary_or_no_unique_local_mechanism,"AST parses; required_entry_point_present=True; no_unique_missing_import=true; no_safe_demo_print=true; taxonomy=UNRESOLVED:[""needs_human_review""]",none,not_eligible,no unique local semantics-preserving repair is evidenced,"likely algorithmic, boundary, data-flow, or otherwise unlocalized",none,3e9497cc6f9371b7a37d5067ecae68010cb0ad382b6e67532809dbbb499aa69b,artifacts/public_benchmark_development/mbpp_candidate_b_development60/runs/mbpp_q35_9b_candidate_b_development60_replay_r003/raw_generations.jsonl,UNRESOLVED,"[""needs_human_review""]",false,false
f101bcd3d8c08ec23d7d1f9a954b14c79cb0d6b25c1002ae6f66953e5c85c220,qwen3.5:9b,Mbpp/765,33,Candidate_B_H0,f101bcd3d8c08ec23d7d1f9a954b14c79cb0d6b25c1002ae6f66953e5c85c220,unique_entry_point_mismatch,required=is_polite; defined=nth_polite_number; public_assert_arities=[1]; unique_function=true,entrypoint_alias_unique_arity_compatible_v0,excluded_existing_H1,mechanism is already H1 factorial,guarded by H1 unique-function and signature compatibility,1,1fcd484f19660831786d5e6e109ba1d690b113d0630125a117e76425f3f0d249,artifacts/public_benchmark_development/mbpp_candidate_b_development60/runs/mbpp_q35_9b_candidate_b_development60_replay_r003/raw_generations.jsonl,L2,"[""output_packaging""]",true,false
f14d52366f2dcbb7a33abeeac05c19a43cb0fccd515244e688d7a3ee885a8b34,qwen3.5:9b,Mbpp/11,44,Candidate_B_H0,f14d52366f2dcbb7a33abeeac05c19a43cb0fccd515244e688d7a3ee885a8b34,semantic_algorithm_boundary_or_no_unique_local_mechanism,"AST parses; required_entry_point_present=True; no_unique_missing_import=true; no_safe_demo_print=true; taxonomy=UNRESOLVED:[""needs_human_review""]",none,not_eligible,no unique local semantics-preserving repair is evidenced,"likely algorithmic, boundary, data-flow, or otherwise unlocalized",none,52d37110cda92a2667326def7b07d34530825b365f4c1babd4f0e5cb9de45714,artifacts/public_benchmark_development/mbpp_candidate_b_development60/runs/mbpp_q35_9b_candidate_b_development60_replay_r003/raw_generations.jsonl,UNRESOLVED,"[""needs_human_review""]",false,false
f3b152a48d3151267f448c854339f602b1fd0606d6e2fe4e20a774f029079bbb,qwen3.5:9b,Mbpp/771,33,Candidate_B_H0,f3b152a48d3151267f448c854339f602b1fd0606d6e2fe4e20a774f029079bbb,semantic_algorithm_boundary_or_no_unique_local_mechanism,"AST parses; required_entry_point_present=True; no_unique_missing_import=true; no_safe_demo_print=true; taxonomy=UNRESOLVED:[""needs_human_review""]",none,not_eligible,no unique local semantics-preserving repair is evidenced,"likely algorithmic, boundary, data-flow, or otherwise unlocalized",none,37940ebd2d5fa967f199890cbfd470ea482e27a0bbd8ec818d6fe6a10d072dff,artifacts/public_benchmark_development/mbpp_candidate_b_development60/runs/mbpp_q35_9b_candidate_b_development60_replay_r003/raw_generations.jsonl,UNRESOLVED,"[""needs_human_review""]",false,false
f47af857ade246797c519ba56642b4e03a657f7e005e46f28e08bc78ee364bac,qwen3.5:9b,Mbpp/255,55,Candidate_B_H0,f47af857ade246797c519ba56642b4e03a657f7e005e46f28e08bc78ee364bac,semantic_algorithm_boundary_or_no_unique_local_mechanism,"AST parses; required_entry_point_present=True; no_unique_missing_import=true; no_safe_demo_print=true; taxonomy=UNRESOLVED:[""needs_human_review""]",none,not_eligible,no unique local semantics-preserving repair is evidenced,"likely algorithmic, boundary, data-flow, or otherwise unlocalized",none,fe3b3c8c5938a81091f5b5e370ec5a7331b764eebf92181ead4d7a495e3ddc1f,artifacts/public_benchmark_development/mbpp_candidate_b_development60/runs/mbpp_q35_9b_candidate_b_development60_replay_r003/raw_generations.jsonl,UNRESOLVED,"[""needs_human_review""]",false,false
f577c29f018779bba4ba02e683fcf7b285700559c10036f5f262d3580b694455,qwen3.5:9b,Mbpp/771,22,Candidate_B_H0,f577c29f018779bba4ba02e683fcf7b285700559c10036f5f262d3580b694455,semantic_algorithm_boundary_or_no_unique_local_mechanism,"AST parses; required_entry_point_present=True; no_unique_missing_import=true; no_safe_demo_print=true; taxonomy=UNRESOLVED:[""needs_human_review""]",none,not_eligible,no unique local semantics-preserving repair is evidenced,"likely algorithmic, boundary, data-flow, or otherwise unlocalized",none,c2e0f9035e3c95667299ee69a78ea21f52b32cfc77fa1c870f729e4257524dca,artifacts/public_benchmark_development/mbpp_candidate_b_development60/runs/mbpp_q35_9b_candidate_b_development60_replay_r003/raw_generations.jsonl,UNRESOLVED,"[""needs_human_review""]",false,false
f59c91131c769f305f410b20a5738e70c14be1ba72df0eba0fb4f7efe6af1987,qwen3.5:9b,Mbpp/581,22,Candidate_B_H0,f59c91131c769f305f410b20a5738e70c14be1ba72df0eba0fb4f7efe6af1987,module_assert,one or more top-level Assert nodes; residual mechanism absent,module_assert_entrypoint_selftest_quarantine_v0,excluded_existing_H2,mechanism is already the exact fixed H2 development candidate,governed by H2; no new rule inferred,none,04da78f1936389f6f834710989d360f1991d502ccd72f2494175e0859a8a697b,artifacts/public_benchmark_development/mbpp_candidate_b_development60/runs/mbpp_q35_9b_candidate_b_development60_replay_r003/raw_generations.jsonl,UNRESOLVED,"[""needs_human_review""]",false,true
f5a3924eae1972d3f71b287a379e069295aa377283d8429a352416ccd3ed6243,qwen3.5:9b,Mbpp/765,22,Candidate_B_H0,f5a3924eae1972d3f71b287a379e069295aa377283d8429a352416ccd3ed6243,semantic_algorithm_boundary_or_no_unique_local_mechanism,"AST parses; required_entry_point_present=True; no_unique_missing_import=true; no_safe_demo_print=true; taxonomy=UNRESOLVED:[""needs_human_review""]",none,not_eligible,no unique local semantics-preserving repair is evidenced,"likely algorithmic, boundary, data-flow, or otherwise unlocalized",none,466d15c7a356968c016465534334d69332c6957d0124ada0c759cab2cc2de7dc,artifacts/public_benchmark_development/mbpp_candidate_b_development60/runs/mbpp_q35_9b_candidate_b_development60_replay_r003/raw_generations.jsonl,UNRESOLVED,"[""needs_human_review""]",false,false
f75a5f9e85fedf004490ef33fc901124086d40f1abc734a904f25afb49a03992,qwen3.5:9b,Mbpp/72,33,Candidate_B_H0,f75a5f9e85fedf004490ef33fc901124086d40f1abc734a904f25afb49a03992,semantic_algorithm_boundary_or_no_unique_local_mechanism,"AST parses; required_entry_point_present=True; no_unique_missing_import=true; no_safe_demo_print=true; taxonomy=UNRESOLVED:[""needs_human_review""]",none,not_eligible,no unique local semantics-preserving repair is evidenced,"likely algorithmic, boundary, data-flow, or otherwise unlocalized",none,6b5c0a7f4a3641629f4ec46f6c1dc06edb5b1981b7802976e82655511f1c8cbe,artifacts/public_benchmark_development/mbpp_candidate_b_development60/runs/mbpp_q35_9b_candidate_b_development60_replay_r003/raw_generations.jsonl,UNRESOLVED,"[""needs_human_review""]",false,false
f7cd9a0efd5aaae05bb82f188fc82cdd0d12807f03dd5a172a975da8503a2ea0,qwen3.5:9b,Mbpp/603,44,Candidate_B_H0,f7cd9a0efd5aaae05bb82f188fc82cdd0d12807f03dd5a172a975da8503a2ea0,truncation,done_reason=length; SyntaxError=expected an indented block after 'for' statement on line 205; line=205,none,not_eligible,incomplete generation has no unique local repair,missing suffix may contain arbitrary algorithmic logic,none,de426b9ccda0ce8781f255348cf07a6b7ab739975d3ded5d400745aac499dd7b,artifacts/public_benchmark_development/mbpp_candidate_b_development60/runs/mbpp_q35_9b_candidate_b_development60_replay_r003/raw_generations.jsonl,L1,"[""model_assembly_failure""]",false,false
f85bb6c1efa65465700b139dec03e685dcf850a8f10c477b5c882562b3a06bae,qwen3.5:9b,Mbpp/125,44,Candidate_B_H0,f85bb6c1efa65465700b139dec03e685dcf850a8f10c477b5c882562b3a06bae,module_assert,one or more top-level Assert nodes; residual mechanism absent,module_assert_entrypoint_selftest_quarantine_v0,excluded_existing_H2,mechanism is already the exact fixed H2 development candidate,governed by H2; no new rule inferred,none,225f3ba9809a01c9befe83140a77c4b6193e128604aa99a47b2a06a7f3bfc5f8,artifacts/public_benchmark_development/mbpp_candidate_b_development60/runs/mbpp_q35_9b_candidate_b_development60_replay_r003/raw_generations.jsonl,UNRESOLVED,"[""needs_human_review""]",false,true
fa5a49bae5aacc269bbba5a927d4839d1c04e0afa4d2d508cfc95d34df05c877,qwen3.5:9b,Mbpp/440,55,Candidate_B_H0,fa5a49bae5aacc269bbba5a927d4839d1c04e0afa4d2d508cfc95d34df05c877,semantic_algorithm_boundary_or_no_unique_local_mechanism,"AST parses; required_entry_point_present=True; no_unique_missing_import=true; no_safe_demo_print=true; taxonomy=UNRESOLVED:[""needs_human_review""]",none,not_eligible,no unique local semantics-preserving repair is evidenced,"likely algorithmic, boundary, data-flow, or otherwise unlocalized",none,bb30959fb0a47aa934bafbeec2462fb951ca6e43cfd2c451757797fff62d60ad,artifacts/public_benchmark_development/mbpp_candidate_b_development60/runs/mbpp_q35_9b_candidate_b_development60_replay_r003/raw_generations.jsonl,UNRESOLVED,"[""needs_human_review""]",false,false
faa92ffdc441f230379bf7175f22c7be6f3c25340f9473e28d57a579698c3b6d,qwen3.5:9b,Mbpp/620,11,Candidate_B_H0,faa92ffdc441f230379bf7175f22c7be6f3c25340f9473e28d57a579698c3b6d,semantic_algorithm_boundary_or_no_unique_local_mechanism,"AST parses; required_entry_point_present=True; no_unique_missing_import=true; no_safe_demo_print=true; taxonomy=UNRESOLVED:[""needs_human_review""]",none,not_eligible,no unique local semantics-preserving repair is evidenced,"likely algorithmic, boundary, data-flow, or otherwise unlocalized",none,e242d575d211c60ca6582fd48ef5a1942d6e9654dad49fd698d9413a0c13236b,artifacts/public_benchmark_development/mbpp_candidate_b_development60/runs/mbpp_q35_9b_candidate_b_development60_replay_r003/raw_generations.jsonl,UNRESOLVED,"[""needs_human_review""]",false,false
fab2363176ff08eb4050cfd8bed0ddd21793185ed25dbec2e8f54dde571ae77a,qwen3.5:9b,Mbpp/759,44,Candidate_B_H0,fab2363176ff08eb4050cfd8bed0ddd21793185ed25dbec2e8f54dde571ae77a,semantic_algorithm_boundary_or_no_unique_local_mechanism,"AST parses; required_entry_point_present=True; no_unique_missing_import=true; no_safe_demo_print=true; taxonomy=UNRESOLVED:[""needs_human_review""]",none,not_eligible,no unique local semantics-preserving repair is evidenced,"likely algorithmic, boundary, data-flow, or otherwise unlocalized",none,062f2601db8d83b1d5f235aa87d363a9a4a8f4bc8a8d8ad563d8a7a8f90f2af0,artifacts/public_benchmark_development/mbpp_candidate_b_development60/runs/mbpp_q35_9b_candidate_b_development60_replay_r003/raw_generations.jsonl,UNRESOLVED,"[""needs_human_review""]",false,false
fb762e37725ef76332c7c76243702f91d0378326ba55e4bba0db5890ecbc0cc1,qwen3.5:9b,Mbpp/16,11,Candidate_B_H0,fb762e37725ef76332c7c76243702f91d0378326ba55e4bba0db5890ecbc0cc1,semantic_algorithm_boundary_or_no_unique_local_mechanism,"AST parses; required_entry_point_present=True; no_unique_missing_import=true; no_safe_demo_print=true; taxonomy=UNRESOLVED:[""needs_human_review""]",none,not_eligible,no unique local semantics-preserving repair is evidenced,"likely algorithmic, boundary, data-flow, or otherwise unlocalized",none,c4fef65f6be0aae7561e73b6d870b8cf4135b337f64021c18d0e75095acf4719,artifacts/public_benchmark_development/mbpp_candidate_b_development60/runs/mbpp_q35_9b_candidate_b_development60_replay_r003/raw_generations.jsonl,UNRESOLVED,"[""needs_human_review""]",false,false
fc6b03344724ba3afc143f9306850b95b0a8abbdb043ee45f33e9635ce88f530,qwen3.5:9b,Mbpp/432,11,Candidate_B_H0,fc6b03344724ba3afc143f9306850b95b0a8abbdb043ee45f33e9635ce88f530,module_assert,one or more top-level Assert nodes; residual mechanism absent,module_assert_entrypoint_selftest_quarantine_v0,excluded_existing_H2,mechanism is already the exact fixed H2 development candidate,governed by H2; no new rule inferred,none,91a69d4994b2636c2f57f0b1d268b7c68c9639baa3494794db24ef6626a20593,artifacts/public_benchmark_development/mbpp_candidate_b_development60/runs/mbpp_q35_9b_candidate_b_development60_replay_r003/raw_generations.jsonl,UNRESOLVED,"[""needs_human_review""]",false,true
fc6fa5bd9f3b1dd6835220a2af4c7324cdff749be841c8753292bd778a3c657f,qwen3.5:9b,Mbpp/633,11,Candidate_B_H0,fc6fa5bd9f3b1dd6835220a2af4c7324cdff749be841c8753292bd778a3c657f,semantic_algorithm_boundary_or_no_unique_local_mechanism,"AST parses; required_entry_point_present=True; no_unique_missing_import=true; no_safe_demo_print=true; taxonomy=UNRESOLVED:[""needs_human_review""]",none,not_eligible,no unique local semantics-preserving repair is evidenced,"likely algorithmic, boundary, data-flow, or otherwise unlocalized",none,b589f2330fe4a86bb0f1490783914a33a61a906c7b17818328586380b5932807,artifacts/public_benchmark_development/mbpp_candidate_b_development60/runs/mbpp_q35_9b_candidate_b_development60_replay_r003/raw_generations.jsonl,UNRESOLVED,"[""needs_human_review""]",false,false
fe973455ae8aa6d18d84cc677a9789d83520d0257a3d01fa61fa796a4371ac12,qwen3.5:9b,Mbpp/722,44,Candidate_B_H0,fe973455ae8aa6d18d84cc677a9789d83520d0257a3d01fa61fa796a4371ac12,semantic_algorithm_boundary_or_no_unique_local_mechanism,"AST parses; required_entry_point_present=True; no_unique_missing_import=true; no_safe_demo_print=true; taxonomy=UNRESOLVED:[""needs_human_review""]",none,not_eligible,no unique local semantics-preserving repair is evidenced,"likely algorithmic, boundary, data-flow, or otherwise unlocalized",none,c0d3c3231ddafb575c0f7832334d0ee9fbeb493e6639f4a545d4ee26b913ef7d,artifacts/public_benchmark_development/mbpp_candidate_b_development60/runs/mbpp_q35_9b_candidate_b_development60_replay_r003/raw_generations.jsonl,UNRESOLVED,"[""needs_human_review""]",false,false
fecb44add792a30c7498be505f3bddc0c50ecf8b0f769420488d6743ed2158c8,qwen3.5:9b,Mbpp/427,55,Candidate_B_H0,fecb44add792a30c7498be505f3bddc0c50ecf8b0f769420488d6743ed2158c8,semantic_algorithm_boundary_or_no_unique_local_mechanism,"AST parses; required_entry_point_present=True; no_unique_missing_import=true; no_safe_demo_print=true; taxonomy=UNRESOLVED:[""needs_human_review""]",none,not_eligible,no unique local semantics-preserving repair is evidenced,"likely algorithmic, boundary, data-flow, or otherwise unlocalized",none,e620cba770bcd2fb047bc27efae8eed206cb95f8f0a5e89631dd65d5fbda3d34,artifacts/public_benchmark_development/mbpp_candidate_b_development60/runs/mbpp_q35_9b_candidate_b_development60_replay_r003/raw_generations.jsonl,UNRESOLVED,"[""needs_human_review""]",false,false
