cohort,cell_id,cell_index,program_id,task_id,seed,condition,model,entry_point,source_sha256,output_sha256,triggered,transformed,abstained,reason,guard_results_json,raw_control_status,outcome_blind_rule_decision
4B_complete_development200,f1e95f633cbcfc728ca9ba13f3a974367c63f6173153472665d62f27491db1da,1,1f1c2146d9146a3cf527fbb340c3099ea3253a8290b0e1c1b4a478b8eb4e22c7,Mbpp/633,11,Ab1_H0,qwen3.5:4b,pair_xor_Sum,710e3134dd631a4099c928f11d82cc46a5d7d10760a87e3a2edc14e8fd2c0219,710e3134dd631a4099c928f11d82cc46a5d7d10760a87e3a2edc14e8fd2c0219,false,false,true,no_top_level_print,"{""assert_literal_entrypoint_selftest"":false,""assert_matches_public_selftest"":false,""assert_remains_top_level"":false,""builtin_print_unshadowed"":false,""entrypoint_unique"":true,""exactly_one_top_level_assert"":false,""exactly_one_top_level_print"":false,""extraction_unambiguous"":true,""function_segments_unchanged"":false,""no_other_unclassified_top_level_calls"":false,""output_parseable"":false,""print_adjacent_to_assert"":false,""print_arguments_safe"":false,""print_removed_from_top_level"":false,""source_complete"":true,""source_parseable"":true}",fail,true
4B_complete_development200,9dfc1d7cd599ab3f3af077b4dcd4dfdef3d001b75b433d101f3815073e3cc35d,2,9e3ee507e60cac742190443c25b27c41c9be9f30f7638e968d8a2bac17cb5d4e,Mbpp/633,11,Ab2g_H1,qwen3.5:4b,pair_xor_Sum,794b7bcc9e3c2d1b8bc773e7044903e47317206cf8cf5acff587170d1aa9b98a,794b7bcc9e3c2d1b8bc773e7044903e47317206cf8cf5acff587170d1aa9b98a,false,false,true,no_top_level_print,"{""assert_literal_entrypoint_selftest"":false,""assert_matches_public_selftest"":false,""assert_remains_top_level"":false,""builtin_print_unshadowed"":false,""entrypoint_unique"":true,""exactly_one_top_level_assert"":true,""exactly_one_top_level_print"":false,""extraction_unambiguous"":true,""function_segments_unchanged"":false,""no_other_unclassified_top_level_calls"":false,""output_parseable"":false,""print_adjacent_to_assert"":false,""print_arguments_safe"":false,""print_removed_from_top_level"":false,""source_complete"":true,""source_parseable"":true}",fail,true
4B_complete_development200,63d369a9d1f5f84fa260fb5b4592fbc73af36648fba39cb5a609c619642246ac,3,582d2250ff8335f9e80d9d5f0de3cced1bac07d4465acb4e45c85e1135fa43a6,Mbpp/633,22,Ab1_H0,qwen3.5:4b,pair_xor_Sum,34356bd49f03b04ab0e4d3ecab50bf9b72cc243bfe73ba6b939c8b640ab9af62,34356bd49f03b04ab0e4d3ecab50bf9b72cc243bfe73ba6b939c8b640ab9af62,false,false,true,no_top_level_print,"{""assert_literal_entrypoint_selftest"":false,""assert_matches_public_selftest"":false,""assert_remains_top_level"":false,""builtin_print_unshadowed"":false,""entrypoint_unique"":true,""exactly_one_top_level_assert"":false,""exactly_one_top_level_print"":false,""extraction_unambiguous"":true,""function_segments_unchanged"":false,""no_other_unclassified_top_level_calls"":false,""output_parseable"":false,""print_adjacent_to_assert"":false,""print_arguments_safe"":false,""print_removed_from_top_level"":false,""source_complete"":true,""source_parseable"":true}",fail,true
4B_complete_development200,b69cbe74a1db02ae2362864da9bd8ec443d7e4b0dc424395007d1b4e4bcf5a39,4,8b4d3b35c37ec36bb20980cc04655e5be26f27295e535b1bd7d205db0cc19ce3,Mbpp/633,22,Ab2g_H1,qwen3.5:4b,pair_xor_Sum,f7946e38d1da8691ae43674c409d56054b77c0e5de5c6cf1d4c59dcc8a40c39b,f7946e38d1da8691ae43674c409d56054b77c0e5de5c6cf1d4c59dcc8a40c39b,false,false,true,no_top_level_print,"{""assert_literal_entrypoint_selftest"":false,""assert_matches_public_selftest"":false,""assert_remains_top_level"":false,""builtin_print_unshadowed"":false,""entrypoint_unique"":true,""exactly_one_top_level_assert"":false,""exactly_one_top_level_print"":false,""extraction_unambiguous"":true,""function_segments_unchanged"":false,""no_other_unclassified_top_level_calls"":false,""output_parseable"":false,""print_adjacent_to_assert"":false,""print_arguments_safe"":false,""print_removed_from_top_level"":false,""source_complete"":true,""source_parseable"":true}",fail,true
4B_complete_development200,224956b99cd0c0ceeed0b6a1c9461dd84f4ca2dc7c9d86295b8b739037e74ff3,5,cd44ecef70f1c75ce83874e5edfb39cd4b95f42e7ca3b25c4da582ad024d8893,Mbpp/633,33,Ab1_H0,qwen3.5:4b,pair_xor_Sum,2904c66bb5c55dffc616ffee5e12f64ce56f779dd14783cbec68f9e7bb098c23,2904c66bb5c55dffc616ffee5e12f64ce56f779dd14783cbec68f9e7bb098c23,false,false,true,source_unparseable,"{""assert_literal_entrypoint_selftest"":false,""assert_matches_public_selftest"":false,""assert_remains_top_level"":false,""builtin_print_unshadowed"":false,""entrypoint_unique"":false,""exactly_one_top_level_assert"":false,""exactly_one_top_level_print"":false,""extraction_unambiguous"":false,""function_segments_unchanged"":false,""no_other_unclassified_top_level_calls"":false,""output_parseable"":false,""print_adjacent_to_assert"":false,""print_arguments_safe"":false,""print_removed_from_top_level"":false,""source_complete"":true,""source_parseable"":false}",not_evaluated,true
4B_complete_development200,a4e20446ad1d6bd0adcc2c5b0eb07f68ad421cfd9dcaf5eaecd404cfd4235f7f,6,cbd141a4315526c793d3d16a59b41f9651b819378e4b0af6bb43804a4e73f9f0,Mbpp/633,33,Ab2g_H1,qwen3.5:4b,pair_xor_Sum,e5d09ed6ad61e8335430f445d00615445534bab8ea52c5cf394aabf350da8d44,e5d09ed6ad61e8335430f445d00615445534bab8ea52c5cf394aabf350da8d44,false,false,true,no_top_level_print,"{""assert_literal_entrypoint_selftest"":false,""assert_matches_public_selftest"":false,""assert_remains_top_level"":false,""builtin_print_unshadowed"":false,""entrypoint_unique"":true,""exactly_one_top_level_assert"":true,""exactly_one_top_level_print"":false,""extraction_unambiguous"":true,""function_segments_unchanged"":false,""no_other_unclassified_top_level_calls"":false,""output_parseable"":false,""print_adjacent_to_assert"":false,""print_arguments_safe"":false,""print_removed_from_top_level"":false,""source_complete"":true,""source_parseable"":true}",fail,true
4B_complete_development200,35c67699eb3ba291de56f07c3359c77001b4f97233736e0de065d1f5ed1afe88,7,a732a3033a4a2f9c3ebd80477d4fe59eaf6d3b51185edb30a60888f2f19eca6d,Mbpp/633,44,Ab1_H0,qwen3.5:4b,pair_xor_Sum,d3de1b3f186c875cb176390d790fe9aaf7c8549ec2e08e003e9c235137f78e0f,d3de1b3f186c875cb176390d790fe9aaf7c8549ec2e08e003e9c235137f78e0f,false,false,true,no_top_level_print,"{""assert_literal_entrypoint_selftest"":false,""assert_matches_public_selftest"":false,""assert_remains_top_level"":false,""builtin_print_unshadowed"":false,""entrypoint_unique"":true,""exactly_one_top_level_assert"":false,""exactly_one_top_level_print"":false,""extraction_unambiguous"":true,""function_segments_unchanged"":false,""no_other_unclassified_top_level_calls"":false,""output_parseable"":false,""print_adjacent_to_assert"":false,""print_arguments_safe"":false,""print_removed_from_top_level"":false,""source_complete"":true,""source_parseable"":true}",fail,true
4B_complete_development200,edf1072103afbc18b15c943e5e2284756135ebe3d7f3d0adea55ba29970f9aac,8,447d3b7589b6625f18a9ecdab0b9ffc98fd356f53d6a52a36e1082c2cdd5f063,Mbpp/633,44,Ab2g_H1,qwen3.5:4b,pair_xor_Sum,794b7bcc9e3c2d1b8bc773e7044903e47317206cf8cf5acff587170d1aa9b98a,794b7bcc9e3c2d1b8bc773e7044903e47317206cf8cf5acff587170d1aa9b98a,false,false,true,no_top_level_print,"{""assert_literal_entrypoint_selftest"":false,""assert_matches_public_selftest"":false,""assert_remains_top_level"":false,""builtin_print_unshadowed"":false,""entrypoint_unique"":true,""exactly_one_top_level_assert"":true,""exactly_one_top_level_print"":false,""extraction_unambiguous"":true,""function_segments_unchanged"":false,""no_other_unclassified_top_level_calls"":false,""output_parseable"":false,""print_adjacent_to_assert"":false,""print_arguments_safe"":false,""print_removed_from_top_level"":false,""source_complete"":true,""source_parseable"":true}",fail,true
4B_complete_development200,7e31ac4ad16917c9d0c8cf5c930653e432b023b26d1d9a428e6843acb323a240,9,1ea1da5b9d968c4bcf581f624b60244c8503b91e061be0be02b8e45e2150e4b8,Mbpp/633,55,Ab1_H0,qwen3.5:4b,pair_xor_Sum,52a7048327ce2557fc5b325ab479d47a46a5cf7c07af87122139c9b4ec736c91,52a7048327ce2557fc5b325ab479d47a46a5cf7c07af87122139c9b4ec736c91,false,false,true,source_unparseable,"{""assert_literal_entrypoint_selftest"":false,""assert_matches_public_selftest"":false,""assert_remains_top_level"":false,""builtin_print_unshadowed"":false,""entrypoint_unique"":false,""exactly_one_top_level_assert"":false,""exactly_one_top_level_print"":false,""extraction_unambiguous"":false,""function_segments_unchanged"":false,""no_other_unclassified_top_level_calls"":false,""output_parseable"":false,""print_adjacent_to_assert"":false,""print_arguments_safe"":false,""print_removed_from_top_level"":false,""source_complete"":true,""source_parseable"":false}",not_evaluated,true
4B_complete_development200,458fc78e939178ce338a4035afbf3c836f969c98de1a26c3702b98dd3d001678,10,1e9a9d398ba04c2e6301e361f60360a79f63b286ed8deed2546114d6ce477994,Mbpp/633,55,Ab2g_H1,qwen3.5:4b,pair_xor_Sum,17cbb6d3b2fe8b3a9a9e8a5eb1e703250a240b0e71d515f1a2832e6c08aca25c,17cbb6d3b2fe8b3a9a9e8a5eb1e703250a240b0e71d515f1a2832e6c08aca25c,false,false,true,no_top_level_print,"{""assert_literal_entrypoint_selftest"":false,""assert_matches_public_selftest"":false,""assert_remains_top_level"":false,""builtin_print_unshadowed"":false,""entrypoint_unique"":true,""exactly_one_top_level_assert"":false,""exactly_one_top_level_print"":false,""extraction_unambiguous"":true,""function_segments_unchanged"":false,""no_other_unclassified_top_level_calls"":false,""output_parseable"":false,""print_adjacent_to_assert"":false,""print_arguments_safe"":false,""print_removed_from_top_level"":false,""source_complete"":true,""source_parseable"":true}",fail,true
4B_complete_development200,c870f2b3dfe1174cbb3f3b21b47c960f5d5832f042644564e11c914ed6090a1a,11,29dfdc1363062e528674450adcae9b9927a378454c11e59848aeb3d4fb35f4ee,Mbpp/769,11,Ab1_H0,qwen3.5:4b,Diff,cbad2090599c028a424d73ab2d0dce0a42b4fc76accb4b41badd1623bffd608e,6ab372fab81d17293cb68a56890f1af7348688cee1b6d77278f4dc65ab109592,true,true,false,transformed_top_level_demo_print_quarantined,"{""assert_literal_entrypoint_selftest"":true,""assert_matches_public_selftest"":true,""assert_remains_top_level"":true,""builtin_print_unshadowed"":true,""entrypoint_unique"":true,""exactly_one_top_level_assert"":true,""exactly_one_top_level_print"":true,""extraction_unambiguous"":true,""function_segments_unchanged"":true,""no_other_unclassified_top_level_calls"":true,""output_parseable"":true,""print_adjacent_to_assert"":true,""print_arguments_safe"":true,""print_removed_from_top_level"":true,""source_complete"":true,""source_parseable"":true}",fail,true
4B_complete_development200,d01231b2c4e6428b7347492d6f5d8e8a2271143306366198a8bb9978078a8bf7,12,323dd9d3dea1f3308a0196559691712124b51c4b3da36f45341825a341a1654d,Mbpp/769,11,Ab2g_H1,qwen3.5:4b,Diff,a1c7850c7c2add56792dbeda4eff8fa8d26e2fe81e985013a4473ca9678020a2,a1c7850c7c2add56792dbeda4eff8fa8d26e2fe81e985013a4473ca9678020a2,false,false,true,no_top_level_print,"{""assert_literal_entrypoint_selftest"":false,""assert_matches_public_selftest"":false,""assert_remains_top_level"":false,""builtin_print_unshadowed"":false,""entrypoint_unique"":true,""exactly_one_top_level_assert"":false,""exactly_one_top_level_print"":false,""extraction_unambiguous"":true,""function_segments_unchanged"":false,""no_other_unclassified_top_level_calls"":false,""output_parseable"":false,""print_adjacent_to_assert"":false,""print_arguments_safe"":false,""print_removed_from_top_level"":false,""source_complete"":true,""source_parseable"":true}",fail,true
4B_complete_development200,88c6ec7294ae885e8a8436a7b9e4736879cb66c140c06da862aa4fc1fef0fbde,13,cc51c2dd1cc2db03931454c532f896f9bb14b6dc3a1b5f85bd65938c1abe5486,Mbpp/769,22,Ab1_H0,qwen3.5:4b,Diff,eab75be9f640094c1131e63f558b19d8ec889fb7ec478e3d01a089859d783078,eab75be9f640094c1131e63f558b19d8ec889fb7ec478e3d01a089859d783078,false,false,true,source_unparseable,"{""assert_literal_entrypoint_selftest"":false,""assert_matches_public_selftest"":false,""assert_remains_top_level"":false,""builtin_print_unshadowed"":false,""entrypoint_unique"":false,""exactly_one_top_level_assert"":false,""exactly_one_top_level_print"":false,""extraction_unambiguous"":false,""function_segments_unchanged"":false,""no_other_unclassified_top_level_calls"":false,""output_parseable"":false,""print_adjacent_to_assert"":false,""print_arguments_safe"":false,""print_removed_from_top_level"":false,""source_complete"":true,""source_parseable"":false}",not_evaluated,true
4B_complete_development200,d12832ea355ac1c9c384369a12dac652a91b27afaa1636d484e795e8bbc05b64,14,e8132f7d18a3302ede02a28259f69e1afd3bce6fb65ca00fb1bd607c01aa1727,Mbpp/769,22,Ab2g_H1,qwen3.5:4b,Diff,7e067b71e0cd260f7c2ba23fd3b8f280dd5b511a20ff2f6fed78cd3454727986,7e067b71e0cd260f7c2ba23fd3b8f280dd5b511a20ff2f6fed78cd3454727986,false,false,true,no_top_level_print,"{""assert_literal_entrypoint_selftest"":false,""assert_matches_public_selftest"":false,""assert_remains_top_level"":false,""builtin_print_unshadowed"":false,""entrypoint_unique"":true,""exactly_one_top_level_assert"":false,""exactly_one_top_level_print"":false,""extraction_unambiguous"":true,""function_segments_unchanged"":false,""no_other_unclassified_top_level_calls"":false,""output_parseable"":false,""print_adjacent_to_assert"":false,""print_arguments_safe"":false,""print_removed_from_top_level"":false,""source_complete"":true,""source_parseable"":true}",fail,true
4B_complete_development200,3cd98f35a01004fd5068297a0afdde4422c7338fe531e42eb11657dac7aee63d,15,87c2c7aa8ce64219f39ef164942fbdb497acffc0ee290f6de16debef45487e6c,Mbpp/769,33,Ab1_H0,qwen3.5:4b,Diff,29e1f1b9f3e7aea0e7cac2f8993a664d34f286c3cbda4da4e9b49d9d5d0efab4,29e1f1b9f3e7aea0e7cac2f8993a664d34f286c3cbda4da4e9b49d9d5d0efab4,false,false,true,source_truncated_or_completion_unknown,"{""assert_literal_entrypoint_selftest"":false,""assert_matches_public_selftest"":false,""assert_remains_top_level"":false,""builtin_print_unshadowed"":false,""entrypoint_unique"":false,""exactly_one_top_level_assert"":false,""exactly_one_top_level_print"":false,""extraction_unambiguous"":true,""function_segments_unchanged"":false,""no_other_unclassified_top_level_calls"":false,""output_parseable"":false,""print_adjacent_to_assert"":false,""print_arguments_safe"":false,""print_removed_from_top_level"":false,""source_complete"":false,""source_parseable"":true}",fail,true
4B_complete_development200,780d961844caf500704d3b63c29248c80686110d2778857cf8e9d97baa2c9beb,16,4c9a0a943e9721a17f1b9be9210498fe335346885249f03a64376da3f9e8aa1d,Mbpp/769,33,Ab2g_H1,qwen3.5:4b,Diff,7e067b71e0cd260f7c2ba23fd3b8f280dd5b511a20ff2f6fed78cd3454727986,7e067b71e0cd260f7c2ba23fd3b8f280dd5b511a20ff2f6fed78cd3454727986,false,false,true,no_top_level_print,"{""assert_literal_entrypoint_selftest"":false,""assert_matches_public_selftest"":false,""assert_remains_top_level"":false,""builtin_print_unshadowed"":false,""entrypoint_unique"":true,""exactly_one_top_level_assert"":false,""exactly_one_top_level_print"":false,""extraction_unambiguous"":true,""function_segments_unchanged"":false,""no_other_unclassified_top_level_calls"":false,""output_parseable"":false,""print_adjacent_to_assert"":false,""print_arguments_safe"":false,""print_removed_from_top_level"":false,""source_complete"":true,""source_parseable"":true}",fail,true
4B_complete_development200,2921cf8d5fa1fea019226451be73449a9f2c8a627d765b3de73272bf33019df2,17,38503807b222f907b4d9ff71e6409779a976c634a944c6d0b32b177113f4e00f,Mbpp/769,44,Ab1_H0,qwen3.5:4b,Diff,330819c6ab36d8d183f39275ed0f3ef7057d1ae4b2d85bae80512b8747c09593,330819c6ab36d8d183f39275ed0f3ef7057d1ae4b2d85bae80512b8747c09593,false,false,true,source_truncated_or_completion_unknown,"{""assert_literal_entrypoint_selftest"":false,""assert_matches_public_selftest"":false,""assert_remains_top_level"":false,""builtin_print_unshadowed"":false,""entrypoint_unique"":true,""exactly_one_top_level_assert"":true,""exactly_one_top_level_print"":false,""extraction_unambiguous"":true,""function_segments_unchanged"":false,""no_other_unclassified_top_level_calls"":false,""output_parseable"":false,""print_adjacent_to_assert"":false,""print_arguments_safe"":false,""print_removed_from_top_level"":false,""source_complete"":false,""source_parseable"":true}",fail,true
4B_complete_development200,33325bf93c08fae21815cced2807d7b0ddfceb17df360ba50f684d16773e7c7a,18,3a4adfe141064a4c3e633071c21807a8339069ed8e2ea73d192e83281019001a,Mbpp/769,44,Ab2g_H1,qwen3.5:4b,Diff,a1c7850c7c2add56792dbeda4eff8fa8d26e2fe81e985013a4473ca9678020a2,a1c7850c7c2add56792dbeda4eff8fa8d26e2fe81e985013a4473ca9678020a2,false,false,true,no_top_level_print,"{""assert_literal_entrypoint_selftest"":false,""assert_matches_public_selftest"":false,""assert_remains_top_level"":false,""builtin_print_unshadowed"":false,""entrypoint_unique"":true,""exactly_one_top_level_assert"":false,""exactly_one_top_level_print"":false,""extraction_unambiguous"":true,""function_segments_unchanged"":false,""no_other_unclassified_top_level_calls"":false,""output_parseable"":false,""print_adjacent_to_assert"":false,""print_arguments_safe"":false,""print_removed_from_top_level"":false,""source_complete"":true,""source_parseable"":true}",fail,true
4B_complete_development200,0bba2827dd3616258dd92c616fb7b0de09109b6a41065f03c77fb0197c5d8641,19,5ac48d49a50048905a7bf6faf2f25cb36751b6d0dfa13342c5597beac3b72948,Mbpp/769,55,Ab1_H0,qwen3.5:4b,Diff,29e1f1b9f3e7aea0e7cac2f8993a664d34f286c3cbda4da4e9b49d9d5d0efab4,29e1f1b9f3e7aea0e7cac2f8993a664d34f286c3cbda4da4e9b49d9d5d0efab4,false,false,true,source_truncated_or_completion_unknown,"{""assert_literal_entrypoint_selftest"":false,""assert_matches_public_selftest"":false,""assert_remains_top_level"":false,""builtin_print_unshadowed"":false,""entrypoint_unique"":false,""exactly_one_top_level_assert"":false,""exactly_one_top_level_print"":false,""extraction_unambiguous"":true,""function_segments_unchanged"":false,""no_other_unclassified_top_level_calls"":false,""output_parseable"":false,""print_adjacent_to_assert"":false,""print_arguments_safe"":false,""print_removed_from_top_level"":false,""source_complete"":false,""source_parseable"":true}",fail,true
4B_complete_development200,835ef7c2c9da0542aa1474e526cac72f763135947d0f78a469cbe537182d5461,20,7bdd1664e7c51a4c88cd472d766eb2b6728b42e4efb78fb80fe71764a2a7438b,Mbpp/769,55,Ab2g_H1,qwen3.5:4b,Diff,7e067b71e0cd260f7c2ba23fd3b8f280dd5b511a20ff2f6fed78cd3454727986,7e067b71e0cd260f7c2ba23fd3b8f280dd5b511a20ff2f6fed78cd3454727986,false,false,true,no_top_level_print,"{""assert_literal_entrypoint_selftest"":false,""assert_matches_public_selftest"":false,""assert_remains_top_level"":false,""builtin_print_unshadowed"":false,""entrypoint_unique"":true,""exactly_one_top_level_assert"":false,""exactly_one_top_level_print"":false,""extraction_unambiguous"":true,""function_segments_unchanged"":false,""no_other_unclassified_top_level_calls"":false,""output_parseable"":false,""print_adjacent_to_assert"":false,""print_arguments_safe"":false,""print_removed_from_top_level"":false,""source_complete"":true,""source_parseable"":true}",fail,true
4B_complete_development200,21673a3ec0590f0ae290a870692a25afb1debb21ca3e76de6269ede302b6b792,21,d449742a9a1e00c8786156edad95d9d7b94325ee21a87af42e71ac8e216dbf7a,Mbpp/453,11,Ab1_H0,qwen3.5:4b,sumofFactors,2e3ef9c34e1b5575f0e982d807f68194c0230be4140b50efa47df0b083519424,2e3ef9c34e1b5575f0e982d807f68194c0230be4140b50efa47df0b083519424,false,false,true,entry_point_missing,"{""assert_literal_entrypoint_selftest"":false,""assert_matches_public_selftest"":false,""assert_remains_top_level"":false,""builtin_print_unshadowed"":false,""entrypoint_unique"":false,""exactly_one_top_level_assert"":true,""exactly_one_top_level_print"":false,""extraction_unambiguous"":true,""function_segments_unchanged"":false,""no_other_unclassified_top_level_calls"":false,""output_parseable"":false,""print_adjacent_to_assert"":false,""print_arguments_safe"":false,""print_removed_from_top_level"":false,""source_complete"":true,""source_parseable"":true}",fail,true
4B_complete_development200,8cb8e3b21770d5dc8277c6b722feb6740fae1c8e0a25cb862acd90016918ddf6,22,4977ebe4cdf1ddb60424902353764265ba34f80a40eef49866915de329fd7503,Mbpp/453,11,Ab2g_H1,qwen3.5:4b,sumofFactors,888eefa783eabbc7263f9b96f79b4d60c4d524a73c80e0c36b4a4ea8ac546f27,888eefa783eabbc7263f9b96f79b4d60c4d524a73c80e0c36b4a4ea8ac546f27,false,false,true,no_top_level_print,"{""assert_literal_entrypoint_selftest"":false,""assert_matches_public_selftest"":false,""assert_remains_top_level"":false,""builtin_print_unshadowed"":false,""entrypoint_unique"":true,""exactly_one_top_level_assert"":false,""exactly_one_top_level_print"":false,""extraction_unambiguous"":true,""function_segments_unchanged"":false,""no_other_unclassified_top_level_calls"":false,""output_parseable"":false,""print_adjacent_to_assert"":false,""print_arguments_safe"":false,""print_removed_from_top_level"":false,""source_complete"":true,""source_parseable"":true}",pass,true
4B_complete_development200,fa7f0d1c0be89b5f3c2b585ff7f88a3f2862e235ce0f74e82afdccf53ba3c89a,23,a6c77514902538d29dafc5814ce76dbe6d43e75c1a08a1434e88a78fca7c9d66,Mbpp/453,22,Ab1_H0,qwen3.5:4b,sumofFactors,a43075d494f22ca1fecb124f84e635a57b4b79406e8a14ca4ca3acc6525b41b4,a43075d494f22ca1fecb124f84e635a57b4b79406e8a14ca4ca3acc6525b41b4,true,false,true,entry_point_missing,"{""assert_literal_entrypoint_selftest"":false,""assert_matches_public_selftest"":false,""assert_remains_top_level"":false,""builtin_print_unshadowed"":false,""entrypoint_unique"":false,""exactly_one_top_level_assert"":true,""exactly_one_top_level_print"":true,""extraction_unambiguous"":true,""function_segments_unchanged"":false,""no_other_unclassified_top_level_calls"":false,""output_parseable"":false,""print_adjacent_to_assert"":false,""print_arguments_safe"":false,""print_removed_from_top_level"":false,""source_complete"":true,""source_parseable"":true}",fail,true
4B_complete_development200,8cddc09b5f4d1662cffbd19c39f27fe3548ca470b317b78e43d934e19fcc87ca,24,97c4f217ff7687d38d748b0b1d6e0ac0affcb645f2482fcce764ea438217da47,Mbpp/453,22,Ab2g_H1,qwen3.5:4b,sumofFactors,d2f6b7d14fdaf9acfd4a56328e39fc7efdc1e92d8e9791a2634e85dd1b86bfdf,d2f6b7d14fdaf9acfd4a56328e39fc7efdc1e92d8e9791a2634e85dd1b86bfdf,false,false,true,no_top_level_print,"{""assert_literal_entrypoint_selftest"":false,""assert_matches_public_selftest"":false,""assert_remains_top_level"":false,""builtin_print_unshadowed"":false,""entrypoint_unique"":true,""exactly_one_top_level_assert"":false,""exactly_one_top_level_print"":false,""extraction_unambiguous"":true,""function_segments_unchanged"":false,""no_other_unclassified_top_level_calls"":false,""output_parseable"":false,""print_adjacent_to_assert"":false,""print_arguments_safe"":false,""print_removed_from_top_level"":false,""source_complete"":true,""source_parseable"":true}",pass,true
4B_complete_development200,8bfdec8694a999f6ecdf92a82cf0a9d5da3a675425fd551b150077b3e9eb53a5,25,61c097dbaf648ac149dec58a29c2f0f8cf1be2e2c96563e2c00ef80e7d4ab3a0,Mbpp/453,33,Ab1_H0,qwen3.5:4b,sumofFactors,65b14501fc9ab20a5b0f7db7d2ecc7426eaad41a655a09055e2b8b3b540d4b1a,65b14501fc9ab20a5b0f7db7d2ecc7426eaad41a655a09055e2b8b3b540d4b1a,false,false,true,entry_point_missing,"{""assert_literal_entrypoint_selftest"":false,""assert_matches_public_selftest"":false,""assert_remains_top_level"":false,""builtin_print_unshadowed"":false,""entrypoint_unique"":false,""exactly_one_top_level_assert"":true,""exactly_one_top_level_print"":false,""extraction_unambiguous"":true,""function_segments_unchanged"":false,""no_other_unclassified_top_level_calls"":false,""output_parseable"":false,""print_adjacent_to_assert"":false,""print_arguments_safe"":false,""print_removed_from_top_level"":false,""source_complete"":true,""source_parseable"":true}",fail,true
4B_complete_development200,8a413ed317a6a5ad3fd77c2734d20acf0afe445d1cfec0a79a127a6e4fbe47a3,26,342199b76048afa2fb4b557e23e3d31e2f7d8ee5c413e0677d14626f0efb0a07,Mbpp/453,33,Ab2g_H1,qwen3.5:4b,sumofFactors,3320c5f7b4ea81b6964f3cd79ef6ee7c201eb757619899bee7c9c822a7641bcc,3320c5f7b4ea81b6964f3cd79ef6ee7c201eb757619899bee7c9c822a7641bcc,false,false,true,no_top_level_print,"{""assert_literal_entrypoint_selftest"":false,""assert_matches_public_selftest"":false,""assert_remains_top_level"":false,""builtin_print_unshadowed"":false,""entrypoint_unique"":true,""exactly_one_top_level_assert"":false,""exactly_one_top_level_print"":false,""extraction_unambiguous"":true,""function_segments_unchanged"":false,""no_other_unclassified_top_level_calls"":false,""output_parseable"":false,""print_adjacent_to_assert"":false,""print_arguments_safe"":false,""print_removed_from_top_level"":false,""source_complete"":true,""source_parseable"":true}",pass,true
4B_complete_development200,7c9a6606c3faa94489b6fb48f9f784498700b3aeced2501278cf527f0f605f45,27,c40a7dc099deae9d6866f8b8bb6e34dda5b9bcc48e83a8e2eb3c7ed8e453a596,Mbpp/453,44,Ab1_H0,qwen3.5:4b,sumofFactors,7224f2453ebd97014ecc34abc295405ea83a2742def946c214551d4f5f0fc407,7224f2453ebd97014ecc34abc295405ea83a2742def946c214551d4f5f0fc407,false,false,true,entry_point_missing,"{""assert_literal_entrypoint_selftest"":false,""assert_matches_public_selftest"":false,""assert_remains_top_level"":false,""builtin_print_unshadowed"":false,""entrypoint_unique"":false,""exactly_one_top_level_assert"":true,""exactly_one_top_level_print"":false,""extraction_unambiguous"":true,""function_segments_unchanged"":false,""no_other_unclassified_top_level_calls"":false,""output_parseable"":false,""print_adjacent_to_assert"":false,""print_arguments_safe"":false,""print_removed_from_top_level"":false,""source_complete"":true,""source_parseable"":true}",fail,true
4B_complete_development200,b899e05fa1aff60c26f52911d7230e86a8357d35bfcc8b98ffe34dd68876a6ac,28,ab2237e58854fee4824f038d16bf0996d1ae30ca2c1b3ad070bacd5e05c073ed,Mbpp/453,44,Ab2g_H1,qwen3.5:4b,sumofFactors,3320c5f7b4ea81b6964f3cd79ef6ee7c201eb757619899bee7c9c822a7641bcc,3320c5f7b4ea81b6964f3cd79ef6ee7c201eb757619899bee7c9c822a7641bcc,false,false,true,no_top_level_print,"{""assert_literal_entrypoint_selftest"":false,""assert_matches_public_selftest"":false,""assert_remains_top_level"":false,""builtin_print_unshadowed"":false,""entrypoint_unique"":true,""exactly_one_top_level_assert"":false,""exactly_one_top_level_print"":false,""extraction_unambiguous"":true,""function_segments_unchanged"":false,""no_other_unclassified_top_level_calls"":false,""output_parseable"":false,""print_adjacent_to_assert"":false,""print_arguments_safe"":false,""print_removed_from_top_level"":false,""source_complete"":true,""source_parseable"":true}",pass,true
4B_complete_development200,d96cf7506d9a91e10aa884449cad3315a38122f44412b8df1c03dfd66171df0e,29,4232fe1daff40fd6c429b02221e109a2ae82bf0fbe9a6c1a7e9e029d2220a948,Mbpp/453,55,Ab1_H0,qwen3.5:4b,sumofFactors,1bcd628d22cb33c915b12d5ca24cfdd7ee7c7b48e8621ae9dfe69379b1564ab3,1bcd628d22cb33c915b12d5ca24cfdd7ee7c7b48e8621ae9dfe69379b1564ab3,true,false,true,entry_point_missing,"{""assert_literal_entrypoint_selftest"":false,""assert_matches_public_selftest"":false,""assert_remains_top_level"":false,""builtin_print_unshadowed"":false,""entrypoint_unique"":false,""exactly_one_top_level_assert"":true,""exactly_one_top_level_print"":true,""extraction_unambiguous"":true,""function_segments_unchanged"":false,""no_other_unclassified_top_level_calls"":false,""output_parseable"":false,""print_adjacent_to_assert"":false,""print_arguments_safe"":false,""print_removed_from_top_level"":false,""source_complete"":true,""source_parseable"":true}",fail,true
4B_complete_development200,7a1004b98bc5ce3d67de8a3e26cc1fc111fa68279e5c71cc61802063c483ccac,30,18625cbcdf69efe5bc05c632ac10d11c75e0e7d2001544c2d61d3b8645f9208f,Mbpp/453,55,Ab2g_H1,qwen3.5:4b,sumofFactors,62c022e53b1ced368a6e74d190daa5b1ade2bd9e926cc16fddcdf24c5f253fcb,62c022e53b1ced368a6e74d190daa5b1ade2bd9e926cc16fddcdf24c5f253fcb,false,false,true,no_top_level_print,"{""assert_literal_entrypoint_selftest"":false,""assert_matches_public_selftest"":false,""assert_remains_top_level"":false,""builtin_print_unshadowed"":false,""entrypoint_unique"":true,""exactly_one_top_level_assert"":false,""exactly_one_top_level_print"":false,""extraction_unambiguous"":true,""function_segments_unchanged"":false,""no_other_unclassified_top_level_calls"":false,""output_parseable"":false,""print_adjacent_to_assert"":false,""print_arguments_safe"":false,""print_removed_from_top_level"":false,""source_complete"":true,""source_parseable"":true}",pass,true
4B_complete_development200,7670d9864d15b475c08f1902deb642b3d9cb6546ac71f09f5e3acb5dda951bd2,31,adfadf3ec366e16570075e15eb4e106cd9a2e81b0f11a559910b85b5df1919e6,Mbpp/259,11,Ab1_H0,qwen3.5:4b,maximize_elements,3b1edea4c853bdb9cbb600f029dec2d886089598b3425c5dacdd5929a682819a,3b1edea4c853bdb9cbb600f029dec2d886089598b3425c5dacdd5929a682819a,false,false,true,no_top_level_print,"{""assert_literal_entrypoint_selftest"":false,""assert_matches_public_selftest"":false,""assert_remains_top_level"":false,""builtin_print_unshadowed"":false,""entrypoint_unique"":true,""exactly_one_top_level_assert"":false,""exactly_one_top_level_print"":false,""extraction_unambiguous"":true,""function_segments_unchanged"":false,""no_other_unclassified_top_level_calls"":false,""output_parseable"":false,""print_adjacent_to_assert"":false,""print_arguments_safe"":false,""print_removed_from_top_level"":false,""source_complete"":true,""source_parseable"":true}",pass,true
4B_complete_development200,0d8e85194b7d8cd670645af01f58762882f208f206c50660037645b5c8657b9e,32,7b89a9ac0702df0a960ab050deae7d83aedd1f632e2f50ff52cc9d5cc7cd23a1,Mbpp/259,11,Ab2g_H1,qwen3.5:4b,maximize_elements,4cb2a26700e3d73a7eba651f64627db2af220063b8581f6b672447b9f20a4653,4cb2a26700e3d73a7eba651f64627db2af220063b8581f6b672447b9f20a4653,false,false,true,source_truncated_or_completion_unknown,"{""assert_literal_entrypoint_selftest"":false,""assert_matches_public_selftest"":false,""assert_remains_top_level"":false,""builtin_print_unshadowed"":false,""entrypoint_unique"":true,""exactly_one_top_level_assert"":false,""exactly_one_top_level_print"":false,""extraction_unambiguous"":true,""function_segments_unchanged"":false,""no_other_unclassified_top_level_calls"":false,""output_parseable"":false,""print_adjacent_to_assert"":false,""print_arguments_safe"":false,""print_removed_from_top_level"":false,""source_complete"":false,""source_parseable"":true}",fail,true
4B_complete_development200,69337a71a0843164d7bb62d1050bae0d3dc4acbc25ed122c804e299d7ac67c1c,33,4f9bf51d24c6cbb241ce3ec0d4b5ea77a0d3384f6fbd443851296f32b83b2e88,Mbpp/259,22,Ab1_H0,qwen3.5:4b,maximize_elements,053cc8e68c3c0dc72630feac4a1932e043e50456bf5e554ae544c60cd57da722,053cc8e68c3c0dc72630feac4a1932e043e50456bf5e554ae544c60cd57da722,false,false,true,no_top_level_print,"{""assert_literal_entrypoint_selftest"":false,""assert_matches_public_selftest"":false,""assert_remains_top_level"":false,""builtin_print_unshadowed"":false,""entrypoint_unique"":true,""exactly_one_top_level_assert"":false,""exactly_one_top_level_print"":false,""extraction_unambiguous"":true,""function_segments_unchanged"":false,""no_other_unclassified_top_level_calls"":false,""output_parseable"":false,""print_adjacent_to_assert"":false,""print_arguments_safe"":false,""print_removed_from_top_level"":false,""source_complete"":true,""source_parseable"":true}",fail,true
4B_complete_development200,f8060cbfc44e9726126f2848998c97695d17c13ed92d1f57161748cf10ad3a5a,34,e416a50bceaa9a80b9e8b838c2cfd74e543765bd41b96b82ba489c1f2a7de476,Mbpp/259,22,Ab2g_H1,qwen3.5:4b,maximize_elements,96a05e87ff46f62212abde53f7ec951becf936329eb7d5904bb824665b7d52a4,96a05e87ff46f62212abde53f7ec951becf936329eb7d5904bb824665b7d52a4,false,false,true,source_truncated_or_completion_unknown,"{""assert_literal_entrypoint_selftest"":false,""assert_matches_public_selftest"":false,""assert_remains_top_level"":false,""builtin_print_unshadowed"":false,""entrypoint_unique"":true,""exactly_one_top_level_assert"":false,""exactly_one_top_level_print"":false,""extraction_unambiguous"":true,""function_segments_unchanged"":false,""no_other_unclassified_top_level_calls"":false,""output_parseable"":false,""print_adjacent_to_assert"":false,""print_arguments_safe"":false,""print_removed_from_top_level"":false,""source_complete"":false,""source_parseable"":true}",fail,true
4B_complete_development200,92245a90ea4b0f945f82e3627b38004b1d42bd728c6553835d71faa09b1d3e11,35,522f45b72dd034ebf2979b68a5b6f7f93d0b779305d38b7bfb31d27764683d40,Mbpp/259,33,Ab1_H0,qwen3.5:4b,maximize_elements,b01a7528a6afd4a081a31b0ee14eea2fa5903604717f4eb00940bb171dbf579a,b01a7528a6afd4a081a31b0ee14eea2fa5903604717f4eb00940bb171dbf579a,false,false,true,no_top_level_print,"{""assert_literal_entrypoint_selftest"":false,""assert_matches_public_selftest"":false,""assert_remains_top_level"":false,""builtin_print_unshadowed"":false,""entrypoint_unique"":true,""exactly_one_top_level_assert"":false,""exactly_one_top_level_print"":false,""extraction_unambiguous"":true,""function_segments_unchanged"":false,""no_other_unclassified_top_level_calls"":false,""output_parseable"":false,""print_adjacent_to_assert"":false,""print_arguments_safe"":false,""print_removed_from_top_level"":false,""source_complete"":true,""source_parseable"":true}",fail,true
4B_complete_development200,a1c328e5f04d551495c4d4b913c79ea5be56900c03b209d5bb467b070a398a76,36,d97a3aaee1bf86b2b4e751eaad3f1ee0c0ce58f67e84224100459e38c04a474c,Mbpp/259,33,Ab2g_H1,qwen3.5:4b,maximize_elements,4725e1831481e52436b1f741f58f98651612774923fd99a53967b4fe23b3f072,4725e1831481e52436b1f741f58f98651612774923fd99a53967b4fe23b3f072,false,false,true,no_top_level_print,"{""assert_literal_entrypoint_selftest"":false,""assert_matches_public_selftest"":false,""assert_remains_top_level"":false,""builtin_print_unshadowed"":false,""entrypoint_unique"":true,""exactly_one_top_level_assert"":false,""exactly_one_top_level_print"":false,""extraction_unambiguous"":true,""function_segments_unchanged"":false,""no_other_unclassified_top_level_calls"":false,""output_parseable"":false,""print_adjacent_to_assert"":false,""print_arguments_safe"":false,""print_removed_from_top_level"":false,""source_complete"":true,""source_parseable"":true}",fail,true
4B_complete_development200,f3296791cd4bd8b0b1a4360be891b09590e8ff870fa64354b3f93f0815566005,37,696cce76aedd797748e7439c247b1ad61aa1f14e5097a2722d77b5c22fa9cbf4,Mbpp/259,44,Ab1_H0,qwen3.5:4b,maximize_elements,7683c702d6d4ac4776056ffe99a77d7d6e9855afa9bb311fba7ccba4b4d108bb,0209ea8eb9acac7dd3389134035b1e6f2577173199866c68bc8c28252496db4d,true,true,false,transformed_top_level_demo_print_quarantined,"{""assert_literal_entrypoint_selftest"":true,""assert_matches_public_selftest"":true,""assert_remains_top_level"":true,""builtin_print_unshadowed"":true,""entrypoint_unique"":true,""exactly_one_top_level_assert"":true,""exactly_one_top_level_print"":true,""extraction_unambiguous"":true,""function_segments_unchanged"":true,""no_other_unclassified_top_level_calls"":true,""output_parseable"":true,""print_adjacent_to_assert"":true,""print_arguments_safe"":true,""print_removed_from_top_level"":true,""source_complete"":true,""source_parseable"":true}",fail,true
4B_complete_development200,4859b74400705a191da057e729be09af33a33b92e680dace67203094ca28a095,38,b67f9836cd511482a6f326144033755665caf308911c29a0868d8e939598ff38,Mbpp/259,44,Ab2g_H1,qwen3.5:4b,maximize_elements,66c317168489f903961922f8385f918f4914684f1cc721292a9ee5691b90c8d5,66c317168489f903961922f8385f918f4914684f1cc721292a9ee5691b90c8d5,false,false,true,no_top_level_print,"{""assert_literal_entrypoint_selftest"":false,""assert_matches_public_selftest"":false,""assert_remains_top_level"":false,""builtin_print_unshadowed"":false,""entrypoint_unique"":true,""exactly_one_top_level_assert"":false,""exactly_one_top_level_print"":false,""extraction_unambiguous"":true,""function_segments_unchanged"":false,""no_other_unclassified_top_level_calls"":false,""output_parseable"":false,""print_adjacent_to_assert"":false,""print_arguments_safe"":false,""print_removed_from_top_level"":false,""source_complete"":true,""source_parseable"":true}",fail,true
4B_complete_development200,e0c241fecadecc7b7d704b1834b497042f92d60c2795f25c09e1ff6cc4c6d3af,39,9932847e4bcdac5cdecff9d703fcb28817390adeb18f915fce71f674a88c627f,Mbpp/259,55,Ab1_H0,qwen3.5:4b,maximize_elements,bd78677c524fd4742976bcc180e7fd1ebd399c06d0e309e88277920cd23fb2db,bd78677c524fd4742976bcc180e7fd1ebd399c06d0e309e88277920cd23fb2db,false,false,true,source_unparseable,"{""assert_literal_entrypoint_selftest"":false,""assert_matches_public_selftest"":false,""assert_remains_top_level"":false,""builtin_print_unshadowed"":false,""entrypoint_unique"":false,""exactly_one_top_level_assert"":false,""exactly_one_top_level_print"":false,""extraction_unambiguous"":true,""function_segments_unchanged"":false,""no_other_unclassified_top_level_calls"":false,""output_parseable"":false,""print_adjacent_to_assert"":false,""print_arguments_safe"":false,""print_removed_from_top_level"":false,""source_complete"":false,""source_parseable"":false}",fail,true
4B_complete_development200,b165ad427be4b50c67d0816b5c38c66f77db23be555dc3ff7cee9a45e37755de,40,a3ff900630e289aeed1959504b15732e40d3a22832c29c2acbd8d7624388069b,Mbpp/259,55,Ab2g_H1,qwen3.5:4b,maximize_elements,c2dcd739b90eb5dd6ac9d456df78e4e67ee63a8805aa7f3ecafda038cbb6c37e,c2dcd739b90eb5dd6ac9d456df78e4e67ee63a8805aa7f3ecafda038cbb6c37e,false,false,true,no_top_level_print,"{""assert_literal_entrypoint_selftest"":false,""assert_matches_public_selftest"":false,""assert_remains_top_level"":false,""builtin_print_unshadowed"":false,""entrypoint_unique"":true,""exactly_one_top_level_assert"":false,""exactly_one_top_level_print"":false,""extraction_unambiguous"":true,""function_segments_unchanged"":false,""no_other_unclassified_top_level_calls"":false,""output_parseable"":false,""print_adjacent_to_assert"":false,""print_arguments_safe"":false,""print_removed_from_top_level"":false,""source_complete"":true,""source_parseable"":true}",fail,true
4B_complete_development200,91481565bcf4bbf1923e6b9b10440a762ecdac06e622822fbc1fe5ecb201f2cd,41,de7b11adcfba4e4b4d1e7d007d79824e7273c6e4f1125c11a7e16c826efe688e,Mbpp/739,11,Ab1_H0,qwen3.5:4b,find_Index,0a51e881a1667420805509807cd45f30c37d1c2e02ceb474a8356beaa866155c,0a51e881a1667420805509807cd45f30c37d1c2e02ceb474a8356beaa866155c,false,false,true,no_top_level_print,"{""assert_literal_entrypoint_selftest"":false,""assert_matches_public_selftest"":false,""assert_remains_top_level"":false,""builtin_print_unshadowed"":false,""entrypoint_unique"":true,""exactly_one_top_level_assert"":true,""exactly_one_top_level_print"":false,""extraction_unambiguous"":true,""function_segments_unchanged"":false,""no_other_unclassified_top_level_calls"":false,""output_parseable"":false,""print_adjacent_to_assert"":false,""print_arguments_safe"":false,""print_removed_from_top_level"":false,""source_complete"":true,""source_parseable"":true}",fail,true
4B_complete_development200,9379bd8ac3c94dc0b9f95489610a9f5558b9b16d64256a6a1e8c030d3cce9697,42,e16dfe63aeb926f35b7a589954afa12dd116a9d68ee7da69be5b4572b44331ad,Mbpp/739,11,Ab2g_H1,qwen3.5:4b,find_Index,0378658c6acb2505bfddaa050d0ff5f9267a7adaa18197a17f2eb92158ea6eef,0378658c6acb2505bfddaa050d0ff5f9267a7adaa18197a17f2eb92158ea6eef,false,false,true,source_unparseable,"{""assert_literal_entrypoint_selftest"":false,""assert_matches_public_selftest"":false,""assert_remains_top_level"":false,""builtin_print_unshadowed"":false,""entrypoint_unique"":false,""exactly_one_top_level_assert"":false,""exactly_one_top_level_print"":false,""extraction_unambiguous"":true,""function_segments_unchanged"":false,""no_other_unclassified_top_level_calls"":false,""output_parseable"":false,""print_adjacent_to_assert"":false,""print_arguments_safe"":false,""print_removed_from_top_level"":false,""source_complete"":true,""source_parseable"":false}",fail,true
4B_complete_development200,57e490f3aa56300030a805759f2491faa68ba6c02a1c6ea36f8ffbd26720a336,43,f4c862dba9314aa2da9679ddb4b37eb320f4b0de5fa58d23a3529c6c37ee631c,Mbpp/739,22,Ab1_H0,qwen3.5:4b,find_Index,a43ab01a3a27e08d421595128bf9986145d7f78f2cea649fce47670a4379530b,a43ab01a3a27e08d421595128bf9986145d7f78f2cea649fce47670a4379530b,false,false,true,no_top_level_print,"{""assert_literal_entrypoint_selftest"":false,""assert_matches_public_selftest"":false,""assert_remains_top_level"":false,""builtin_print_unshadowed"":false,""entrypoint_unique"":true,""exactly_one_top_level_assert"":true,""exactly_one_top_level_print"":false,""extraction_unambiguous"":true,""function_segments_unchanged"":false,""no_other_unclassified_top_level_calls"":false,""output_parseable"":false,""print_adjacent_to_assert"":false,""print_arguments_safe"":false,""print_removed_from_top_level"":false,""source_complete"":true,""source_parseable"":true}",fail,true
4B_complete_development200,866f18b0b61ee6c69051cac7cb59261e1ca6a7a8f61c8cac42daed961ea258de,44,65355f298a84edf80d744a0af682c30a5f86af58c8c78c937dd1c3c33843fad7,Mbpp/739,22,Ab2g_H1,qwen3.5:4b,find_Index,3cfcaa7d98d81c4a61258d81edd161e8925732d87d9adf1979efde095eca93f6,3cfcaa7d98d81c4a61258d81edd161e8925732d87d9adf1979efde095eca93f6,false,false,true,no_top_level_print,"{""assert_literal_entrypoint_selftest"":false,""assert_matches_public_selftest"":false,""assert_remains_top_level"":false,""builtin_print_unshadowed"":false,""entrypoint_unique"":true,""exactly_one_top_level_assert"":true,""exactly_one_top_level_print"":false,""extraction_unambiguous"":true,""function_segments_unchanged"":false,""no_other_unclassified_top_level_calls"":false,""output_parseable"":false,""print_adjacent_to_assert"":false,""print_arguments_safe"":false,""print_removed_from_top_level"":false,""source_complete"":true,""source_parseable"":true}",fail,true
4B_complete_development200,1b3f3fac986b06293e3fc9c5dba4feebd56343aff6156bd4a95f57211d03fc68,45,60d2c35fb05fe965de94b8d855770260b4f6d238456cc50b35b6a6010b33d250,Mbpp/739,33,Ab1_H0,qwen3.5:4b,find_Index,39c4a60c6aba7e0fa340ea399c22c41fd462682034c853bc188f07377ccb5f29,39c4a60c6aba7e0fa340ea399c22c41fd462682034c853bc188f07377ccb5f29,true,false,true,source_truncated_or_completion_unknown,"{""assert_literal_entrypoint_selftest"":false,""assert_matches_public_selftest"":false,""assert_remains_top_level"":false,""builtin_print_unshadowed"":false,""entrypoint_unique"":true,""exactly_one_top_level_assert"":false,""exactly_one_top_level_print"":true,""extraction_unambiguous"":true,""function_segments_unchanged"":false,""no_other_unclassified_top_level_calls"":false,""output_parseable"":false,""print_adjacent_to_assert"":false,""print_arguments_safe"":false,""print_removed_from_top_level"":false,""source_complete"":false,""source_parseable"":true}",fail,true
4B_complete_development200,63986ed7ef5bee5b725dd5e0e909194e1ce1c638c2190c14841f99b2cc3d44b5,46,044b4f88940c43a7ad6962a540819c4abf98c430ac6d485ff08771e8b2d0b5ea,Mbpp/739,33,Ab2g_H1,qwen3.5:4b,find_Index,11750607c983e0b605fe60427b6a5452f9134bfc090c508d865cb395fefafef0,11750607c983e0b605fe60427b6a5452f9134bfc090c508d865cb395fefafef0,false,false,true,source_unparseable,"{""assert_literal_entrypoint_selftest"":false,""assert_matches_public_selftest"":false,""assert_remains_top_level"":false,""builtin_print_unshadowed"":false,""entrypoint_unique"":false,""exactly_one_top_level_assert"":false,""exactly_one_top_level_print"":false,""extraction_unambiguous"":true,""function_segments_unchanged"":false,""no_other_unclassified_top_level_calls"":false,""output_parseable"":false,""print_adjacent_to_assert"":false,""print_arguments_safe"":false,""print_removed_from_top_level"":false,""source_complete"":false,""source_parseable"":false}",fail,true
4B_complete_development200,ce08a4aba31e1baff9141dae557a6c101145ad21a1c005b97accee28695ffae5,47,81f834c2902b61ca250865603dce23f5f7060df7080ccc44cc95c5fe9e90000f,Mbpp/739,44,Ab1_H0,qwen3.5:4b,find_Index,bb5eb5d1e05acfb6d968f1e8146de1c5bf88534af00e14c5098271a6b5a9ecbe,bb5eb5d1e05acfb6d968f1e8146de1c5bf88534af00e14c5098271a6b5a9ecbe,false,false,true,no_top_level_print,"{""assert_literal_entrypoint_selftest"":false,""assert_matches_public_selftest"":false,""assert_remains_top_level"":false,""builtin_print_unshadowed"":false,""entrypoint_unique"":true,""exactly_one_top_level_assert"":true,""exactly_one_top_level_print"":false,""extraction_unambiguous"":true,""function_segments_unchanged"":false,""no_other_unclassified_top_level_calls"":false,""output_parseable"":false,""print_adjacent_to_assert"":false,""print_arguments_safe"":false,""print_removed_from_top_level"":false,""source_complete"":true,""source_parseable"":true}",fail,true
4B_complete_development200,97aa327eb24d4d8b79e150f59598ace9178612ea73843533bffe31924820a3cb,48,7dd355b4933135465bba8df7dcd22c3f1c7cf42a704569c53d48ce51e223d928,Mbpp/739,44,Ab2g_H1,qwen3.5:4b,find_Index,6f989a6b5200cd96e3494b07c8280093dc76eea51aba13e2e79b51b5746d7acf,6f989a6b5200cd96e3494b07c8280093dc76eea51aba13e2e79b51b5746d7acf,false,false,true,source_unparseable,"{""assert_literal_entrypoint_selftest"":false,""assert_matches_public_selftest"":false,""assert_remains_top_level"":false,""builtin_print_unshadowed"":false,""entrypoint_unique"":false,""exactly_one_top_level_assert"":false,""exactly_one_top_level_print"":false,""extraction_unambiguous"":true,""function_segments_unchanged"":false,""no_other_unclassified_top_level_calls"":false,""output_parseable"":false,""print_adjacent_to_assert"":false,""print_arguments_safe"":false,""print_removed_from_top_level"":false,""source_complete"":false,""source_parseable"":false}",fail,true
4B_complete_development200,5d58d1c9cc9221d9c64fa72f7a0fe01f865952311f07eb1e02398965ed2642fc,49,19ec61c05eb7949d2d139ca1049c66e87c8ca85aec4de1df18a597221fa995f4,Mbpp/739,55,Ab1_H0,qwen3.5:4b,find_Index,83e9d012d63f79fa6997583af9d4ff57e446a7a5ffbe9c1ea8604c021857b0c0,83e9d012d63f79fa6997583af9d4ff57e446a7a5ffbe9c1ea8604c021857b0c0,false,false,true,no_top_level_print,"{""assert_literal_entrypoint_selftest"":false,""assert_matches_public_selftest"":false,""assert_remains_top_level"":false,""builtin_print_unshadowed"":false,""entrypoint_unique"":true,""exactly_one_top_level_assert"":false,""exactly_one_top_level_print"":false,""extraction_unambiguous"":true,""function_segments_unchanged"":false,""no_other_unclassified_top_level_calls"":false,""output_parseable"":false,""print_adjacent_to_assert"":false,""print_arguments_safe"":false,""print_removed_from_top_level"":false,""source_complete"":true,""source_parseable"":true}",fail,true
4B_complete_development200,dc3b1406ed6521e99e4fd21ea39c83220dd38bf49835358e77dee10b5b8b9278,50,cb93eb247f46991bbf7555f78747667d0d3cb92c93c34715a0b6854ca4ee0431,Mbpp/739,55,Ab2g_H1,qwen3.5:4b,find_Index,002e7d3c278dcc1105d451a18c1dff771ac7e094c7ffabc227c1e690b447b737,002e7d3c278dcc1105d451a18c1dff771ac7e094c7ffabc227c1e690b447b737,false,false,true,no_top_level_print,"{""assert_literal_entrypoint_selftest"":false,""assert_matches_public_selftest"":false,""assert_remains_top_level"":false,""builtin_print_unshadowed"":false,""entrypoint_unique"":true,""exactly_one_top_level_assert"":true,""exactly_one_top_level_print"":false,""extraction_unambiguous"":true,""function_segments_unchanged"":false,""no_other_unclassified_top_level_calls"":false,""output_parseable"":false,""print_adjacent_to_assert"":false,""print_arguments_safe"":false,""print_removed_from_top_level"":false,""source_complete"":true,""source_parseable"":true}",fail,true
4B_complete_development200,9bbdae8d8cad05e4c73be904885e2d5fae56629aaa6717f2b9e712b6478562bc,51,689f92dbe5cbcde49e42719482fcd2bcf2b3974342cdbbfaca441939870d2ba4,Mbpp/124,11,Ab1_H0,qwen3.5:4b,angle_complex,4f9ebacc985734044831348e87d6d45cfc425418bc7c4d12c47d46f290ce5a29,4f9ebacc985734044831348e87d6d45cfc425418bc7c4d12c47d46f290ce5a29,false,false,true,source_unparseable,"{""assert_literal_entrypoint_selftest"":false,""assert_matches_public_selftest"":false,""assert_remains_top_level"":false,""builtin_print_unshadowed"":false,""entrypoint_unique"":false,""exactly_one_top_level_assert"":false,""exactly_one_top_level_print"":false,""extraction_unambiguous"":false,""function_segments_unchanged"":false,""no_other_unclassified_top_level_calls"":false,""output_parseable"":false,""print_adjacent_to_assert"":false,""print_arguments_safe"":false,""print_removed_from_top_level"":false,""source_complete"":true,""source_parseable"":false}",not_evaluated,true
4B_complete_development200,aed1becfc17007684aee718e9b1f9fe6de84ebe44ca764f5fae9f41a76c25e2e,52,3db9547eef003e1ca5a89409e28fbed64ced87c28a0a1e69da5eed90e98dcd10,Mbpp/124,11,Ab2g_H1,qwen3.5:4b,angle_complex,e656c04ce5b97235ead0612b56544f96e6cdcedd32028e278fbd8bd1dc6b4369,e656c04ce5b97235ead0612b56544f96e6cdcedd32028e278fbd8bd1dc6b4369,false,false,true,no_top_level_print,"{""assert_literal_entrypoint_selftest"":false,""assert_matches_public_selftest"":false,""assert_remains_top_level"":false,""builtin_print_unshadowed"":false,""entrypoint_unique"":true,""exactly_one_top_level_assert"":false,""exactly_one_top_level_print"":false,""extraction_unambiguous"":true,""function_segments_unchanged"":false,""no_other_unclassified_top_level_calls"":false,""output_parseable"":false,""print_adjacent_to_assert"":false,""print_arguments_safe"":false,""print_removed_from_top_level"":false,""source_complete"":true,""source_parseable"":true}",fail,true
4B_complete_development200,d0b01e6393082188b15c85279aa276b5fbca8dbace2628c429dc84b9380932b9,53,2cd994671fc6bf38654be64f35323870f7930c4b0f1183f382f1527c5a2a5dde,Mbpp/124,22,Ab1_H0,qwen3.5:4b,angle_complex,ceb3e9ab67cc56f520f54af6316f7c4010a283b3fbb32ed5eb6e84f1e02e1450,ceb3e9ab67cc56f520f54af6316f7c4010a283b3fbb32ed5eb6e84f1e02e1450,false,false,true,source_unparseable,"{""assert_literal_entrypoint_selftest"":false,""assert_matches_public_selftest"":false,""assert_remains_top_level"":false,""builtin_print_unshadowed"":false,""entrypoint_unique"":false,""exactly_one_top_level_assert"":false,""exactly_one_top_level_print"":false,""extraction_unambiguous"":false,""function_segments_unchanged"":false,""no_other_unclassified_top_level_calls"":false,""output_parseable"":false,""print_adjacent_to_assert"":false,""print_arguments_safe"":false,""print_removed_from_top_level"":false,""source_complete"":true,""source_parseable"":false}",not_evaluated,true
4B_complete_development200,814336de0150862a4c17a72da2d00fa3e00ad7d4bad1757ba922955a1a87c520,54,5d4ad3a035004615dbc8c6082e5f0154582b5281f034d2d07c1dae3c4bce9bbd,Mbpp/124,22,Ab2g_H1,qwen3.5:4b,angle_complex,e656c04ce5b97235ead0612b56544f96e6cdcedd32028e278fbd8bd1dc6b4369,e656c04ce5b97235ead0612b56544f96e6cdcedd32028e278fbd8bd1dc6b4369,false,false,true,no_top_level_print,"{""assert_literal_entrypoint_selftest"":false,""assert_matches_public_selftest"":false,""assert_remains_top_level"":false,""builtin_print_unshadowed"":false,""entrypoint_unique"":true,""exactly_one_top_level_assert"":false,""exactly_one_top_level_print"":false,""extraction_unambiguous"":true,""function_segments_unchanged"":false,""no_other_unclassified_top_level_calls"":false,""output_parseable"":false,""print_adjacent_to_assert"":false,""print_arguments_safe"":false,""print_removed_from_top_level"":false,""source_complete"":true,""source_parseable"":true}",fail,true
4B_complete_development200,5962d5bed3a3e2b86db499933cebfc4ba1ec0ee557d55705150965391844955c,55,629da34ea3e0740c86be2c29daeac7d5ebac78149f3f602413d3f479c2f95620,Mbpp/124,33,Ab1_H0,qwen3.5:4b,angle_complex,63a4f59a5cded4b66bddce1f86c14ee883fb585943818d57438d107489bbdada,63a4f59a5cded4b66bddce1f86c14ee883fb585943818d57438d107489bbdada,true,false,true,entry_point_missing,"{""assert_literal_entrypoint_selftest"":false,""assert_matches_public_selftest"":false,""assert_remains_top_level"":false,""builtin_print_unshadowed"":false,""entrypoint_unique"":false,""exactly_one_top_level_assert"":true,""exactly_one_top_level_print"":true,""extraction_unambiguous"":true,""function_segments_unchanged"":false,""no_other_unclassified_top_level_calls"":false,""output_parseable"":false,""print_adjacent_to_assert"":false,""print_arguments_safe"":false,""print_removed_from_top_level"":false,""source_complete"":true,""source_parseable"":true}",fail,true
4B_complete_development200,8d688ea1a635f7f0289caede3b84f915ef80b3bc1f633f0c28b63b2b1cec83ae,56,7b2d4eb5ac7d1ecc9f62593b809d92702b19221effd5d389634444ca488c0366,Mbpp/124,33,Ab2g_H1,qwen3.5:4b,angle_complex,e656c04ce5b97235ead0612b56544f96e6cdcedd32028e278fbd8bd1dc6b4369,e656c04ce5b97235ead0612b56544f96e6cdcedd32028e278fbd8bd1dc6b4369,false,false,true,no_top_level_print,"{""assert_literal_entrypoint_selftest"":false,""assert_matches_public_selftest"":false,""assert_remains_top_level"":false,""builtin_print_unshadowed"":false,""entrypoint_unique"":true,""exactly_one_top_level_assert"":false,""exactly_one_top_level_print"":false,""extraction_unambiguous"":true,""function_segments_unchanged"":false,""no_other_unclassified_top_level_calls"":false,""output_parseable"":false,""print_adjacent_to_assert"":false,""print_arguments_safe"":false,""print_removed_from_top_level"":false,""source_complete"":true,""source_parseable"":true}",fail,true
4B_complete_development200,8672ccb4b1e3520a83ab525657f6a727cc282ba1895d332445317e9fa3495576,57,dc7e6cd05570fb76fce29bb20f8cc0e06551748b7b7e29b3d73db3e8d45b3d88,Mbpp/124,44,Ab1_H0,qwen3.5:4b,angle_complex,7afb663e03aa0efe670c96c99906838b58e8d936ff9456000c045ef77b4b9729,7afb663e03aa0efe670c96c99906838b58e8d936ff9456000c045ef77b4b9729,false,false,true,no_top_level_print,"{""assert_literal_entrypoint_selftest"":false,""assert_matches_public_selftest"":false,""assert_remains_top_level"":false,""builtin_print_unshadowed"":false,""entrypoint_unique"":true,""exactly_one_top_level_assert"":false,""exactly_one_top_level_print"":false,""extraction_unambiguous"":true,""function_segments_unchanged"":false,""no_other_unclassified_top_level_calls"":false,""output_parseable"":false,""print_adjacent_to_assert"":false,""print_arguments_safe"":false,""print_removed_from_top_level"":false,""source_complete"":true,""source_parseable"":true}",fail,true
4B_complete_development200,d7bb5696ebaaefde1eeb9564c055c8d3bbbd50847e43c3bc60dfa371577a58a1,58,3c467b916495f6e1d3d1fa6fbba2b342ce6fa71bddc02b729d2cf1c2c7c589c5,Mbpp/124,44,Ab2g_H1,qwen3.5:4b,angle_complex,9b56e46c4de759dcbc5e2d6c998aac5fd8476fb5efa0bbfa4808fc61e5c24f05,9b56e46c4de759dcbc5e2d6c998aac5fd8476fb5efa0bbfa4808fc61e5c24f05,false,false,true,no_top_level_print,"{""assert_literal_entrypoint_selftest"":false,""assert_matches_public_selftest"":false,""assert_remains_top_level"":false,""builtin_print_unshadowed"":false,""entrypoint_unique"":true,""exactly_one_top_level_assert"":false,""exactly_one_top_level_print"":false,""extraction_unambiguous"":true,""function_segments_unchanged"":false,""no_other_unclassified_top_level_calls"":false,""output_parseable"":false,""print_adjacent_to_assert"":false,""print_arguments_safe"":false,""print_removed_from_top_level"":false,""source_complete"":true,""source_parseable"":true}",fail,true
4B_complete_development200,b77ae160e39cd32181cc4f6a93a95f493596ec9300ef2b3ca6b7af5d6810e73f,59,35a3f7f6377f445029d1e72145818e06680dad15a370953de8ddd1e5f3946a0c,Mbpp/124,55,Ab1_H0,qwen3.5:4b,angle_complex,c27ee091730f33749ebb8c2c5f71d8cdf8d01ceee2d594c52960f9c1e1256f5b,c27ee091730f33749ebb8c2c5f71d8cdf8d01ceee2d594c52960f9c1e1256f5b,true,false,true,assert_not_literal_entrypoint_selftest,"{""assert_literal_entrypoint_selftest"":false,""assert_matches_public_selftest"":true,""assert_remains_top_level"":false,""builtin_print_unshadowed"":true,""entrypoint_unique"":true,""exactly_one_top_level_assert"":true,""exactly_one_top_level_print"":true,""extraction_unambiguous"":true,""function_segments_unchanged"":false,""no_other_unclassified_top_level_calls"":true,""output_parseable"":false,""print_adjacent_to_assert"":true,""print_arguments_safe"":true,""print_removed_from_top_level"":false,""source_complete"":true,""source_parseable"":true}",fail,true
4B_complete_development200,79a07351d20c4a4e369f1a270df2dd46182958c45f622da233b958a2c8b22f31,60,98aa0ef1551169f1592ee21d4da795f129d64d60baec41a0eb5bfae15c82d538,Mbpp/124,55,Ab2g_H1,qwen3.5:4b,angle_complex,e656c04ce5b97235ead0612b56544f96e6cdcedd32028e278fbd8bd1dc6b4369,e656c04ce5b97235ead0612b56544f96e6cdcedd32028e278fbd8bd1dc6b4369,false,false,true,no_top_level_print,"{""assert_literal_entrypoint_selftest"":false,""assert_matches_public_selftest"":false,""assert_remains_top_level"":false,""builtin_print_unshadowed"":false,""entrypoint_unique"":true,""exactly_one_top_level_assert"":false,""exactly_one_top_level_print"":false,""extraction_unambiguous"":true,""function_segments_unchanged"":false,""no_other_unclassified_top_level_calls"":false,""output_parseable"":false,""print_adjacent_to_assert"":false,""print_arguments_safe"":false,""print_removed_from_top_level"":false,""source_complete"":true,""source_parseable"":true}",fail,true
4B_complete_development200,fb19101dc05773ff00afb17536973b47925e125f64a1457f8af7a1e90040f11d,61,b0f5156c5a75135de51c10fb7f65e664a23887423cf68c022fc4f421885b86cf,Mbpp/72,11,Ab1_H0,qwen3.5:4b,dif_Square,aa3fc3a8b1ed5c17742b99f8399c56058de400e2c5fa26b74a24367f43b966cb,aa3fc3a8b1ed5c17742b99f8399c56058de400e2c5fa26b74a24367f43b966cb,true,false,true,top_level_print_count_not_one,"{""assert_literal_entrypoint_selftest"":false,""assert_matches_public_selftest"":false,""assert_remains_top_level"":false,""builtin_print_unshadowed"":false,""entrypoint_unique"":true,""exactly_one_top_level_assert"":false,""exactly_one_top_level_print"":false,""extraction_unambiguous"":true,""function_segments_unchanged"":false,""no_other_unclassified_top_level_calls"":false,""output_parseable"":false,""print_adjacent_to_assert"":false,""print_arguments_safe"":false,""print_removed_from_top_level"":false,""source_complete"":true,""source_parseable"":true}",pass,true
4B_complete_development200,7e28228ed8490cbd01ddce7f896d25c207f0ab5b46f50c17ad5ccd1d571b37a4,62,34acfeec90d0374e59ce0997240cd1dfcfb4c83f3217547653dc4a0feb5cf070,Mbpp/72,11,Ab2g_H1,qwen3.5:4b,dif_Square,bf3292de0921a4c69d7a9929d3fe8c85c4a06b3c83bb2516676b725a123d9f99,bf3292de0921a4c69d7a9929d3fe8c85c4a06b3c83bb2516676b725a123d9f99,false,false,true,no_top_level_print,"{""assert_literal_entrypoint_selftest"":false,""assert_matches_public_selftest"":false,""assert_remains_top_level"":false,""builtin_print_unshadowed"":false,""entrypoint_unique"":true,""exactly_one_top_level_assert"":false,""exactly_one_top_level_print"":false,""extraction_unambiguous"":true,""function_segments_unchanged"":false,""no_other_unclassified_top_level_calls"":false,""output_parseable"":false,""print_adjacent_to_assert"":false,""print_arguments_safe"":false,""print_removed_from_top_level"":false,""source_complete"":true,""source_parseable"":true}",fail,true
4B_complete_development200,81db27c706f1a2d19a027ea6cff34b82060600ed08fa592bd0e41ea55cd17279,63,5b81e2a24a4cbc80d6d04c37b17dc7a4316882eb37b82790e52c6b1c684df214,Mbpp/72,22,Ab1_H0,qwen3.5:4b,dif_Square,b5c4aae89f9181c988413a24921f03518fe6862fd3726a33e595d47febde71ea,b5c4aae89f9181c988413a24921f03518fe6862fd3726a33e595d47febde71ea,false,false,true,source_unparseable,"{""assert_literal_entrypoint_selftest"":false,""assert_matches_public_selftest"":false,""assert_remains_top_level"":false,""builtin_print_unshadowed"":false,""entrypoint_unique"":false,""exactly_one_top_level_assert"":false,""exactly_one_top_level_print"":false,""extraction_unambiguous"":false,""function_segments_unchanged"":false,""no_other_unclassified_top_level_calls"":false,""output_parseable"":false,""print_adjacent_to_assert"":false,""print_arguments_safe"":false,""print_removed_from_top_level"":false,""source_complete"":true,""source_parseable"":false}",not_evaluated,true
4B_complete_development200,42252fc755cd1074f96ce17ee376c7bf3eea013be3933853f63e48e54204bb71,64,f33937cb8a9a78bd0991cb2c7ed60bac1837a65fc3d9b732bd13d2d05b5d158b,Mbpp/72,22,Ab2g_H1,qwen3.5:4b,dif_Square,4957c6e637341b31f5a094800871f064e19296e1edbb1e582d8692172e5f7542,4957c6e637341b31f5a094800871f064e19296e1edbb1e582d8692172e5f7542,false,false,true,no_top_level_print,"{""assert_literal_entrypoint_selftest"":false,""assert_matches_public_selftest"":false,""assert_remains_top_level"":false,""builtin_print_unshadowed"":false,""entrypoint_unique"":true,""exactly_one_top_level_assert"":false,""exactly_one_top_level_print"":false,""extraction_unambiguous"":true,""function_segments_unchanged"":false,""no_other_unclassified_top_level_calls"":false,""output_parseable"":false,""print_adjacent_to_assert"":false,""print_arguments_safe"":false,""print_removed_from_top_level"":false,""source_complete"":true,""source_parseable"":true}",fail,true
4B_complete_development200,2c4ac3ad9a13e6b44bb1c864e04b87913ab718f6b3add9139e3c0a1ada285a98,65,351eabdfa4040c8e5ae252d14471bf62a6dd2a80c8a8e977cd79d4296b7ff20a,Mbpp/72,33,Ab1_H0,qwen3.5:4b,dif_Square,f7074259a157fe95455e0726bff4692b4376577da5b572e730f3f243b1c1d510,f7074259a157fe95455e0726bff4692b4376577da5b572e730f3f243b1c1d510,false,false,true,source_unparseable,"{""assert_literal_entrypoint_selftest"":false,""assert_matches_public_selftest"":false,""assert_remains_top_level"":false,""builtin_print_unshadowed"":false,""entrypoint_unique"":false,""exactly_one_top_level_assert"":false,""exactly_one_top_level_print"":false,""extraction_unambiguous"":true,""function_segments_unchanged"":false,""no_other_unclassified_top_level_calls"":false,""output_parseable"":false,""print_adjacent_to_assert"":false,""print_arguments_safe"":false,""print_removed_from_top_level"":false,""source_complete"":false,""source_parseable"":false}",fail,true
4B_complete_development200,fc17e39d23a7363847d430fe1e977b84443572145f845a62ddfbd23ee450133f,66,5af6e778d4f89b6c18c2590e8ca8bda2f054e5a3538f468035aa10a12f388b51,Mbpp/72,33,Ab2g_H1,qwen3.5:4b,dif_Square,e07e5e582f0fcd22a6b6db6d7caf016e6b1068361adbc27d17d300519aea91fc,e07e5e582f0fcd22a6b6db6d7caf016e6b1068361adbc27d17d300519aea91fc,false,false,true,no_top_level_print,"{""assert_literal_entrypoint_selftest"":false,""assert_matches_public_selftest"":false,""assert_remains_top_level"":false,""builtin_print_unshadowed"":false,""entrypoint_unique"":true,""exactly_one_top_level_assert"":false,""exactly_one_top_level_print"":false,""extraction_unambiguous"":true,""function_segments_unchanged"":false,""no_other_unclassified_top_level_calls"":false,""output_parseable"":false,""print_adjacent_to_assert"":false,""print_arguments_safe"":false,""print_removed_from_top_level"":false,""source_complete"":true,""source_parseable"":true}",fail,true
4B_complete_development200,4e8e3a69434af1cefec764626f56cda75712c163d682a1ec383931d4a1958ece,67,6ff0f49061cf3e5a6d6333448db25f5a32075c1cda86b2884130c9fdbd71ffb3,Mbpp/72,44,Ab1_H0,qwen3.5:4b,dif_Square,1f3a1af5c1b0e04cba2a0382d447de89fc2040bbc3e209ab8832241424e5021e,1f3a1af5c1b0e04cba2a0382d447de89fc2040bbc3e209ab8832241424e5021e,true,false,true,top_level_print_count_not_one,"{""assert_literal_entrypoint_selftest"":false,""assert_matches_public_selftest"":false,""assert_remains_top_level"":false,""builtin_print_unshadowed"":false,""entrypoint_unique"":true,""exactly_one_top_level_assert"":false,""exactly_one_top_level_print"":false,""extraction_unambiguous"":true,""function_segments_unchanged"":false,""no_other_unclassified_top_level_calls"":false,""output_parseable"":false,""print_adjacent_to_assert"":false,""print_arguments_safe"":false,""print_removed_from_top_level"":false,""source_complete"":true,""source_parseable"":true}",fail,true
4B_complete_development200,1cfd7a6403730e1fa443079fbfd08a6cfdf910796b572d067fb41106ff168de9,68,1a9b9aca6a7ace067c193c928a79456c6eff2d5c9b6ecf1ae822ec867b6db576,Mbpp/72,44,Ab2g_H1,qwen3.5:4b,dif_Square,fc82e0647240c191b9ff93534eb2684537d989f64ef16adfedca7371be09ef7e,fc82e0647240c191b9ff93534eb2684537d989f64ef16adfedca7371be09ef7e,false,false,true,no_top_level_print,"{""assert_literal_entrypoint_selftest"":false,""assert_matches_public_selftest"":false,""assert_remains_top_level"":false,""builtin_print_unshadowed"":false,""entrypoint_unique"":true,""exactly_one_top_level_assert"":false,""exactly_one_top_level_print"":false,""extraction_unambiguous"":true,""function_segments_unchanged"":false,""no_other_unclassified_top_level_calls"":false,""output_parseable"":false,""print_adjacent_to_assert"":false,""print_arguments_safe"":false,""print_removed_from_top_level"":false,""source_complete"":true,""source_parseable"":true}",fail,true
4B_complete_development200,64d41f6fdd3222291dc3ef5de3794bd6ad272488e5a324499faa9ca5405e1b9f,69,5bf2320d32fb736c697765fb32b750237a79d131f3f4bb193fad31293ea88f59,Mbpp/72,55,Ab1_H0,qwen3.5:4b,dif_Square,6b3f887316d5d6245f7e865433d972ee432f88bc3f8b1293c6e90513135022ff,6b3f887316d5d6245f7e865433d972ee432f88bc3f8b1293c6e90513135022ff,true,false,true,top_level_assert_count_not_one,"{""assert_literal_entrypoint_selftest"":false,""assert_matches_public_selftest"":false,""assert_remains_top_level"":false,""builtin_print_unshadowed"":false,""entrypoint_unique"":true,""exactly_one_top_level_assert"":false,""exactly_one_top_level_print"":true,""extraction_unambiguous"":true,""function_segments_unchanged"":false,""no_other_unclassified_top_level_calls"":false,""output_parseable"":false,""print_adjacent_to_assert"":false,""print_arguments_safe"":false,""print_removed_from_top_level"":false,""source_complete"":true,""source_parseable"":true}",pass,true
4B_complete_development200,b8fd20c3ccef1fda11e700467bfd3c7257270c0fc59912d63361940d7bbcc4a2,70,51041091f1dd2a57c932b072b776020dee73c2c717cf6b8e051e93bbfe670d02,Mbpp/72,55,Ab2g_H1,qwen3.5:4b,dif_Square,5d37a9d4e40b4c5789c22b6b612df4f6c0404f1e0829638ae57837fd8195f6c1,5d37a9d4e40b4c5789c22b6b612df4f6c0404f1e0829638ae57837fd8195f6c1,false,false,true,source_unparseable,"{""assert_literal_entrypoint_selftest"":false,""assert_matches_public_selftest"":false,""assert_remains_top_level"":false,""builtin_print_unshadowed"":false,""entrypoint_unique"":false,""exactly_one_top_level_assert"":false,""exactly_one_top_level_print"":false,""extraction_unambiguous"":true,""function_segments_unchanged"":false,""no_other_unclassified_top_level_calls"":false,""output_parseable"":false,""print_adjacent_to_assert"":false,""print_arguments_safe"":false,""print_removed_from_top_level"":false,""source_complete"":false,""source_parseable"":false}",fail,true
4B_complete_development200,45231b1b1278cbe5397dd82ff684fc0b54eb202b2277bdcd37fe977387cbb002,71,7fef9a0fd8b44c79846f7871bccbdaa45d119b07147a4920a091ac371700ae94,Mbpp/792,11,Ab1_H0,qwen3.5:4b,count_list,f7a34d6db43c8f29940d94ef57eee01f86f23d7fee0e9ca679a1f67820313e1e,f7a34d6db43c8f29940d94ef57eee01f86f23d7fee0e9ca679a1f67820313e1e,false,false,true,no_top_level_print,"{""assert_literal_entrypoint_selftest"":false,""assert_matches_public_selftest"":false,""assert_remains_top_level"":false,""builtin_print_unshadowed"":false,""entrypoint_unique"":true,""exactly_one_top_level_assert"":true,""exactly_one_top_level_print"":false,""extraction_unambiguous"":true,""function_segments_unchanged"":false,""no_other_unclassified_top_level_calls"":false,""output_parseable"":false,""print_adjacent_to_assert"":false,""print_arguments_safe"":false,""print_removed_from_top_level"":false,""source_complete"":true,""source_parseable"":true}",fail,true
4B_complete_development200,c6ac89cd5db4feb6869f0b1767461fe4331c692afe6324b42845a6808c6d3a21,72,25ac624c1b8625df62d567a528057f9f7a8ccdb328733391eccef6c90d68abcf,Mbpp/792,11,Ab2g_H1,qwen3.5:4b,count_list,15c91980cb67e3fda1fd1dc45e925ff9252018cc16cc4f6598d805689c7d5859,15c91980cb67e3fda1fd1dc45e925ff9252018cc16cc4f6598d805689c7d5859,false,false,true,no_top_level_print,"{""assert_literal_entrypoint_selftest"":false,""assert_matches_public_selftest"":false,""assert_remains_top_level"":false,""builtin_print_unshadowed"":false,""entrypoint_unique"":true,""exactly_one_top_level_assert"":false,""exactly_one_top_level_print"":false,""extraction_unambiguous"":true,""function_segments_unchanged"":false,""no_other_unclassified_top_level_calls"":false,""output_parseable"":false,""print_adjacent_to_assert"":false,""print_arguments_safe"":false,""print_removed_from_top_level"":false,""source_complete"":true,""source_parseable"":true}",fail,true
4B_complete_development200,d96df2b556b6f9a984b5c4dd83c2ee5e18753cf748f1d984100567a731c8d029,73,495fe25543f180d517071db4d1a94b7efb3948370cf242f24a117d32ea1a839d,Mbpp/792,22,Ab1_H0,qwen3.5:4b,count_list,461ab32de1924dffaa9bc247387114ac38bc8f0d189b197f684d7beff17c0e93,461ab32de1924dffaa9bc247387114ac38bc8f0d189b197f684d7beff17c0e93,false,false,true,no_top_level_print,"{""assert_literal_entrypoint_selftest"":false,""assert_matches_public_selftest"":false,""assert_remains_top_level"":false,""builtin_print_unshadowed"":false,""entrypoint_unique"":true,""exactly_one_top_level_assert"":true,""exactly_one_top_level_print"":false,""extraction_unambiguous"":true,""function_segments_unchanged"":false,""no_other_unclassified_top_level_calls"":false,""output_parseable"":false,""print_adjacent_to_assert"":false,""print_arguments_safe"":false,""print_removed_from_top_level"":false,""source_complete"":true,""source_parseable"":true}",fail,true
4B_complete_development200,479757ff1c29608f3a7794f747c3c5fe5633d74579df2a16ccba6dea4d98f65e,74,8cef54e27045b26341abc50954c1eef7abb9beffd9b8ce7893df866ec5e96358,Mbpp/792,22,Ab2g_H1,qwen3.5:4b,count_list,cc86f360b881f74947bd57f56c42e4f477daa56e5478379d4b4184c7f8c76c20,cc86f360b881f74947bd57f56c42e4f477daa56e5478379d4b4184c7f8c76c20,false,false,true,no_top_level_print,"{""assert_literal_entrypoint_selftest"":false,""assert_matches_public_selftest"":false,""assert_remains_top_level"":false,""builtin_print_unshadowed"":false,""entrypoint_unique"":true,""exactly_one_top_level_assert"":false,""exactly_one_top_level_print"":false,""extraction_unambiguous"":true,""function_segments_unchanged"":false,""no_other_unclassified_top_level_calls"":false,""output_parseable"":false,""print_adjacent_to_assert"":false,""print_arguments_safe"":false,""print_removed_from_top_level"":false,""source_complete"":true,""source_parseable"":true}",pass,true
4B_complete_development200,9ed2c5b8bdf4efd7a28f0c13f96959be26cf8e8824fc1a04cbc1f6b8cdebe102,75,18d705e1fd05779ae947f54b6ed556a163a7525c079f76470394ba4bde25ed3c,Mbpp/792,33,Ab1_H0,qwen3.5:4b,count_list,4b31079769dca4db900e86cfd79f5c6697ae6e2cf8efa3fdcf69b44c0b482054,4b31079769dca4db900e86cfd79f5c6697ae6e2cf8efa3fdcf69b44c0b482054,false,false,true,no_top_level_print,"{""assert_literal_entrypoint_selftest"":false,""assert_matches_public_selftest"":false,""assert_remains_top_level"":false,""builtin_print_unshadowed"":false,""entrypoint_unique"":true,""exactly_one_top_level_assert"":true,""exactly_one_top_level_print"":false,""extraction_unambiguous"":true,""function_segments_unchanged"":false,""no_other_unclassified_top_level_calls"":false,""output_parseable"":false,""print_adjacent_to_assert"":false,""print_arguments_safe"":false,""print_removed_from_top_level"":false,""source_complete"":true,""source_parseable"":true}",fail,true
4B_complete_development200,fa34612d456075d1387634c656be1cd6374ac85be8fb2970f0323ee76b22ac89,76,b8b90d42fa25c2afb0d6461a6ee74390ec518b97711b0713364df1c729ee3e54,Mbpp/792,33,Ab2g_H1,qwen3.5:4b,count_list,15c91980cb67e3fda1fd1dc45e925ff9252018cc16cc4f6598d805689c7d5859,15c91980cb67e3fda1fd1dc45e925ff9252018cc16cc4f6598d805689c7d5859,false,false,true,no_top_level_print,"{""assert_literal_entrypoint_selftest"":false,""assert_matches_public_selftest"":false,""assert_remains_top_level"":false,""builtin_print_unshadowed"":false,""entrypoint_unique"":true,""exactly_one_top_level_assert"":false,""exactly_one_top_level_print"":false,""extraction_unambiguous"":true,""function_segments_unchanged"":false,""no_other_unclassified_top_level_calls"":false,""output_parseable"":false,""print_adjacent_to_assert"":false,""print_arguments_safe"":false,""print_removed_from_top_level"":false,""source_complete"":true,""source_parseable"":true}",fail,true
4B_complete_development200,fc011a7486581953ed31c3f828db3c7f00555e2221b0037c1fbcbafe4052c114,77,504b4a2b9be7c909f29b3ef9614a20709a67d0914abe25f96d955b8da5d30a07,Mbpp/792,44,Ab1_H0,qwen3.5:4b,count_list,c466576ac9c17135b5f4b19bd778606879168837213c3062e14931eb0d0e189e,c466576ac9c17135b5f4b19bd778606879168837213c3062e14931eb0d0e189e,false,false,true,no_top_level_print,"{""assert_literal_entrypoint_selftest"":false,""assert_matches_public_selftest"":false,""assert_remains_top_level"":false,""builtin_print_unshadowed"":false,""entrypoint_unique"":true,""exactly_one_top_level_assert"":true,""exactly_one_top_level_print"":false,""extraction_unambiguous"":true,""function_segments_unchanged"":false,""no_other_unclassified_top_level_calls"":false,""output_parseable"":false,""print_adjacent_to_assert"":false,""print_arguments_safe"":false,""print_removed_from_top_level"":false,""source_complete"":true,""source_parseable"":true}",fail,true
4B_complete_development200,bef0ce209d1477fda22cf89c519f33b9f704d5e7e34ac083bb198b9e39f7527e,78,1ca05ccc6cd746b036b603c971e570431e770057eda67ea1e1eb41686bbfb57e,Mbpp/792,44,Ab2g_H1,qwen3.5:4b,count_list,90f7032ebb3aaf25ee7a769ed5317564e3214b5ea3068aeea5bffc22e18638eb,90f7032ebb3aaf25ee7a769ed5317564e3214b5ea3068aeea5bffc22e18638eb,false,false,true,no_top_level_print,"{""assert_literal_entrypoint_selftest"":false,""assert_matches_public_selftest"":false,""assert_remains_top_level"":false,""builtin_print_unshadowed"":false,""entrypoint_unique"":true,""exactly_one_top_level_assert"":false,""exactly_one_top_level_print"":false,""extraction_unambiguous"":true,""function_segments_unchanged"":false,""no_other_unclassified_top_level_calls"":false,""output_parseable"":false,""print_adjacent_to_assert"":false,""print_arguments_safe"":false,""print_removed_from_top_level"":false,""source_complete"":true,""source_parseable"":true}",fail,true
4B_complete_development200,c977a6ebd9a75b2ce2de2d5ae21870631d64fd81cca9502a2a55a553fd70ba01,79,85102be4f559c55e3c49d5b76a681018b8eeb9c12b63f51157bc01604ecbc97f,Mbpp/792,55,Ab1_H0,qwen3.5:4b,count_list,f7a34d6db43c8f29940d94ef57eee01f86f23d7fee0e9ca679a1f67820313e1e,f7a34d6db43c8f29940d94ef57eee01f86f23d7fee0e9ca679a1f67820313e1e,false,false,true,no_top_level_print,"{""assert_literal_entrypoint_selftest"":false,""assert_matches_public_selftest"":false,""assert_remains_top_level"":false,""builtin_print_unshadowed"":false,""entrypoint_unique"":true,""exactly_one_top_level_assert"":true,""exactly_one_top_level_print"":false,""extraction_unambiguous"":true,""function_segments_unchanged"":false,""no_other_unclassified_top_level_calls"":false,""output_parseable"":false,""print_adjacent_to_assert"":false,""print_arguments_safe"":false,""print_removed_from_top_level"":false,""source_complete"":true,""source_parseable"":true}",fail,true
4B_complete_development200,5540ca3cff77200b8fc194b351575432c8e2fa8c3d17aee5698ed6f0d6212ba3,80,9cb26b927ba9b35fe0385f2d1a9b7974649e092cb244624372dc288e18bc9832,Mbpp/792,55,Ab2g_H1,qwen3.5:4b,count_list,90f7032ebb3aaf25ee7a769ed5317564e3214b5ea3068aeea5bffc22e18638eb,90f7032ebb3aaf25ee7a769ed5317564e3214b5ea3068aeea5bffc22e18638eb,false,false,true,no_top_level_print,"{""assert_literal_entrypoint_selftest"":false,""assert_matches_public_selftest"":false,""assert_remains_top_level"":false,""builtin_print_unshadowed"":false,""entrypoint_unique"":true,""exactly_one_top_level_assert"":false,""exactly_one_top_level_print"":false,""extraction_unambiguous"":true,""function_segments_unchanged"":false,""no_other_unclassified_top_level_calls"":false,""output_parseable"":false,""print_adjacent_to_assert"":false,""print_arguments_safe"":false,""print_removed_from_top_level"":false,""source_complete"":true,""source_parseable"":true}",fail,true
4B_complete_development200,ba6e1cc550d756ea97e0021fd34a6c2c2c5396f8949df674e6a356c73dfd4164,81,d8e66ae54f7134dc425e499222fe5c989f95e5a693f1cb1ccfb7ca80f85ee065,Mbpp/435,11,Ab1_H0,qwen3.5:4b,last_Digit,287abf08122f6bde3c88ed3f4ea7c20485f473a316834bb4b44c20d055b72f7f,287abf08122f6bde3c88ed3f4ea7c20485f473a316834bb4b44c20d055b72f7f,true,false,true,entry_point_missing,"{""assert_literal_entrypoint_selftest"":false,""assert_matches_public_selftest"":false,""assert_remains_top_level"":false,""builtin_print_unshadowed"":false,""entrypoint_unique"":false,""exactly_one_top_level_assert"":false,""exactly_one_top_level_print"":true,""extraction_unambiguous"":true,""function_segments_unchanged"":false,""no_other_unclassified_top_level_calls"":false,""output_parseable"":false,""print_adjacent_to_assert"":false,""print_arguments_safe"":false,""print_removed_from_top_level"":false,""source_complete"":true,""source_parseable"":true}",fail,true
4B_complete_development200,14f9d92a5e3e89521f41d48d42e6df77e587e10679d8fa575b7a0c04eaa0bfc8,82,b595f63f84c0c0901afaf310e16995bcc69e1409f3822641037f915896077f87,Mbpp/435,11,Ab2g_H1,qwen3.5:4b,last_Digit,8b8442b159123ef105afe26b25a55871b471f565566e33cc649f3de0c3770322,8b8442b159123ef105afe26b25a55871b471f565566e33cc649f3de0c3770322,false,false,true,no_top_level_print,"{""assert_literal_entrypoint_selftest"":false,""assert_matches_public_selftest"":false,""assert_remains_top_level"":false,""builtin_print_unshadowed"":false,""entrypoint_unique"":true,""exactly_one_top_level_assert"":false,""exactly_one_top_level_print"":false,""extraction_unambiguous"":true,""function_segments_unchanged"":false,""no_other_unclassified_top_level_calls"":false,""output_parseable"":false,""print_adjacent_to_assert"":false,""print_arguments_safe"":false,""print_removed_from_top_level"":false,""source_complete"":true,""source_parseable"":true}",fail,true
4B_complete_development200,e82b77b8a486c6a7a04cfe32884530640f46175d0e00f7dcaa7393c2723c6ba6,83,1177d9bea875f470c7b75d8f1ef82c057ebf35f96c80b8d21aaedbc43418dbd8,Mbpp/435,22,Ab1_H0,qwen3.5:4b,last_Digit,2a3604c1a95d596932e97812ea829e07675786c1b5394a237242e566fa777dc4,2a3604c1a95d596932e97812ea829e07675786c1b5394a237242e566fa777dc4,true,false,true,top_level_print_count_not_one,"{""assert_literal_entrypoint_selftest"":false,""assert_matches_public_selftest"":false,""assert_remains_top_level"":false,""builtin_print_unshadowed"":false,""entrypoint_unique"":true,""exactly_one_top_level_assert"":true,""exactly_one_top_level_print"":false,""extraction_unambiguous"":true,""function_segments_unchanged"":false,""no_other_unclassified_top_level_calls"":false,""output_parseable"":false,""print_adjacent_to_assert"":false,""print_arguments_safe"":false,""print_removed_from_top_level"":false,""source_complete"":true,""source_parseable"":true}",pass,true
4B_complete_development200,9d8481c9e125151935ea9d29ba9df3451c0ff5e1dfc8eabeccfeccd9c628199c,84,620ad391bab670098249e9de688a942cb248141f0b1a99088ae91c7c12253da7,Mbpp/435,22,Ab2g_H1,qwen3.5:4b,last_Digit,2f522998c69ca7578b710d912ec2214a656a58d8c3e3f824bc9849b4f05b6817,2f522998c69ca7578b710d912ec2214a656a58d8c3e3f824bc9849b4f05b6817,false,false,true,no_top_level_print,"{""assert_literal_entrypoint_selftest"":false,""assert_matches_public_selftest"":false,""assert_remains_top_level"":false,""builtin_print_unshadowed"":false,""entrypoint_unique"":true,""exactly_one_top_level_assert"":false,""exactly_one_top_level_print"":false,""extraction_unambiguous"":true,""function_segments_unchanged"":false,""no_other_unclassified_top_level_calls"":false,""output_parseable"":false,""print_adjacent_to_assert"":false,""print_arguments_safe"":false,""print_removed_from_top_level"":false,""source_complete"":true,""source_parseable"":true}",pass,true
4B_complete_development200,3c1ad3b1b924ab3b269bb08c33ae37bf9038ff5b09c2aa4ce1893a6912dac170,85,266e543d9c095caec497793ecc57f5cb94a7aebed3beb8f0d5bd759fb9067b2a,Mbpp/435,33,Ab1_H0,qwen3.5:4b,last_Digit,c4216f2603c08c73b0ef8148a3f4be60aa1517a5b0c605ab2f76b56303008633,c4216f2603c08c73b0ef8148a3f4be60aa1517a5b0c605ab2f76b56303008633,true,false,true,entry_point_missing,"{""assert_literal_entrypoint_selftest"":false,""assert_matches_public_selftest"":false,""assert_remains_top_level"":false,""builtin_print_unshadowed"":false,""entrypoint_unique"":false,""exactly_one_top_level_assert"":true,""exactly_one_top_level_print"":true,""extraction_unambiguous"":true,""function_segments_unchanged"":false,""no_other_unclassified_top_level_calls"":false,""output_parseable"":false,""print_adjacent_to_assert"":false,""print_arguments_safe"":false,""print_removed_from_top_level"":false,""source_complete"":true,""source_parseable"":true}",fail,true
4B_complete_development200,87fea187f64de1526a8b18246b321ac157e18fdd93a2bf23edd74ef30fe617b9,86,c41fbd2852ff9a088c6dd1ff68d700b5d2fd0ac2d0a266b0091b60e360eb4833,Mbpp/435,33,Ab2g_H1,qwen3.5:4b,last_Digit,2f522998c69ca7578b710d912ec2214a656a58d8c3e3f824bc9849b4f05b6817,2f522998c69ca7578b710d912ec2214a656a58d8c3e3f824bc9849b4f05b6817,false,false,true,no_top_level_print,"{""assert_literal_entrypoint_selftest"":false,""assert_matches_public_selftest"":false,""assert_remains_top_level"":false,""builtin_print_unshadowed"":false,""entrypoint_unique"":true,""exactly_one_top_level_assert"":false,""exactly_one_top_level_print"":false,""extraction_unambiguous"":true,""function_segments_unchanged"":false,""no_other_unclassified_top_level_calls"":false,""output_parseable"":false,""print_adjacent_to_assert"":false,""print_arguments_safe"":false,""print_removed_from_top_level"":false,""source_complete"":true,""source_parseable"":true}",pass,true
4B_complete_development200,b87f42e5d15be8fba294d510830923131cc28f5cc16fe475cf91db65354419c9,87,348021093f540b119daddf761b4dd636e46f34b847a961eef6a44af34c854bc5,Mbpp/435,44,Ab1_H0,qwen3.5:4b,last_Digit,d9d04c6bbfbdb9809743194dcdefb30bf953d024f26e074cdd59ff820a648516,d9d04c6bbfbdb9809743194dcdefb30bf953d024f26e074cdd59ff820a648516,true,false,true,entry_point_missing,"{""assert_literal_entrypoint_selftest"":false,""assert_matches_public_selftest"":false,""assert_remains_top_level"":false,""builtin_print_unshadowed"":false,""entrypoint_unique"":false,""exactly_one_top_level_assert"":true,""exactly_one_top_level_print"":true,""extraction_unambiguous"":true,""function_segments_unchanged"":false,""no_other_unclassified_top_level_calls"":false,""output_parseable"":false,""print_adjacent_to_assert"":false,""print_arguments_safe"":false,""print_removed_from_top_level"":false,""source_complete"":true,""source_parseable"":true}",fail,true
4B_complete_development200,22e578b576ead47083a975393419e32bd1a575137566ab91006e1fdf99befc9f,88,17b15bb982bba7b6b822ba061f4ad50f1aed34c1899705f40b89bd8be91c59a9,Mbpp/435,44,Ab2g_H1,qwen3.5:4b,last_Digit,e6ef7ab2037c820ab13d44bb5578be262df7107bf85d4f0d2a21871e9aae01ed,e6ef7ab2037c820ab13d44bb5578be262df7107bf85d4f0d2a21871e9aae01ed,false,false,true,no_top_level_print,"{""assert_literal_entrypoint_selftest"":false,""assert_matches_public_selftest"":false,""assert_remains_top_level"":false,""builtin_print_unshadowed"":false,""entrypoint_unique"":true,""exactly_one_top_level_assert"":false,""exactly_one_top_level_print"":false,""extraction_unambiguous"":true,""function_segments_unchanged"":false,""no_other_unclassified_top_level_calls"":false,""output_parseable"":false,""print_adjacent_to_assert"":false,""print_arguments_safe"":false,""print_removed_from_top_level"":false,""source_complete"":true,""source_parseable"":true}",fail,true
4B_complete_development200,76357ae036c0668bbe544e454476098691136697f85755dc649c4287c43976f1,89,19ac2d079ee34918fc0c14cf0d487872bb93814222968afa1d5a595f146d3172,Mbpp/435,55,Ab1_H0,qwen3.5:4b,last_Digit,cc69cd87f85828ee754c39983e9675cdcbcd1015b981fef2cf78f702f1bc92ca,e8ce9396bb0aaf65b3e92bd63ad87dcd77e6f4d76388e4978c17aaa106577fea,true,true,false,transformed_top_level_demo_print_quarantined,"{""assert_literal_entrypoint_selftest"":true,""assert_matches_public_selftest"":true,""assert_remains_top_level"":true,""builtin_print_unshadowed"":true,""entrypoint_unique"":true,""exactly_one_top_level_assert"":true,""exactly_one_top_level_print"":true,""extraction_unambiguous"":true,""function_segments_unchanged"":true,""no_other_unclassified_top_level_calls"":true,""output_parseable"":true,""print_adjacent_to_assert"":true,""print_arguments_safe"":true,""print_removed_from_top_level"":true,""source_complete"":true,""source_parseable"":true}",pass,true
4B_complete_development200,6a8403f69904d53772374d30530be5cd46ad78bb50c03377f2d1a829b20ae793,90,6e17ee3714b182405f41d1cde73156587513c9348322379537ccbb25a56effb4,Mbpp/435,55,Ab2g_H1,qwen3.5:4b,last_Digit,e0d8f247ad2a07a9fb7de4a38746a07e13ddf6251ea7360a61aff616b57b6371,e0d8f247ad2a07a9fb7de4a38746a07e13ddf6251ea7360a61aff616b57b6371,false,false,true,no_top_level_print,"{""assert_literal_entrypoint_selftest"":false,""assert_matches_public_selftest"":false,""assert_remains_top_level"":false,""builtin_print_unshadowed"":false,""entrypoint_unique"":true,""exactly_one_top_level_assert"":false,""exactly_one_top_level_print"":false,""extraction_unambiguous"":true,""function_segments_unchanged"":false,""no_other_unclassified_top_level_calls"":false,""output_parseable"":false,""print_adjacent_to_assert"":false,""print_arguments_safe"":false,""print_removed_from_top_level"":false,""source_complete"":true,""source_parseable"":true}",fail,true
4B_complete_development200,3169c8628d23d7c1a57fc1afda208bca82e5e74ccc6e9ead24575d11add0fa3f,91,9cab944ee582a39fa84b3fb54baf657d18a6df80467d8352f93ba29e8b2c081a,Mbpp/597,11,Ab1_H0,qwen3.5:4b,find_kth,2c051437f14e77e79392d7fa5717ada4bec6467e0e8942f8408abe1147bb3e8f,2c051437f14e77e79392d7fa5717ada4bec6467e0e8942f8408abe1147bb3e8f,false,false,true,source_unparseable,"{""assert_literal_entrypoint_selftest"":false,""assert_matches_public_selftest"":false,""assert_remains_top_level"":false,""builtin_print_unshadowed"":false,""entrypoint_unique"":false,""exactly_one_top_level_assert"":false,""exactly_one_top_level_print"":false,""extraction_unambiguous"":false,""function_segments_unchanged"":false,""no_other_unclassified_top_level_calls"":false,""output_parseable"":false,""print_adjacent_to_assert"":false,""print_arguments_safe"":false,""print_removed_from_top_level"":false,""source_complete"":false,""source_parseable"":false}",not_evaluated,true
4B_complete_development200,5480faae1a099185264951305f2243458d03b3e125096b9b7d3bdbd88ce6f5ad,92,e284df023a59f6158c51cff7d59082d0a5a44c34082d37d621e29246535115d0,Mbpp/597,11,Ab2g_H1,qwen3.5:4b,find_kth,d75922083913060eb3933a45547f03f4e70ad0d989e113699bc4e65712e683a0,d75922083913060eb3933a45547f03f4e70ad0d989e113699bc4e65712e683a0,false,false,true,no_top_level_print,"{""assert_literal_entrypoint_selftest"":false,""assert_matches_public_selftest"":false,""assert_remains_top_level"":false,""builtin_print_unshadowed"":false,""entrypoint_unique"":true,""exactly_one_top_level_assert"":false,""exactly_one_top_level_print"":false,""extraction_unambiguous"":true,""function_segments_unchanged"":false,""no_other_unclassified_top_level_calls"":false,""output_parseable"":false,""print_adjacent_to_assert"":false,""print_arguments_safe"":false,""print_removed_from_top_level"":false,""source_complete"":true,""source_parseable"":true}",fail,true
4B_complete_development200,54e9a4276dc6f402bd2ab14b725b4410bdaa17d3bdf19cdfde2b40694d804192,93,306b44939245187e9c0150d53919fa8d81da9da40f49e615bd163c651c0e0827,Mbpp/597,22,Ab1_H0,qwen3.5:4b,find_kth,94a5bcb9ff76bf809d90840ded62b7136fd7360c543da296d729eefa52013055,94a5bcb9ff76bf809d90840ded62b7136fd7360c543da296d729eefa52013055,false,false,true,source_truncated_or_completion_unknown,"{""assert_literal_entrypoint_selftest"":false,""assert_matches_public_selftest"":false,""assert_remains_top_level"":false,""builtin_print_unshadowed"":false,""entrypoint_unique"":true,""exactly_one_top_level_assert"":false,""exactly_one_top_level_print"":false,""extraction_unambiguous"":true,""function_segments_unchanged"":false,""no_other_unclassified_top_level_calls"":false,""output_parseable"":false,""print_adjacent_to_assert"":false,""print_arguments_safe"":false,""print_removed_from_top_level"":false,""source_complete"":false,""source_parseable"":true}",fail,true
4B_complete_development200,b824c21ffe997f5bb1612a500ec131a7330b23eef6825c27a120fb7489042dcc,94,b00e92357373a7f305585f3e2377eae7d7dec0712ecbe7918c6e308db3da6ad9,Mbpp/597,22,Ab2g_H1,qwen3.5:4b,find_kth,f9eff9a1b6307685be3af75cbee3e68c2caf5646868e42bc8137d17865dc0bbb,f9eff9a1b6307685be3af75cbee3e68c2caf5646868e42bc8137d17865dc0bbb,false,false,true,source_unparseable,"{""assert_literal_entrypoint_selftest"":false,""assert_matches_public_selftest"":false,""assert_remains_top_level"":false,""builtin_print_unshadowed"":false,""entrypoint_unique"":false,""exactly_one_top_level_assert"":false,""exactly_one_top_level_print"":false,""extraction_unambiguous"":true,""function_segments_unchanged"":false,""no_other_unclassified_top_level_calls"":false,""output_parseable"":false,""print_adjacent_to_assert"":false,""print_arguments_safe"":false,""print_removed_from_top_level"":false,""source_complete"":false,""source_parseable"":false}",fail,true
4B_complete_development200,6f7e9de28053c0b51aa7673b8a225f0dbfafdde6657ad389105094c20cef4b6d,95,3df2249cbd058ac07e0e5fe4d82f579db450c667101692583083815aee355739,Mbpp/597,33,Ab1_H0,qwen3.5:4b,find_kth,82477e4bffe72f002f8820f359de4c7d0323ac64020b58fb01ab654d29bbf6cc,82477e4bffe72f002f8820f359de4c7d0323ac64020b58fb01ab654d29bbf6cc,false,false,true,source_unparseable,"{""assert_literal_entrypoint_selftest"":false,""assert_matches_public_selftest"":false,""assert_remains_top_level"":false,""builtin_print_unshadowed"":false,""entrypoint_unique"":false,""exactly_one_top_level_assert"":false,""exactly_one_top_level_print"":false,""extraction_unambiguous"":false,""function_segments_unchanged"":false,""no_other_unclassified_top_level_calls"":false,""output_parseable"":false,""print_adjacent_to_assert"":false,""print_arguments_safe"":false,""print_removed_from_top_level"":false,""source_complete"":false,""source_parseable"":false}",not_evaluated,true
4B_complete_development200,ed1fa640773d79120a2cbb616b0a3212b2828c90e4707170d0e1dd199a99de66,96,a952953b67d02cc62e04c2e4d4f8d4faf327da982fee6f6b235aba1182f89ca5,Mbpp/597,33,Ab2g_H1,qwen3.5:4b,find_kth,ca43421206f2c846e821eab4d68f314fa1246102dbfed195263ccf550b706845,ca43421206f2c846e821eab4d68f314fa1246102dbfed195263ccf550b706845,false,false,true,source_truncated_or_completion_unknown,"{""assert_literal_entrypoint_selftest"":false,""assert_matches_public_selftest"":false,""assert_remains_top_level"":false,""builtin_print_unshadowed"":false,""entrypoint_unique"":false,""exactly_one_top_level_assert"":false,""exactly_one_top_level_print"":false,""extraction_unambiguous"":true,""function_segments_unchanged"":false,""no_other_unclassified_top_level_calls"":false,""output_parseable"":false,""print_adjacent_to_assert"":false,""print_arguments_safe"":false,""print_removed_from_top_level"":false,""source_complete"":false,""source_parseable"":true}",fail,true
4B_complete_development200,a6018f97856e238411d0d4389888732f9d1c5d54f5ac232c10fa670ffa59b29c,97,b44783de0d2fefe5b1e004a7856c3979568d896de6da41f7f09a82bdb6bd99ad,Mbpp/597,44,Ab1_H0,qwen3.5:4b,find_kth,bea07ce574a7e755e12c126e64ae8a4ea73b40efaf790ebe69f9299863bcde5d,bea07ce574a7e755e12c126e64ae8a4ea73b40efaf790ebe69f9299863bcde5d,false,false,true,no_top_level_print,"{""assert_literal_entrypoint_selftest"":false,""assert_matches_public_selftest"":false,""assert_remains_top_level"":false,""builtin_print_unshadowed"":false,""entrypoint_unique"":true,""exactly_one_top_level_assert"":false,""exactly_one_top_level_print"":false,""extraction_unambiguous"":true,""function_segments_unchanged"":false,""no_other_unclassified_top_level_calls"":false,""output_parseable"":false,""print_adjacent_to_assert"":false,""print_arguments_safe"":false,""print_removed_from_top_level"":false,""source_complete"":true,""source_parseable"":true}",fail,true
4B_complete_development200,d98038d732e8c62b6cdaacf3df4731627450bf58129556779ae3777f9fcbb70f,98,9aa5676731b74e533de462437c3ffcf3092858daa4e309ea0e7e44af281ee69f,Mbpp/597,44,Ab2g_H1,qwen3.5:4b,find_kth,19843125d2184123ff3e39fd3f56db01c057c8012640978a688747db53e23187,19843125d2184123ff3e39fd3f56db01c057c8012640978a688747db53e23187,false,false,true,no_top_level_print,"{""assert_literal_entrypoint_selftest"":false,""assert_matches_public_selftest"":false,""assert_remains_top_level"":false,""builtin_print_unshadowed"":false,""entrypoint_unique"":true,""exactly_one_top_level_assert"":false,""exactly_one_top_level_print"":false,""extraction_unambiguous"":true,""function_segments_unchanged"":false,""no_other_unclassified_top_level_calls"":false,""output_parseable"":false,""print_adjacent_to_assert"":false,""print_arguments_safe"":false,""print_removed_from_top_level"":false,""source_complete"":true,""source_parseable"":true}",fail,true
4B_complete_development200,6071808c3cd09ddc5d9d3ec90fc137ac712f85b3d007c2572db3df2476c96eef,99,9c682db0a617a121f723dd4d07489e643881363b3ca8ccc7bec310ea841db396,Mbpp/597,55,Ab1_H0,qwen3.5:4b,find_kth,9494155bb252df938534c61939d7c4d3654c7281dc28ae834fdf6c7fa147f4ef,9494155bb252df938534c61939d7c4d3654c7281dc28ae834fdf6c7fa147f4ef,false,false,true,source_unparseable,"{""assert_literal_entrypoint_selftest"":false,""assert_matches_public_selftest"":false,""assert_remains_top_level"":false,""builtin_print_unshadowed"":false,""entrypoint_unique"":false,""exactly_one_top_level_assert"":false,""exactly_one_top_level_print"":false,""extraction_unambiguous"":true,""function_segments_unchanged"":false,""no_other_unclassified_top_level_calls"":false,""output_parseable"":false,""print_adjacent_to_assert"":false,""print_arguments_safe"":false,""print_removed_from_top_level"":false,""source_complete"":false,""source_parseable"":false}",fail,true
4B_complete_development200,90e1cf493a2ed59e40fd40439cfae0b1df37c34100b5acfb4eda22de7cf7c70e,100,32f3f0a462664288e9c409c168bbfcc6ec6dd2b8d0299102081f199fa0681b28,Mbpp/597,55,Ab2g_H1,qwen3.5:4b,find_kth,eaa3184cc0fa5ce2fc06d0c84a5c9e5fe4bc42d95609c7e701d309487cbd5a3c,eaa3184cc0fa5ce2fc06d0c84a5c9e5fe4bc42d95609c7e701d309487cbd5a3c,false,false,true,no_top_level_print,"{""assert_literal_entrypoint_selftest"":false,""assert_matches_public_selftest"":false,""assert_remains_top_level"":false,""builtin_print_unshadowed"":false,""entrypoint_unique"":true,""exactly_one_top_level_assert"":false,""exactly_one_top_level_print"":false,""extraction_unambiguous"":true,""function_segments_unchanged"":false,""no_other_unclassified_top_level_calls"":false,""output_parseable"":false,""print_adjacent_to_assert"":false,""print_arguments_safe"":false,""print_removed_from_top_level"":false,""source_complete"":true,""source_parseable"":true}",fail,true
4B_complete_development200,8697118ea1b8a4fc01c3e05ca39d341bb7e1a3a4b6cafa6c161d900fb60ff800,101,be2fce47a7df72fe1ba6e0352c19844f515f2134d8a8738ce58d70c3ec132543,Mbpp/732,11,Ab1_H0,qwen3.5:4b,replace_specialchar,c45c3a7be6c98d838956ce34cd2c6e96af30ebf947e7c7c75d8605b119f94b00,7d2c7720a24f3f7a784810215364520a88480d51da16827227c7364d10ee5b09,true,true,false,transformed_top_level_demo_print_quarantined,"{""assert_literal_entrypoint_selftest"":true,""assert_matches_public_selftest"":true,""assert_remains_top_level"":true,""builtin_print_unshadowed"":true,""entrypoint_unique"":true,""exactly_one_top_level_assert"":true,""exactly_one_top_level_print"":true,""extraction_unambiguous"":true,""function_segments_unchanged"":true,""no_other_unclassified_top_level_calls"":true,""output_parseable"":true,""print_adjacent_to_assert"":true,""print_arguments_safe"":true,""print_removed_from_top_level"":true,""source_complete"":true,""source_parseable"":true}",pass,true
4B_complete_development200,f0e9c4e0a3079663fa4ede3233256b60b87e60aa9c625420c7274bc26d892867,102,f792ae3a71f8108e8c3f8146ef54de974659747cb24ca87edc6680172e564365,Mbpp/732,11,Ab2g_H1,qwen3.5:4b,replace_specialchar,531cc5b007ee00453b09f5df01fa5bfd00449cfe9f5c75b14ded6e10e606a9d3,531cc5b007ee00453b09f5df01fa5bfd00449cfe9f5c75b14ded6e10e606a9d3,false,false,true,no_top_level_print,"{""assert_literal_entrypoint_selftest"":false,""assert_matches_public_selftest"":false,""assert_remains_top_level"":false,""builtin_print_unshadowed"":false,""entrypoint_unique"":true,""exactly_one_top_level_assert"":true,""exactly_one_top_level_print"":false,""extraction_unambiguous"":true,""function_segments_unchanged"":false,""no_other_unclassified_top_level_calls"":false,""output_parseable"":false,""print_adjacent_to_assert"":false,""print_arguments_safe"":false,""print_removed_from_top_level"":false,""source_complete"":true,""source_parseable"":true}",pass,true
4B_complete_development200,ce124131ae5b20aa5a7797a3503ecc13829ac0ce17a95f83075cd44f6cd015dd,103,71aa581897d1e22f6ed7444e8bc9fe138cbed794030a520f91442cce195f4070,Mbpp/732,22,Ab1_H0,qwen3.5:4b,replace_specialchar,aff91745a03ada00edc44e3c7aa4862d55067e2d26237b805f5e725181185c45,83d1dbc4971213ed1b869d14c86ad7731ff9ce30dc1a0b6d130a71ce3e1d0793,true,true,false,transformed_top_level_demo_print_quarantined,"{""assert_literal_entrypoint_selftest"":true,""assert_matches_public_selftest"":true,""assert_remains_top_level"":true,""builtin_print_unshadowed"":true,""entrypoint_unique"":true,""exactly_one_top_level_assert"":true,""exactly_one_top_level_print"":true,""extraction_unambiguous"":true,""function_segments_unchanged"":true,""no_other_unclassified_top_level_calls"":true,""output_parseable"":true,""print_adjacent_to_assert"":true,""print_arguments_safe"":true,""print_removed_from_top_level"":true,""source_complete"":true,""source_parseable"":true}",pass,true
4B_complete_development200,028324e5a4f0ec648005cfc9deebd0cb38beb35874aac6888ce95453b8e28c5f,104,d0f6f293f734bd918e31f189761da7a3b8dfe42e60949cecfac97b83f3550be7,Mbpp/732,22,Ab2g_H1,qwen3.5:4b,replace_specialchar,f66068664ea432f7b1d944cfd21af40a7cbe959bb568abf0f1870ec84a02a5af,f66068664ea432f7b1d944cfd21af40a7cbe959bb568abf0f1870ec84a02a5af,false,false,true,no_top_level_print,"{""assert_literal_entrypoint_selftest"":false,""assert_matches_public_selftest"":false,""assert_remains_top_level"":false,""builtin_print_unshadowed"":false,""entrypoint_unique"":true,""exactly_one_top_level_assert"":false,""exactly_one_top_level_print"":false,""extraction_unambiguous"":true,""function_segments_unchanged"":false,""no_other_unclassified_top_level_calls"":false,""output_parseable"":false,""print_adjacent_to_assert"":false,""print_arguments_safe"":false,""print_removed_from_top_level"":false,""source_complete"":true,""source_parseable"":true}",fail,true
4B_complete_development200,6863f3e72a49aa7f1b13688dde1dbe039087785ebf56a4bbb5490e4bc14c2855,105,3da5c608ec7b56452d33e33e0e591c37313d471c500d65e8f6c1dd14a6775092,Mbpp/732,33,Ab1_H0,qwen3.5:4b,replace_specialchar,098fd0b29a028c4697b6865eaacdf1f903b7afba21504482139f64ea9410419d,098fd0b29a028c4697b6865eaacdf1f903b7afba21504482139f64ea9410419d,true,false,true,adjacent_assert_not_in_public_prompt,"{""assert_literal_entrypoint_selftest"":false,""assert_matches_public_selftest"":false,""assert_remains_top_level"":false,""builtin_print_unshadowed"":true,""entrypoint_unique"":true,""exactly_one_top_level_assert"":true,""exactly_one_top_level_print"":true,""extraction_unambiguous"":true,""function_segments_unchanged"":false,""no_other_unclassified_top_level_calls"":false,""output_parseable"":false,""print_adjacent_to_assert"":true,""print_arguments_safe"":true,""print_removed_from_top_level"":false,""source_complete"":true,""source_parseable"":true}",fail,true
4B_complete_development200,9b283a6356e269ed71a9b3cf9557060b1235df5522bcdf20c2d5705def07b27d,106,108dc215185bfeb155f30fb53bb45e6fb7698f1098a54db044d56984d6548a9d,Mbpp/732,33,Ab2g_H1,qwen3.5:4b,replace_specialchar,9a290dca2cfcb57a7b13ee07e49ac10e51af731e903d4dbc8c7f4113a750281b,9a290dca2cfcb57a7b13ee07e49ac10e51af731e903d4dbc8c7f4113a750281b,false,false,true,no_top_level_print,"{""assert_literal_entrypoint_selftest"":false,""assert_matches_public_selftest"":false,""assert_remains_top_level"":false,""builtin_print_unshadowed"":false,""entrypoint_unique"":true,""exactly_one_top_level_assert"":false,""exactly_one_top_level_print"":false,""extraction_unambiguous"":true,""function_segments_unchanged"":false,""no_other_unclassified_top_level_calls"":false,""output_parseable"":false,""print_adjacent_to_assert"":false,""print_arguments_safe"":false,""print_removed_from_top_level"":false,""source_complete"":true,""source_parseable"":true}",fail,true
4B_complete_development200,83c1140f9dd087d08155a4c477c3e76ae55e2b0d7ecaf644fe6477755151c052,107,9cacd69cf5c877b2f0e8c3ad84b7bd2b54dfcd2b956179114fcbc0ce0d1f186c,Mbpp/732,44,Ab1_H0,qwen3.5:4b,replace_specialchar,fd81c412c4c855728e338eaaa0740d0ffc3db16650f26674c3338b910e74f6a8,1734fbe4d12ad0b973813450ff69e53ab09764688d9c59fba85e6bc56ee1c099,true,true,false,transformed_top_level_demo_print_quarantined,"{""assert_literal_entrypoint_selftest"":true,""assert_matches_public_selftest"":true,""assert_remains_top_level"":true,""builtin_print_unshadowed"":true,""entrypoint_unique"":true,""exactly_one_top_level_assert"":true,""exactly_one_top_level_print"":true,""extraction_unambiguous"":true,""function_segments_unchanged"":true,""no_other_unclassified_top_level_calls"":true,""output_parseable"":true,""print_adjacent_to_assert"":true,""print_arguments_safe"":true,""print_removed_from_top_level"":true,""source_complete"":true,""source_parseable"":true}",pass,true
4B_complete_development200,23c6c018244276e19f415108daa5762ff2d56a4c68d6afe9f86755f3c9c470ef,108,2cff3acb1f104b6ea9f8561e582b2d567710881a062deee8173b15fcf83ff8bc,Mbpp/732,44,Ab2g_H1,qwen3.5:4b,replace_specialchar,9a290dca2cfcb57a7b13ee07e49ac10e51af731e903d4dbc8c7f4113a750281b,9a290dca2cfcb57a7b13ee07e49ac10e51af731e903d4dbc8c7f4113a750281b,false,false,true,no_top_level_print,"{""assert_literal_entrypoint_selftest"":false,""assert_matches_public_selftest"":false,""assert_remains_top_level"":false,""builtin_print_unshadowed"":false,""entrypoint_unique"":true,""exactly_one_top_level_assert"":false,""exactly_one_top_level_print"":false,""extraction_unambiguous"":true,""function_segments_unchanged"":false,""no_other_unclassified_top_level_calls"":false,""output_parseable"":false,""print_adjacent_to_assert"":false,""print_arguments_safe"":false,""print_removed_from_top_level"":false,""source_complete"":true,""source_parseable"":true}",fail,true
4B_complete_development200,ca6b0836129c4778d1403436451c6c1194eb47a3f836a144db97e77630564cea,109,8770146bf985330432b56da6afe4618f212450bcef9c554d4d060e997d9a496f,Mbpp/732,55,Ab1_H0,qwen3.5:4b,replace_specialchar,74731cc78f0d70c7b737338cc2bcfeb5e711308e80152a111795423bfe662cc9,64ff03e6751be44c5d78443ae4f266a76067fbab5879e60cc84ba169edb8ba71,true,true,false,transformed_top_level_demo_print_quarantined,"{""assert_literal_entrypoint_selftest"":true,""assert_matches_public_selftest"":true,""assert_remains_top_level"":true,""builtin_print_unshadowed"":true,""entrypoint_unique"":true,""exactly_one_top_level_assert"":true,""exactly_one_top_level_print"":true,""extraction_unambiguous"":true,""function_segments_unchanged"":true,""no_other_unclassified_top_level_calls"":true,""output_parseable"":true,""print_adjacent_to_assert"":true,""print_arguments_safe"":true,""print_removed_from_top_level"":true,""source_complete"":true,""source_parseable"":true}",pass,true
4B_complete_development200,451f00b691502995ac26396a41e8a0cf3b13c3cb4544e57d99df19040e006485,110,9c98c7a08bf2a3a8ac7da0126350bb06281601de6c5fd743d70605eab4a6f7be,Mbpp/732,55,Ab2g_H1,qwen3.5:4b,replace_specialchar,c69299b9bec2d1967e90379ff61a2d9d6e59292de6e4cda708bc7b447343731d,c69299b9bec2d1967e90379ff61a2d9d6e59292de6e4cda708bc7b447343731d,false,false,true,no_top_level_print,"{""assert_literal_entrypoint_selftest"":false,""assert_matches_public_selftest"":false,""assert_remains_top_level"":false,""builtin_print_unshadowed"":false,""entrypoint_unique"":true,""exactly_one_top_level_assert"":true,""exactly_one_top_level_print"":false,""extraction_unambiguous"":true,""function_segments_unchanged"":false,""no_other_unclassified_top_level_calls"":false,""output_parseable"":false,""print_adjacent_to_assert"":false,""print_arguments_safe"":false,""print_removed_from_top_level"":false,""source_complete"":true,""source_parseable"":true}",pass,true
4B_complete_development200,38918e2dbf85967f3aab4fe870cf236b1084dd11ab7c1bb0e911a90ef15dc73b,111,f1c6c743fcdcde1dcfbbb0d8fa6641614652b021efa8495ea94588c733fd13cc,Mbpp/721,11,Ab1_H0,qwen3.5:4b,maxAverageOfPath,cfeafd6ee945769746c3371498b67d8c90a62faa6c01b529cb0b5de421e34d2a,cfeafd6ee945769746c3371498b67d8c90a62faa6c01b529cb0b5de421e34d2a,true,false,true,source_truncated_or_completion_unknown,"{""assert_literal_entrypoint_selftest"":false,""assert_matches_public_selftest"":false,""assert_remains_top_level"":false,""builtin_print_unshadowed"":false,""entrypoint_unique"":true,""exactly_one_top_level_assert"":true,""exactly_one_top_level_print"":true,""extraction_unambiguous"":true,""function_segments_unchanged"":false,""no_other_unclassified_top_level_calls"":false,""output_parseable"":false,""print_adjacent_to_assert"":false,""print_arguments_safe"":false,""print_removed_from_top_level"":false,""source_complete"":false,""source_parseable"":true}",fail,true
4B_complete_development200,2323e682f59c5ccc0fc32725100e91f3124c49ada29b51d90a47e6027f637608,112,c8db08d15e11124795e4e8c9eb1b737ef4bbd9b3ad6b53e1b8292e6f359239d4,Mbpp/721,11,Ab2g_H1,qwen3.5:4b,maxAverageOfPath,1601b105e46025042b47a7427dc5fddbac9f9bad4b07f71ffa9875b34fd83378,1601b105e46025042b47a7427dc5fddbac9f9bad4b07f71ffa9875b34fd83378,false,false,true,no_top_level_print,"{""assert_literal_entrypoint_selftest"":false,""assert_matches_public_selftest"":false,""assert_remains_top_level"":false,""builtin_print_unshadowed"":false,""entrypoint_unique"":true,""exactly_one_top_level_assert"":false,""exactly_one_top_level_print"":false,""extraction_unambiguous"":true,""function_segments_unchanged"":false,""no_other_unclassified_top_level_calls"":false,""output_parseable"":false,""print_adjacent_to_assert"":false,""print_arguments_safe"":false,""print_removed_from_top_level"":false,""source_complete"":true,""source_parseable"":true}",fail,true
4B_complete_development200,7f69d9c49277448b61efa0f5366586eaecf133e2d9c6e5869cf1a24321984ea0,113,d6ac24641aa5127ccc3b5ff8f44b77fc35f52110a671571ec717f15a1f0c2043,Mbpp/721,22,Ab1_H0,qwen3.5:4b,maxAverageOfPath,a1fb7129f12c098b6a390d3f6f25065c1fd4a54f32d0eab5f77ed164db8592e1,a1fb7129f12c098b6a390d3f6f25065c1fd4a54f32d0eab5f77ed164db8592e1,true,false,true,source_truncated_or_completion_unknown,"{""assert_literal_entrypoint_selftest"":false,""assert_matches_public_selftest"":false,""assert_remains_top_level"":false,""builtin_print_unshadowed"":false,""entrypoint_unique"":true,""exactly_one_top_level_assert"":false,""exactly_one_top_level_print"":true,""extraction_unambiguous"":true,""function_segments_unchanged"":false,""no_other_unclassified_top_level_calls"":false,""output_parseable"":false,""print_adjacent_to_assert"":false,""print_arguments_safe"":false,""print_removed_from_top_level"":false,""source_complete"":false,""source_parseable"":true}",fail,true
4B_complete_development200,7fc8edc97f8cd2db91044ee5ba88534af69aaf6dd40d3991d618bd9a6e2f576c,114,5fbb370d45fee9ac634f82b42e0811612b194d1082042c1dc182b3072cc6fde2,Mbpp/721,22,Ab2g_H1,qwen3.5:4b,maxAverageOfPath,c4512aa0b16bd9c8102bca3bd4b8853e2224024cf916738dda6a522d535fa749,c4512aa0b16bd9c8102bca3bd4b8853e2224024cf916738dda6a522d535fa749,false,false,true,no_top_level_print,"{""assert_literal_entrypoint_selftest"":false,""assert_matches_public_selftest"":false,""assert_remains_top_level"":false,""builtin_print_unshadowed"":false,""entrypoint_unique"":true,""exactly_one_top_level_assert"":false,""exactly_one_top_level_print"":false,""extraction_unambiguous"":true,""function_segments_unchanged"":false,""no_other_unclassified_top_level_calls"":false,""output_parseable"":false,""print_adjacent_to_assert"":false,""print_arguments_safe"":false,""print_removed_from_top_level"":false,""source_complete"":true,""source_parseable"":true}",pass,true
4B_complete_development200,d9471b5fbf36bb2e0e01727f54ad9822ae0a82f86ff58791027b78ef5852a7f1,115,8968b4e488649c8b647f1ca5c376fe41a1a024902694a2717f417ebc84db5f92,Mbpp/721,33,Ab1_H0,qwen3.5:4b,maxAverageOfPath,12e1d8869bbf8e0e0402e332a22db7ed9301fc061afd7d4e7df2eb97e55001b0,12e1d8869bbf8e0e0402e332a22db7ed9301fc061afd7d4e7df2eb97e55001b0,false,false,true,source_unparseable,"{""assert_literal_entrypoint_selftest"":false,""assert_matches_public_selftest"":false,""assert_remains_top_level"":false,""builtin_print_unshadowed"":false,""entrypoint_unique"":false,""exactly_one_top_level_assert"":false,""exactly_one_top_level_print"":false,""extraction_unambiguous"":false,""function_segments_unchanged"":false,""no_other_unclassified_top_level_calls"":false,""output_parseable"":false,""print_adjacent_to_assert"":false,""print_arguments_safe"":false,""print_removed_from_top_level"":false,""source_complete"":true,""source_parseable"":false}",not_evaluated,true
4B_complete_development200,5278047fd2b4efe31c370bc3d90b48eaf349bd082dd695d07062f220cad7ddc3,116,bab4a0917f2a9ab7d4f2b1fc4aef4290f335b242feb0dab6efb15363ddd1b4e2,Mbpp/721,33,Ab2g_H1,qwen3.5:4b,maxAverageOfPath,194033b1bb6fe38c4cc23a9522401c92174d50b1a6147b04493dd23803b38373,194033b1bb6fe38c4cc23a9522401c92174d50b1a6147b04493dd23803b38373,false,false,true,source_unparseable,"{""assert_literal_entrypoint_selftest"":false,""assert_matches_public_selftest"":false,""assert_remains_top_level"":false,""builtin_print_unshadowed"":false,""entrypoint_unique"":false,""exactly_one_top_level_assert"":false,""exactly_one_top_level_print"":false,""extraction_unambiguous"":true,""function_segments_unchanged"":false,""no_other_unclassified_top_level_calls"":false,""output_parseable"":false,""print_adjacent_to_assert"":false,""print_arguments_safe"":false,""print_removed_from_top_level"":false,""source_complete"":false,""source_parseable"":false}",fail,true
4B_complete_development200,122ffa14323c290112dd66e8fb6a66efc3d6b650345f0f8b781f16e58480a73a,117,02f8f0038e30e5ad7d9605744de1c3075b519db795691eb52eb508befad1e1a2,Mbpp/721,44,Ab1_H0,qwen3.5:4b,maxAverageOfPath,cec6a3f399a1cc73503d66d6e00fc92de538a237923454d60c8030024719f0fb,cec6a3f399a1cc73503d66d6e00fc92de538a237923454d60c8030024719f0fb,true,false,true,source_truncated_or_completion_unknown,"{""assert_literal_entrypoint_selftest"":false,""assert_matches_public_selftest"":false,""assert_remains_top_level"":false,""builtin_print_unshadowed"":false,""entrypoint_unique"":true,""exactly_one_top_level_assert"":true,""exactly_one_top_level_print"":true,""extraction_unambiguous"":true,""function_segments_unchanged"":false,""no_other_unclassified_top_level_calls"":false,""output_parseable"":false,""print_adjacent_to_assert"":false,""print_arguments_safe"":false,""print_removed_from_top_level"":false,""source_complete"":false,""source_parseable"":true}",pass,true
4B_complete_development200,30e71ee0eafe1009e37e03576f387de2bc50372288748252ad17205b0cc0e119,118,d292dbc8fb6c03c6dfbae455b09e62823cc0088d0c9c6f225a7d7eda841ffa2b,Mbpp/721,44,Ab2g_H1,qwen3.5:4b,maxAverageOfPath,cb247924f204d52d772625ca030631a626d3c7a624afcf5f68633d35011ae351,cb247924f204d52d772625ca030631a626d3c7a624afcf5f68633d35011ae351,false,false,true,no_top_level_print,"{""assert_literal_entrypoint_selftest"":false,""assert_matches_public_selftest"":false,""assert_remains_top_level"":false,""builtin_print_unshadowed"":false,""entrypoint_unique"":true,""exactly_one_top_level_assert"":false,""exactly_one_top_level_print"":false,""extraction_unambiguous"":true,""function_segments_unchanged"":false,""no_other_unclassified_top_level_calls"":false,""output_parseable"":false,""print_adjacent_to_assert"":false,""print_arguments_safe"":false,""print_removed_from_top_level"":false,""source_complete"":true,""source_parseable"":true}",pass,true
4B_complete_development200,7b773be8f8221de12feaab933afd77f4c33a69529932ada198093966886d6fae,119,3338a55bbfee2455b097d97aeeb6907be665a1a76d49b79d26c3ed38ff1a609d,Mbpp/721,55,Ab1_H0,qwen3.5:4b,maxAverageOfPath,a3609fd58fc7d33315c488d9a591151d1f734a049a51be98390e458a788b4163,a3609fd58fc7d33315c488d9a591151d1f734a049a51be98390e458a788b4163,true,false,true,source_truncated_or_completion_unknown,"{""assert_literal_entrypoint_selftest"":false,""assert_matches_public_selftest"":false,""assert_remains_top_level"":false,""builtin_print_unshadowed"":false,""entrypoint_unique"":true,""exactly_one_top_level_assert"":true,""exactly_one_top_level_print"":true,""extraction_unambiguous"":true,""function_segments_unchanged"":false,""no_other_unclassified_top_level_calls"":false,""output_parseable"":false,""print_adjacent_to_assert"":false,""print_arguments_safe"":false,""print_removed_from_top_level"":false,""source_complete"":false,""source_parseable"":true}",fail,true
4B_complete_development200,7c70a766638a7bf16ed58038aeb0766027973f7cc93636bd084647ce904c6b6e,120,72d50cd8cb1f66651828caa838f1ab538938a48c85f75dd4275d989d54e22be3,Mbpp/721,55,Ab2g_H1,qwen3.5:4b,maxAverageOfPath,1843098e82d137f8112f8888f499289fdcb63b4254b1f81f12ec55f70f68b749,1843098e82d137f8112f8888f499289fdcb63b4254b1f81f12ec55f70f68b749,false,false,true,no_top_level_print,"{""assert_literal_entrypoint_selftest"":false,""assert_matches_public_selftest"":false,""assert_remains_top_level"":false,""builtin_print_unshadowed"":false,""entrypoint_unique"":true,""exactly_one_top_level_assert"":false,""exactly_one_top_level_print"":false,""extraction_unambiguous"":true,""function_segments_unchanged"":false,""no_other_unclassified_top_level_calls"":false,""output_parseable"":false,""print_adjacent_to_assert"":false,""print_arguments_safe"":false,""print_removed_from_top_level"":false,""source_complete"":true,""source_parseable"":true}",pass,true
4B_complete_development200,1fd788a6952ce65bd2c840be3e1061b1374cb88d1b4ee505b3a7a2fc6dfb3a42,121,702511d858640579b81ac1e645a1457b8aef8f28fc88655c106b3ceb862acbd0,Mbpp/765,11,Ab1_H0,qwen3.5:4b,is_polite,f9a2adf54535c780df7292f655d920e3594b7e80bfad45d4334112bf00353e62,f9a2adf54535c780df7292f655d920e3594b7e80bfad45d4334112bf00353e62,false,false,true,source_truncated_or_completion_unknown,"{""assert_literal_entrypoint_selftest"":false,""assert_matches_public_selftest"":false,""assert_remains_top_level"":false,""builtin_print_unshadowed"":false,""entrypoint_unique"":false,""exactly_one_top_level_assert"":true,""exactly_one_top_level_print"":false,""extraction_unambiguous"":true,""function_segments_unchanged"":false,""no_other_unclassified_top_level_calls"":false,""output_parseable"":false,""print_adjacent_to_assert"":false,""print_arguments_safe"":false,""print_removed_from_top_level"":false,""source_complete"":false,""source_parseable"":true}",fail,true
4B_complete_development200,5ce27ad40c1eae393e3c195549eb488253693ec466647d8d6ea448b67f9553ad,122,0d38b64385255728fb555093d65d4e74dd43d2fcbc2d4f55d440b5843c9d7da6,Mbpp/765,11,Ab2g_H1,qwen3.5:4b,is_polite,9731c8b71137d29a1ae32100d10f5fde357ffb0f1ab992f1ac17aa9b8c0942ff,9731c8b71137d29a1ae32100d10f5fde357ffb0f1ab992f1ac17aa9b8c0942ff,false,false,true,no_top_level_print,"{""assert_literal_entrypoint_selftest"":false,""assert_matches_public_selftest"":false,""assert_remains_top_level"":false,""builtin_print_unshadowed"":false,""entrypoint_unique"":true,""exactly_one_top_level_assert"":false,""exactly_one_top_level_print"":false,""extraction_unambiguous"":true,""function_segments_unchanged"":false,""no_other_unclassified_top_level_calls"":false,""output_parseable"":false,""print_adjacent_to_assert"":false,""print_arguments_safe"":false,""print_removed_from_top_level"":false,""source_complete"":true,""source_parseable"":true}",fail,true
4B_complete_development200,2a01b909d325d6025197ee80944ed5c697d84916211468d62b02df62420eee8f,123,f61a13f97f63bca534eda30a86fe79ae6422d2dc2990f0f796a45b8e9954e03d,Mbpp/765,22,Ab1_H0,qwen3.5:4b,is_polite,1a9a4314fdb9024a7f1a25e363cbc19ac26b182f8b33a65d8ece1eab273471cd,1a9a4314fdb9024a7f1a25e363cbc19ac26b182f8b33a65d8ece1eab273471cd,true,false,true,source_truncated_or_completion_unknown,"{""assert_literal_entrypoint_selftest"":false,""assert_matches_public_selftest"":false,""assert_remains_top_level"":false,""builtin_print_unshadowed"":false,""entrypoint_unique"":false,""exactly_one_top_level_assert"":false,""exactly_one_top_level_print"":true,""extraction_unambiguous"":true,""function_segments_unchanged"":false,""no_other_unclassified_top_level_calls"":false,""output_parseable"":false,""print_adjacent_to_assert"":false,""print_arguments_safe"":false,""print_removed_from_top_level"":false,""source_complete"":false,""source_parseable"":true}",fail,true
4B_complete_development200,6e4b8615d33e6dbfee882854ce2a9f184d5f392fc73495feb3e05eb343da766d,124,f4a513e6eb9a7d85501682c706dfd43f1cede68bbd4778501ff8adba225e6d91,Mbpp/765,22,Ab2g_H1,qwen3.5:4b,is_polite,7f0846acec2def12bb94de9f4cbbcf3f034a45ca383379fb90f4babeee0d008f,7f0846acec2def12bb94de9f4cbbcf3f034a45ca383379fb90f4babeee0d008f,false,false,true,source_truncated_or_completion_unknown,"{""assert_literal_entrypoint_selftest"":false,""assert_matches_public_selftest"":false,""assert_remains_top_level"":false,""builtin_print_unshadowed"":false,""entrypoint_unique"":true,""exactly_one_top_level_assert"":false,""exactly_one_top_level_print"":false,""extraction_unambiguous"":true,""function_segments_unchanged"":false,""no_other_unclassified_top_level_calls"":false,""output_parseable"":false,""print_adjacent_to_assert"":false,""print_arguments_safe"":false,""print_removed_from_top_level"":false,""source_complete"":false,""source_parseable"":true}",fail,true
4B_complete_development200,de897d61a6fc09b4a7e542530deaee828279ebbee4015f0af75c9151ed20b1b5,125,5da2563c5807da04978304622c11135d0972907b957ce4eb08904979c08e482c,Mbpp/765,33,Ab1_H0,qwen3.5:4b,is_polite,06543d97da2ad30118dca37774e28eb93163b5d78f612c494ee6ba4a80cf9ac4,06543d97da2ad30118dca37774e28eb93163b5d78f612c494ee6ba4a80cf9ac4,false,false,true,source_unparseable,"{""assert_literal_entrypoint_selftest"":false,""assert_matches_public_selftest"":false,""assert_remains_top_level"":false,""builtin_print_unshadowed"":false,""entrypoint_unique"":false,""exactly_one_top_level_assert"":false,""exactly_one_top_level_print"":false,""extraction_unambiguous"":false,""function_segments_unchanged"":false,""no_other_unclassified_top_level_calls"":false,""output_parseable"":false,""print_adjacent_to_assert"":false,""print_arguments_safe"":false,""print_removed_from_top_level"":false,""source_complete"":false,""source_parseable"":false}",not_evaluated,true
4B_complete_development200,e12b38bfcfe1956f842ae3cd2058fe1636e596d4cef27b038efe340c90dea886,126,85670654a731d5c7a1c05b6646ea7a5beb779d4557a546d9e6831eb1a2f8191e,Mbpp/765,33,Ab2g_H1,qwen3.5:4b,is_polite,952c5e14c04ca75d4ed6c66db0b3a4b127d40d1c13219d587e7a6e8a1429386a,952c5e14c04ca75d4ed6c66db0b3a4b127d40d1c13219d587e7a6e8a1429386a,false,false,true,no_top_level_print,"{""assert_literal_entrypoint_selftest"":false,""assert_matches_public_selftest"":false,""assert_remains_top_level"":false,""builtin_print_unshadowed"":false,""entrypoint_unique"":true,""exactly_one_top_level_assert"":false,""exactly_one_top_level_print"":false,""extraction_unambiguous"":true,""function_segments_unchanged"":false,""no_other_unclassified_top_level_calls"":false,""output_parseable"":false,""print_adjacent_to_assert"":false,""print_arguments_safe"":false,""print_removed_from_top_level"":false,""source_complete"":true,""source_parseable"":true}",fail,true
4B_complete_development200,d8590cb4de7c01aef3e047336fc098cff3ad93e21d8aa4c26209f81c7d414813,127,0e6c47144b687b99f551f12a324fd07c6dbaa3a0e1ae503bbec90fca172f9ed2,Mbpp/765,44,Ab1_H0,qwen3.5:4b,is_polite,344965337f886913b48003fa69868439788357956ee6b831cb5de35c3229c690,344965337f886913b48003fa69868439788357956ee6b831cb5de35c3229c690,false,false,true,source_unparseable,"{""assert_literal_entrypoint_selftest"":false,""assert_matches_public_selftest"":false,""assert_remains_top_level"":false,""builtin_print_unshadowed"":false,""entrypoint_unique"":false,""exactly_one_top_level_assert"":false,""exactly_one_top_level_print"":false,""extraction_unambiguous"":true,""function_segments_unchanged"":false,""no_other_unclassified_top_level_calls"":false,""output_parseable"":false,""print_adjacent_to_assert"":false,""print_arguments_safe"":false,""print_removed_from_top_level"":false,""source_complete"":false,""source_parseable"":false}",fail,true
4B_complete_development200,f45e9f4eb81f62b4381483fc0f766cd10e5971808ddd79f32882a568b651753f,128,8e63ea26d2e4923ded2b18c5fa9ac5df9a3bf1fe975404dcdf157bd860d4c8f4,Mbpp/765,44,Ab2g_H1,qwen3.5:4b,is_polite,d450a0b2bfe99d014ff35cb8c50d7ce68e7a307428a8be5ae5ea2ec6b8f90bbb,d450a0b2bfe99d014ff35cb8c50d7ce68e7a307428a8be5ae5ea2ec6b8f90bbb,false,false,true,source_unparseable,"{""assert_literal_entrypoint_selftest"":false,""assert_matches_public_selftest"":false,""assert_remains_top_level"":false,""builtin_print_unshadowed"":false,""entrypoint_unique"":false,""exactly_one_top_level_assert"":false,""exactly_one_top_level_print"":false,""extraction_unambiguous"":true,""function_segments_unchanged"":false,""no_other_unclassified_top_level_calls"":false,""output_parseable"":false,""print_adjacent_to_assert"":false,""print_arguments_safe"":false,""print_removed_from_top_level"":false,""source_complete"":false,""source_parseable"":false}",fail,true
4B_complete_development200,f21741e9fe822d5e7d2494b5b5f8c0d8728a64401f0f5d24f56ffca297032944,129,8bc4073a5a8c46d193747101b950cb5abd26b85a24705e9b93942681d4596bf3,Mbpp/765,55,Ab1_H0,qwen3.5:4b,is_polite,dc3d25f4a33c643c8a48928ba60d51d35c22d09a56a31c0fd9b68093cb3a98ea,dc3d25f4a33c643c8a48928ba60d51d35c22d09a56a31c0fd9b68093cb3a98ea,false,false,true,source_unparseable,"{""assert_literal_entrypoint_selftest"":false,""assert_matches_public_selftest"":false,""assert_remains_top_level"":false,""builtin_print_unshadowed"":false,""entrypoint_unique"":false,""exactly_one_top_level_assert"":false,""exactly_one_top_level_print"":false,""extraction_unambiguous"":true,""function_segments_unchanged"":false,""no_other_unclassified_top_level_calls"":false,""output_parseable"":false,""print_adjacent_to_assert"":false,""print_arguments_safe"":false,""print_removed_from_top_level"":false,""source_complete"":false,""source_parseable"":false}",fail,true
4B_complete_development200,f3f8b43b4858546497d74682f071bd24557e64ab72ceb26b73f3da166dd5bd05,130,49ba2fd94a3fa5c751c2ed512962d198195076c868cfcf56c963faa14d4ba235,Mbpp/765,55,Ab2g_H1,qwen3.5:4b,is_polite,e1c4cb10d6b1f324517ff4adfe7771d3be37c2c074a3612638a832e3c76fd7b1,e1c4cb10d6b1f324517ff4adfe7771d3be37c2c074a3612638a832e3c76fd7b1,false,false,true,no_top_level_print,"{""assert_literal_entrypoint_selftest"":false,""assert_matches_public_selftest"":false,""assert_remains_top_level"":false,""builtin_print_unshadowed"":false,""entrypoint_unique"":true,""exactly_one_top_level_assert"":true,""exactly_one_top_level_print"":false,""extraction_unambiguous"":true,""function_segments_unchanged"":false,""no_other_unclassified_top_level_calls"":false,""output_parseable"":false,""print_adjacent_to_assert"":false,""print_arguments_safe"":false,""print_removed_from_top_level"":false,""source_complete"":true,""source_parseable"":true}",fail,true
4B_complete_development200,cd59a4582c14b7604a2700c1087d3b53725422ede8097f9666697422b89a6eaf,131,a83c5211b07ef9f26983f056847ebeb778fb6aac7418759a0aa6a0f15437e2ad,Mbpp/777,11,Ab1_H0,qwen3.5:4b,find_sum,8a62c9cae1dc779caa698d67c29b28f17a5a72125f99b3171dad4055259aae70,8a62c9cae1dc779caa698d67c29b28f17a5a72125f99b3171dad4055259aae70,false,false,true,no_top_level_print,"{""assert_literal_entrypoint_selftest"":false,""assert_matches_public_selftest"":false,""assert_remains_top_level"":false,""builtin_print_unshadowed"":false,""entrypoint_unique"":true,""exactly_one_top_level_assert"":true,""exactly_one_top_level_print"":false,""extraction_unambiguous"":true,""function_segments_unchanged"":false,""no_other_unclassified_top_level_calls"":false,""output_parseable"":false,""print_adjacent_to_assert"":false,""print_arguments_safe"":false,""print_removed_from_top_level"":false,""source_complete"":true,""source_parseable"":true}",fail,true
4B_complete_development200,6f5354973bcb4a3e472063311580a7f1296c0ae06848e7053f75c49abb38409a,132,9a457f20cd64321d5f955eea39933b6bbca620dc1a31b361a31d0db8caa3804c,Mbpp/777,11,Ab2g_H1,qwen3.5:4b,find_sum,f9ccf68057730cd1fa08339067f6d15ddb64812e163e29076f21c0042f78b014,f9ccf68057730cd1fa08339067f6d15ddb64812e163e29076f21c0042f78b014,false,false,true,no_top_level_print,"{""assert_literal_entrypoint_selftest"":false,""assert_matches_public_selftest"":false,""assert_remains_top_level"":false,""builtin_print_unshadowed"":false,""entrypoint_unique"":true,""exactly_one_top_level_assert"":false,""exactly_one_top_level_print"":false,""extraction_unambiguous"":true,""function_segments_unchanged"":false,""no_other_unclassified_top_level_calls"":false,""output_parseable"":false,""print_adjacent_to_assert"":false,""print_arguments_safe"":false,""print_removed_from_top_level"":false,""source_complete"":true,""source_parseable"":true}",pass,true
4B_complete_development200,a938af5029a4f44af8282ad4b376d4aaeb12bf5f99429e3e164fdec4bf634079,133,409d481978f8cf502bb3c87c2e377df07295cfa3ce8759d258b93a655df86c58,Mbpp/777,22,Ab1_H0,qwen3.5:4b,find_sum,2b1a0b4602920062aa343d7bb91534184b0a631db041764b30e749dc00dc6fdb,b1ebf913a862c8a31da4dd421a60610af1ca6a34b5e36067c970a98f984bfca9,true,true,false,transformed_top_level_demo_print_quarantined,"{""assert_literal_entrypoint_selftest"":true,""assert_matches_public_selftest"":true,""assert_remains_top_level"":true,""builtin_print_unshadowed"":true,""entrypoint_unique"":true,""exactly_one_top_level_assert"":true,""exactly_one_top_level_print"":true,""extraction_unambiguous"":true,""function_segments_unchanged"":true,""no_other_unclassified_top_level_calls"":true,""output_parseable"":true,""print_adjacent_to_assert"":true,""print_arguments_safe"":true,""print_removed_from_top_level"":true,""source_complete"":true,""source_parseable"":true}",pass,true
4B_complete_development200,0014632a341491170676398809eae404f7f07f0f7b292d31edb2d1274ddce65c,134,95daeb1cf35b55a49a9cf383a4beba0b85fd5b9e90e067fc4f5678f8e94270b6,Mbpp/777,22,Ab2g_H1,qwen3.5:4b,find_sum,fa239934e893c78479ba5f4814b915ace7c90441d020b6aa5196a5e5df75129e,fa239934e893c78479ba5f4814b915ace7c90441d020b6aa5196a5e5df75129e,false,false,true,no_top_level_print,"{""assert_literal_entrypoint_selftest"":false,""assert_matches_public_selftest"":false,""assert_remains_top_level"":false,""builtin_print_unshadowed"":false,""entrypoint_unique"":true,""exactly_one_top_level_assert"":false,""exactly_one_top_level_print"":false,""extraction_unambiguous"":true,""function_segments_unchanged"":false,""no_other_unclassified_top_level_calls"":false,""output_parseable"":false,""print_adjacent_to_assert"":false,""print_arguments_safe"":false,""print_removed_from_top_level"":false,""source_complete"":true,""source_parseable"":true}",pass,true
4B_complete_development200,10b368443c7b1c19ede7ddc39b86828d236d2a5018088ef8484bd6964b2926dd,135,78acd77837116d06849176be59db73bab7d56beaa58d583f05f2917fb220f27a,Mbpp/777,33,Ab1_H0,qwen3.5:4b,find_sum,2904847d4397978f52c2f7bcd99997f40bcfd259d6fed60a2711de11233ed492,2904847d4397978f52c2f7bcd99997f40bcfd259d6fed60a2711de11233ed492,false,false,true,source_unparseable,"{""assert_literal_entrypoint_selftest"":false,""assert_matches_public_selftest"":false,""assert_remains_top_level"":false,""builtin_print_unshadowed"":false,""entrypoint_unique"":false,""exactly_one_top_level_assert"":false,""exactly_one_top_level_print"":false,""extraction_unambiguous"":true,""function_segments_unchanged"":false,""no_other_unclassified_top_level_calls"":false,""output_parseable"":false,""print_adjacent_to_assert"":false,""print_arguments_safe"":false,""print_removed_from_top_level"":false,""source_complete"":true,""source_parseable"":false}",fail,true
4B_complete_development200,5207e7f7bdd5ee24853499be24d53e9cc6bf01ed881d2310c16805203fded722,136,c25c19dfecda61b1207f2fabb52399c2b8dde8b28039e02739a207d905e95b8c,Mbpp/777,33,Ab2g_H1,qwen3.5:4b,find_sum,f9ccf68057730cd1fa08339067f6d15ddb64812e163e29076f21c0042f78b014,f9ccf68057730cd1fa08339067f6d15ddb64812e163e29076f21c0042f78b014,false,false,true,no_top_level_print,"{""assert_literal_entrypoint_selftest"":false,""assert_matches_public_selftest"":false,""assert_remains_top_level"":false,""builtin_print_unshadowed"":false,""entrypoint_unique"":true,""exactly_one_top_level_assert"":false,""exactly_one_top_level_print"":false,""extraction_unambiguous"":true,""function_segments_unchanged"":false,""no_other_unclassified_top_level_calls"":false,""output_parseable"":false,""print_adjacent_to_assert"":false,""print_arguments_safe"":false,""print_removed_from_top_level"":false,""source_complete"":true,""source_parseable"":true}",pass,true
4B_complete_development200,e581adf8034f6502d43c86731bc4500240fd961d1b575c1f28ee39fd92defcd9,137,a9645f4855f81f8786d3d9367b54924381fa7899c378b6dcb0e83ee8b839b0a0,Mbpp/777,44,Ab1_H0,qwen3.5:4b,find_sum,57d955bdcda70a51437ff4ed8a791ec0f5b49247f7707089014500c7b161fbc2,fb34370ce5b81f7d675d5152784accd44529201a90a97b52be05ec87d7a37dd9,true,true,false,transformed_top_level_demo_print_quarantined,"{""assert_literal_entrypoint_selftest"":true,""assert_matches_public_selftest"":true,""assert_remains_top_level"":true,""builtin_print_unshadowed"":true,""entrypoint_unique"":true,""exactly_one_top_level_assert"":true,""exactly_one_top_level_print"":true,""extraction_unambiguous"":true,""function_segments_unchanged"":true,""no_other_unclassified_top_level_calls"":true,""output_parseable"":true,""print_adjacent_to_assert"":true,""print_arguments_safe"":true,""print_removed_from_top_level"":true,""source_complete"":true,""source_parseable"":true}",pass,true
4B_complete_development200,6902d624277fa77290afdbd9127253d763916f123e82b641fd658588d8e05047,138,f6d4b6433421e52a29888f07f373c6697c2ad3eec0b37df7b916add1186eb8ff,Mbpp/777,44,Ab2g_H1,qwen3.5:4b,find_sum,f9ccf68057730cd1fa08339067f6d15ddb64812e163e29076f21c0042f78b014,f9ccf68057730cd1fa08339067f6d15ddb64812e163e29076f21c0042f78b014,false,false,true,no_top_level_print,"{""assert_literal_entrypoint_selftest"":false,""assert_matches_public_selftest"":false,""assert_remains_top_level"":false,""builtin_print_unshadowed"":false,""entrypoint_unique"":true,""exactly_one_top_level_assert"":false,""exactly_one_top_level_print"":false,""extraction_unambiguous"":true,""function_segments_unchanged"":false,""no_other_unclassified_top_level_calls"":false,""output_parseable"":false,""print_adjacent_to_assert"":false,""print_arguments_safe"":false,""print_removed_from_top_level"":false,""source_complete"":true,""source_parseable"":true}",pass,true
4B_complete_development200,bc937ce9500733990b738b42bd0316b155deae718a0a75cecaf0e599d9c1ea13,139,683926936aa52949e380331d07c111a29cf036601281fd8831a14399fe9cb147,Mbpp/777,55,Ab1_H0,qwen3.5:4b,find_sum,9fefdf62574bb047a2c0b937764ea6a823c68d7a1583d18d5655a4a3ae42ca7f,10ce9898b81b9002bf63225983c0600b4aacd6b4922369203992281ac6b99bd9,true,true,false,transformed_top_level_demo_print_quarantined,"{""assert_literal_entrypoint_selftest"":true,""assert_matches_public_selftest"":true,""assert_remains_top_level"":true,""builtin_print_unshadowed"":true,""entrypoint_unique"":true,""exactly_one_top_level_assert"":true,""exactly_one_top_level_print"":true,""extraction_unambiguous"":true,""function_segments_unchanged"":true,""no_other_unclassified_top_level_calls"":true,""output_parseable"":true,""print_adjacent_to_assert"":true,""print_arguments_safe"":true,""print_removed_from_top_level"":true,""source_complete"":true,""source_parseable"":true}",pass,true
4B_complete_development200,362cb38923d9e63930434e9bba374b821892152d2bcebcde29e19112b98526cb,140,f7023150c61914287913714a69463a52be80091aae356b78710bb179173f0cd5,Mbpp/777,55,Ab2g_H1,qwen3.5:4b,find_sum,fa239934e893c78479ba5f4814b915ace7c90441d020b6aa5196a5e5df75129e,fa239934e893c78479ba5f4814b915ace7c90441d020b6aa5196a5e5df75129e,false,false,true,no_top_level_print,"{""assert_literal_entrypoint_selftest"":false,""assert_matches_public_selftest"":false,""assert_remains_top_level"":false,""builtin_print_unshadowed"":false,""entrypoint_unique"":true,""exactly_one_top_level_assert"":false,""exactly_one_top_level_print"":false,""extraction_unambiguous"":true,""function_segments_unchanged"":false,""no_other_unclassified_top_level_calls"":false,""output_parseable"":false,""print_adjacent_to_assert"":false,""print_arguments_safe"":false,""print_removed_from_top_level"":false,""source_complete"":true,""source_parseable"":true}",pass,true
4B_complete_development200,dd5f055a4b45e6407b99e123c512d60e4a6f6b659dd530f803de219557fe0e04,141,c8a0e367755ed7e334e8e923326c17e4cd6842f93201e8c2589d8f9d0f05bd59,Mbpp/473,11,Ab1_H0,qwen3.5:4b,tuple_intersection,ca1a07da9d6cd37396cb749540e5f56a70d431e2e32a61b9ffbca76119b51295,ca1a07da9d6cd37396cb749540e5f56a70d431e2e32a61b9ffbca76119b51295,false,false,true,source_unparseable,"{""assert_literal_entrypoint_selftest"":false,""assert_matches_public_selftest"":false,""assert_remains_top_level"":false,""builtin_print_unshadowed"":false,""entrypoint_unique"":false,""exactly_one_top_level_assert"":false,""exactly_one_top_level_print"":false,""extraction_unambiguous"":true,""function_segments_unchanged"":false,""no_other_unclassified_top_level_calls"":false,""output_parseable"":false,""print_adjacent_to_assert"":false,""print_arguments_safe"":false,""print_removed_from_top_level"":false,""source_complete"":true,""source_parseable"":false}",fail,true
4B_complete_development200,9989398cfaffb45bfc72343ac5e03404465573ce67b282494dd5d60b631a2d5c,142,6bbe09b20a8c0e74a6e4a9a2de4426f3e2b8d7d07985c686cc7eddd4ef20aadc,Mbpp/473,11,Ab2g_H1,qwen3.5:4b,tuple_intersection,6fd507eeea393e89e2207e43734ea35926253fe0b7b33dbff5d3a2b132ad7015,6fd507eeea393e89e2207e43734ea35926253fe0b7b33dbff5d3a2b132ad7015,false,false,true,no_top_level_print,"{""assert_literal_entrypoint_selftest"":false,""assert_matches_public_selftest"":false,""assert_remains_top_level"":false,""builtin_print_unshadowed"":false,""entrypoint_unique"":true,""exactly_one_top_level_assert"":false,""exactly_one_top_level_print"":false,""extraction_unambiguous"":true,""function_segments_unchanged"":false,""no_other_unclassified_top_level_calls"":false,""output_parseable"":false,""print_adjacent_to_assert"":false,""print_arguments_safe"":false,""print_removed_from_top_level"":false,""source_complete"":true,""source_parseable"":true}",fail,true
4B_complete_development200,16923c2b1089de0b28407aae18b166c1c17ad352b3811907b68dc4c2379e1807,143,6d5dcd48326b8a698c8f89338cf9172a796817111627a57070142951a519f95d,Mbpp/473,22,Ab1_H0,qwen3.5:4b,tuple_intersection,8998e54684f1ba67a79cd3032495c79ba26fb71f91ca71a048d4956f3b28179b,8998e54684f1ba67a79cd3032495c79ba26fb71f91ca71a048d4956f3b28179b,false,false,true,no_top_level_print,"{""assert_literal_entrypoint_selftest"":false,""assert_matches_public_selftest"":false,""assert_remains_top_level"":false,""builtin_print_unshadowed"":false,""entrypoint_unique"":true,""exactly_one_top_level_assert"":true,""exactly_one_top_level_print"":false,""extraction_unambiguous"":true,""function_segments_unchanged"":false,""no_other_unclassified_top_level_calls"":false,""output_parseable"":false,""print_adjacent_to_assert"":false,""print_arguments_safe"":false,""print_removed_from_top_level"":false,""source_complete"":true,""source_parseable"":true}",fail,true
4B_complete_development200,8a7768733a0c22eac1e27b47db3471493f6a4328423734829eb24399fce30484,144,1c8d44bfac9dba50095b4984dd4c417f05be5334e45c6bf5eed189395b00e96e,Mbpp/473,22,Ab2g_H1,qwen3.5:4b,tuple_intersection,d20abdfa4ef126cfcc99d52a6c4cf8e3ecfc9a1af43fc8706a488968053e3bd9,d20abdfa4ef126cfcc99d52a6c4cf8e3ecfc9a1af43fc8706a488968053e3bd9,false,false,true,no_top_level_print,"{""assert_literal_entrypoint_selftest"":false,""assert_matches_public_selftest"":false,""assert_remains_top_level"":false,""builtin_print_unshadowed"":false,""entrypoint_unique"":true,""exactly_one_top_level_assert"":false,""exactly_one_top_level_print"":false,""extraction_unambiguous"":true,""function_segments_unchanged"":false,""no_other_unclassified_top_level_calls"":false,""output_parseable"":false,""print_adjacent_to_assert"":false,""print_arguments_safe"":false,""print_removed_from_top_level"":false,""source_complete"":true,""source_parseable"":true}",fail,true
4B_complete_development200,2624e135d50b3600c9f776190ac41e1305fe041af9bd322910b5c87b66588720,145,26c6796ce43ec34b2d904177cdf865eca76127b427cc85629e8c383d7a84f424,Mbpp/473,33,Ab1_H0,qwen3.5:4b,tuple_intersection,6822b7cfa256b81bec37bf881ba5252d807b355bcf76b11efaf05d6e2e6a57d7,6822b7cfa256b81bec37bf881ba5252d807b355bcf76b11efaf05d6e2e6a57d7,false,false,true,source_truncated_or_completion_unknown,"{""assert_literal_entrypoint_selftest"":false,""assert_matches_public_selftest"":false,""assert_remains_top_level"":false,""builtin_print_unshadowed"":false,""entrypoint_unique"":true,""exactly_one_top_level_assert"":true,""exactly_one_top_level_print"":false,""extraction_unambiguous"":true,""function_segments_unchanged"":false,""no_other_unclassified_top_level_calls"":false,""output_parseable"":false,""print_adjacent_to_assert"":false,""print_arguments_safe"":false,""print_removed_from_top_level"":false,""source_complete"":false,""source_parseable"":true}",fail,true
4B_complete_development200,bb565782ebc365b7e29917ac8b0e98235e9173a2892ef30ff57e6218e21bae1e,146,c8aa898f19498b701d73f733d3a8583d374eb69bc7767941e0de788073fd05ea,Mbpp/473,33,Ab2g_H1,qwen3.5:4b,tuple_intersection,fd2e4683c80e23e93f710280e15e6fd126b1f8e8d8998435ce49ce5d1b413492,fd2e4683c80e23e93f710280e15e6fd126b1f8e8d8998435ce49ce5d1b413492,false,false,true,no_top_level_print,"{""assert_literal_entrypoint_selftest"":false,""assert_matches_public_selftest"":false,""assert_remains_top_level"":false,""builtin_print_unshadowed"":false,""entrypoint_unique"":true,""exactly_one_top_level_assert"":false,""exactly_one_top_level_print"":false,""extraction_unambiguous"":true,""function_segments_unchanged"":false,""no_other_unclassified_top_level_calls"":false,""output_parseable"":false,""print_adjacent_to_assert"":false,""print_arguments_safe"":false,""print_removed_from_top_level"":false,""source_complete"":true,""source_parseable"":true}",fail,true
4B_complete_development200,f7b9c10eab8cee03672564afd25932782a0d511e91667cb66ce1f3448007879b,147,d12cfe03be18298fec7c27c7bc9f49bf64134ff374d0cea0b324bf66ba21972e,Mbpp/473,44,Ab1_H0,qwen3.5:4b,tuple_intersection,86de364fb67bcc6876ca8326e250a754eae912d25fd540170aa5370fbcc83989,86de364fb67bcc6876ca8326e250a754eae912d25fd540170aa5370fbcc83989,false,false,true,source_truncated_or_completion_unknown,"{""assert_literal_entrypoint_selftest"":false,""assert_matches_public_selftest"":false,""assert_remains_top_level"":false,""builtin_print_unshadowed"":false,""entrypoint_unique"":true,""exactly_one_top_level_assert"":false,""exactly_one_top_level_print"":false,""extraction_unambiguous"":true,""function_segments_unchanged"":false,""no_other_unclassified_top_level_calls"":false,""output_parseable"":false,""print_adjacent_to_assert"":false,""print_arguments_safe"":false,""print_removed_from_top_level"":false,""source_complete"":false,""source_parseable"":true}",pass,true
4B_complete_development200,9a71b5dc6a0cdac03f5d6e4b885632d322e47995450b5b22fabd41660ee4ac62,148,1117abd6272fbcc36c0a824a3d044ea09c44bc44323735974d3bfc1b8ce6dc19,Mbpp/473,44,Ab2g_H1,qwen3.5:4b,tuple_intersection,bb87de9ff944f6bd37fec9f3b110722929c9caca158e8c7edbcc1f4ad8c8f069,bb87de9ff944f6bd37fec9f3b110722929c9caca158e8c7edbcc1f4ad8c8f069,false,false,true,no_top_level_print,"{""assert_literal_entrypoint_selftest"":false,""assert_matches_public_selftest"":false,""assert_remains_top_level"":false,""builtin_print_unshadowed"":false,""entrypoint_unique"":true,""exactly_one_top_level_assert"":false,""exactly_one_top_level_print"":false,""extraction_unambiguous"":true,""function_segments_unchanged"":false,""no_other_unclassified_top_level_calls"":false,""output_parseable"":false,""print_adjacent_to_assert"":false,""print_arguments_safe"":false,""print_removed_from_top_level"":false,""source_complete"":true,""source_parseable"":true}",fail,true
4B_complete_development200,9d23e29ff9c3828e5d9d3645d9ebe3c4ec8b457fb40e61e4f1e99037b2b339de,149,acd38b263154f9f2002a320c457723bd5690b10e36224a46bd04c32827fba82c,Mbpp/473,55,Ab1_H0,qwen3.5:4b,tuple_intersection,06b3075c76f9abfe6885bbb7b9f1f3971e0e105bdadfbf8ad8ffe5e330106502,06b3075c76f9abfe6885bbb7b9f1f3971e0e105bdadfbf8ad8ffe5e330106502,false,false,true,source_unparseable,"{""assert_literal_entrypoint_selftest"":false,""assert_matches_public_selftest"":false,""assert_remains_top_level"":false,""builtin_print_unshadowed"":false,""entrypoint_unique"":false,""exactly_one_top_level_assert"":false,""exactly_one_top_level_print"":false,""extraction_unambiguous"":false,""function_segments_unchanged"":false,""no_other_unclassified_top_level_calls"":false,""output_parseable"":false,""print_adjacent_to_assert"":false,""print_arguments_safe"":false,""print_removed_from_top_level"":false,""source_complete"":true,""source_parseable"":false}",not_evaluated,true
4B_complete_development200,5f636c0394c52a2ac220f321ffd000495c128cd7d380409d3d1ae25e74984bb4,150,9423a84bce10769bc763426bf27ed08c1071b747b9a68b6788ccac145f614a1f,Mbpp/473,55,Ab2g_H1,qwen3.5:4b,tuple_intersection,fa7d620206136eaed9c507020c543b1b013463d637dea52f14f38ca2ff580fe5,fa7d620206136eaed9c507020c543b1b013463d637dea52f14f38ca2ff580fe5,false,false,true,no_top_level_print,"{""assert_literal_entrypoint_selftest"":false,""assert_matches_public_selftest"":false,""assert_remains_top_level"":false,""builtin_print_unshadowed"":false,""entrypoint_unique"":true,""exactly_one_top_level_assert"":false,""exactly_one_top_level_print"":false,""extraction_unambiguous"":true,""function_segments_unchanged"":false,""no_other_unclassified_top_level_calls"":false,""output_parseable"":false,""print_adjacent_to_assert"":false,""print_arguments_safe"":false,""print_removed_from_top_level"":false,""source_complete"":true,""source_parseable"":true}",fail,true
4B_complete_development200,e9449ce73ead2aa016d4de08483756c738d650038d623743a09bf32c4e8bc3ee,151,e33c278d531a35249c695d2b82948b68117ffd4ef37da4d2e9ab0d236642d81a,Mbpp/420,11,Ab1_H0,qwen3.5:4b,cube_Sum,30e255f5acd1286a615afc8651e8eba72526cfcd42ed04e61596a767ed5f2d69,30e255f5acd1286a615afc8651e8eba72526cfcd42ed04e61596a767ed5f2d69,false,false,true,no_top_level_print,"{""assert_literal_entrypoint_selftest"":false,""assert_matches_public_selftest"":false,""assert_remains_top_level"":false,""builtin_print_unshadowed"":false,""entrypoint_unique"":true,""exactly_one_top_level_assert"":true,""exactly_one_top_level_print"":false,""extraction_unambiguous"":true,""function_segments_unchanged"":false,""no_other_unclassified_top_level_calls"":false,""output_parseable"":false,""print_adjacent_to_assert"":false,""print_arguments_safe"":false,""print_removed_from_top_level"":false,""source_complete"":true,""source_parseable"":true}",fail,true
4B_complete_development200,7b9c76c34aa2cc26a09299ee013c12764d69850b63cc31ec8ef63c574f8f1483,152,a911eee1013b7cf0631934b933a07a89cbe28b278ac70e97c2955cd4fbf10066,Mbpp/420,11,Ab2g_H1,qwen3.5:4b,cube_Sum,0ecd8a960ad7c6fdf540634ccf904a6225ddca3b022cd2bdb44c8648b63709f6,0ecd8a960ad7c6fdf540634ccf904a6225ddca3b022cd2bdb44c8648b63709f6,false,false,true,no_top_level_print,"{""assert_literal_entrypoint_selftest"":false,""assert_matches_public_selftest"":false,""assert_remains_top_level"":false,""builtin_print_unshadowed"":false,""entrypoint_unique"":true,""exactly_one_top_level_assert"":false,""exactly_one_top_level_print"":false,""extraction_unambiguous"":true,""function_segments_unchanged"":false,""no_other_unclassified_top_level_calls"":false,""output_parseable"":false,""print_adjacent_to_assert"":false,""print_arguments_safe"":false,""print_removed_from_top_level"":false,""source_complete"":true,""source_parseable"":true}",pass,true
4B_complete_development200,61a1672a5661e74dd594382c68c14691c83addcb60b7bbd489aae2c3b00eb170,153,5647e2aaecacdf90cd45fdfd2a4e5aa0f6dd18b2a9c93facbd7dd021534b3453,Mbpp/420,22,Ab1_H0,qwen3.5:4b,cube_Sum,e5c2c3e9243a0909fa5a98335dbc1f29e2cc7954f0a7de528647f35086259b53,e5c2c3e9243a0909fa5a98335dbc1f29e2cc7954f0a7de528647f35086259b53,true,false,true,print_arguments_not_literal_or_entrypoint_literal_call,"{""assert_literal_entrypoint_selftest"":true,""assert_matches_public_selftest"":true,""assert_remains_top_level"":false,""builtin_print_unshadowed"":true,""entrypoint_unique"":true,""exactly_one_top_level_assert"":true,""exactly_one_top_level_print"":true,""extraction_unambiguous"":true,""function_segments_unchanged"":false,""no_other_unclassified_top_level_calls"":true,""output_parseable"":false,""print_adjacent_to_assert"":true,""print_arguments_safe"":false,""print_removed_from_top_level"":false,""source_complete"":true,""source_parseable"":true}",fail,true
4B_complete_development200,758944a670a76348390f9462e72d41f2e4ea0d37ad9149af2b31f6fdb89929f8,154,fcdae16550e75999024085e7f2004607002ce959ac0888d87e9cad7f4fa01b25,Mbpp/420,22,Ab2g_H1,qwen3.5:4b,cube_Sum,0ecd8a960ad7c6fdf540634ccf904a6225ddca3b022cd2bdb44c8648b63709f6,0ecd8a960ad7c6fdf540634ccf904a6225ddca3b022cd2bdb44c8648b63709f6,false,false,true,no_top_level_print,"{""assert_literal_entrypoint_selftest"":false,""assert_matches_public_selftest"":false,""assert_remains_top_level"":false,""builtin_print_unshadowed"":false,""entrypoint_unique"":true,""exactly_one_top_level_assert"":false,""exactly_one_top_level_print"":false,""extraction_unambiguous"":true,""function_segments_unchanged"":false,""no_other_unclassified_top_level_calls"":false,""output_parseable"":false,""print_adjacent_to_assert"":false,""print_arguments_safe"":false,""print_removed_from_top_level"":false,""source_complete"":true,""source_parseable"":true}",pass,true
4B_complete_development200,0ef2c82d2bba797fe7364d90accdba3035c16c5cbd81fff4eee0318427bc7a93,155,406a7adb8833199cfc27d3d1714e65fd63668fed4fd4b761901df9574ce3bd3e,Mbpp/420,33,Ab1_H0,qwen3.5:4b,cube_Sum,2219ac5ca096af99460f5f31535693bcf60bfe24ccc6b1631f3c4c87058f6613,2219ac5ca096af99460f5f31535693bcf60bfe24ccc6b1631f3c4c87058f6613,false,false,true,source_unparseable,"{""assert_literal_entrypoint_selftest"":false,""assert_matches_public_selftest"":false,""assert_remains_top_level"":false,""builtin_print_unshadowed"":false,""entrypoint_unique"":false,""exactly_one_top_level_assert"":false,""exactly_one_top_level_print"":false,""extraction_unambiguous"":false,""function_segments_unchanged"":false,""no_other_unclassified_top_level_calls"":false,""output_parseable"":false,""print_adjacent_to_assert"":false,""print_arguments_safe"":false,""print_removed_from_top_level"":false,""source_complete"":true,""source_parseable"":false}",not_evaluated,true
4B_complete_development200,7ca97aba7fd7102bab704c142417f8bccb03b4bc75b9ebac2f210ae3f81cf720,156,ed6158a9958fc105d3a0e4b35dbb21cddb45411551b27d9649c7b805aa22bd76,Mbpp/420,33,Ab2g_H1,qwen3.5:4b,cube_Sum,0ecd8a960ad7c6fdf540634ccf904a6225ddca3b022cd2bdb44c8648b63709f6,0ecd8a960ad7c6fdf540634ccf904a6225ddca3b022cd2bdb44c8648b63709f6,false,false,true,no_top_level_print,"{""assert_literal_entrypoint_selftest"":false,""assert_matches_public_selftest"":false,""assert_remains_top_level"":false,""builtin_print_unshadowed"":false,""entrypoint_unique"":true,""exactly_one_top_level_assert"":false,""exactly_one_top_level_print"":false,""extraction_unambiguous"":true,""function_segments_unchanged"":false,""no_other_unclassified_top_level_calls"":false,""output_parseable"":false,""print_adjacent_to_assert"":false,""print_arguments_safe"":false,""print_removed_from_top_level"":false,""source_complete"":true,""source_parseable"":true}",pass,true
4B_complete_development200,63e429be46f4bbe4482ca232807e4185c548a86e384fa8b9e9ba88a44fa62a9a,157,1df1bb1fbfdc956510d54331482ba985fe89827d15dfe55ac6b0b9081ec4d457,Mbpp/420,44,Ab1_H0,qwen3.5:4b,cube_Sum,bf73ddd2ee051f905bb277fe110b5a229cac4dea2dcb3d151ad8fb3bfdce0024,bf73ddd2ee051f905bb277fe110b5a229cac4dea2dcb3d151ad8fb3bfdce0024,false,false,true,no_top_level_print,"{""assert_literal_entrypoint_selftest"":false,""assert_matches_public_selftest"":false,""assert_remains_top_level"":false,""builtin_print_unshadowed"":false,""entrypoint_unique"":true,""exactly_one_top_level_assert"":true,""exactly_one_top_level_print"":false,""extraction_unambiguous"":true,""function_segments_unchanged"":false,""no_other_unclassified_top_level_calls"":false,""output_parseable"":false,""print_adjacent_to_assert"":false,""print_arguments_safe"":false,""print_removed_from_top_level"":false,""source_complete"":true,""source_parseable"":true}",pass,true
4B_complete_development200,ddefe140c89d300bea302e2d71fe895deec36485e3018a836b0edc81092aae1a,158,8225fd5388ee00c5f7cbf4ac1a6fb5a8ce9b6e5834f5a76ad8b07d4f5a7c6690,Mbpp/420,44,Ab2g_H1,qwen3.5:4b,cube_Sum,0ecd8a960ad7c6fdf540634ccf904a6225ddca3b022cd2bdb44c8648b63709f6,0ecd8a960ad7c6fdf540634ccf904a6225ddca3b022cd2bdb44c8648b63709f6,false,false,true,no_top_level_print,"{""assert_literal_entrypoint_selftest"":false,""assert_matches_public_selftest"":false,""assert_remains_top_level"":false,""builtin_print_unshadowed"":false,""entrypoint_unique"":true,""exactly_one_top_level_assert"":false,""exactly_one_top_level_print"":false,""extraction_unambiguous"":true,""function_segments_unchanged"":false,""no_other_unclassified_top_level_calls"":false,""output_parseable"":false,""print_adjacent_to_assert"":false,""print_arguments_safe"":false,""print_removed_from_top_level"":false,""source_complete"":true,""source_parseable"":true}",pass,true
4B_complete_development200,286c18763de3c651b56c88b1166d1148900c24e2bc25504b9fa1553cb2fa5a07,159,8eb5037e7bbcf74f7daa51e0212541c83254b2869064496c2c5d398b1a10b9c2,Mbpp/420,55,Ab1_H0,qwen3.5:4b,cube_Sum,8f27b6f7a4e35bdf3360a4ce262669420483599c95ccdf4437c68ebbd8c9f907,bdfd1f9a688accee71190982277e449d7554f573101373e49e3666d2b90a1ea4,true,true,false,transformed_top_level_demo_print_quarantined,"{""assert_literal_entrypoint_selftest"":true,""assert_matches_public_selftest"":true,""assert_remains_top_level"":true,""builtin_print_unshadowed"":true,""entrypoint_unique"":true,""exactly_one_top_level_assert"":true,""exactly_one_top_level_print"":true,""extraction_unambiguous"":true,""function_segments_unchanged"":true,""no_other_unclassified_top_level_calls"":true,""output_parseable"":true,""print_adjacent_to_assert"":true,""print_arguments_safe"":true,""print_removed_from_top_level"":true,""source_complete"":true,""source_parseable"":true}",pass,true
4B_complete_development200,050bf793431acb5ba5588d30a432f93f32f49697119681d1c564d7755ec5812e,160,ccc7c22c9498ae1e98cadcb9aafef813b11a0b02b8a995b808aabc82d09df1c9,Mbpp/420,55,Ab2g_H1,qwen3.5:4b,cube_Sum,0ecd8a960ad7c6fdf540634ccf904a6225ddca3b022cd2bdb44c8648b63709f6,0ecd8a960ad7c6fdf540634ccf904a6225ddca3b022cd2bdb44c8648b63709f6,false,false,true,no_top_level_print,"{""assert_literal_entrypoint_selftest"":false,""assert_matches_public_selftest"":false,""assert_remains_top_level"":false,""builtin_print_unshadowed"":false,""entrypoint_unique"":true,""exactly_one_top_level_assert"":false,""exactly_one_top_level_print"":false,""extraction_unambiguous"":true,""function_segments_unchanged"":false,""no_other_unclassified_top_level_calls"":false,""output_parseable"":false,""print_adjacent_to_assert"":false,""print_arguments_safe"":false,""print_removed_from_top_level"":false,""source_complete"":true,""source_parseable"":true}",pass,true
4B_complete_development200,ae8c28fe096037b3f0e1db445e9d8cf22089f6ad43c0ab23d2802e866e573c0e,161,d74921e76fe802df9b4832521892692c6ca0b75ded27cca60e70e22006cf7f14,Mbpp/742,11,Ab1_H0,qwen3.5:4b,area_tetrahedron,2b658cbdc432cad54b100dab4b9a1cb74ac0081d8a8e074bf8dc8896a8d9af92,2b658cbdc432cad54b100dab4b9a1cb74ac0081d8a8e074bf8dc8896a8d9af92,true,false,true,adjacent_assert_not_in_public_prompt,"{""assert_literal_entrypoint_selftest"":true,""assert_matches_public_selftest"":false,""assert_remains_top_level"":false,""builtin_print_unshadowed"":true,""entrypoint_unique"":true,""exactly_one_top_level_assert"":true,""exactly_one_top_level_print"":true,""extraction_unambiguous"":true,""function_segments_unchanged"":false,""no_other_unclassified_top_level_calls"":true,""output_parseable"":false,""print_adjacent_to_assert"":true,""print_arguments_safe"":true,""print_removed_from_top_level"":false,""source_complete"":true,""source_parseable"":true}",pass,true
4B_complete_development200,4a54638a441e3dd338d15b94dd5574139df36a2dca40dafeb931c6ab94f69283,162,efd083f31619a12433fbc40c2f14ef921ea022e6c243142fe5f86f632594ec1f,Mbpp/742,11,Ab2g_H1,qwen3.5:4b,area_tetrahedron,db916f6ac4f5d578fa0763e20e6bcfed2807ebe0f9cd2c6280c67f4a7fc2ed53,db916f6ac4f5d578fa0763e20e6bcfed2807ebe0f9cd2c6280c67f4a7fc2ed53,false,false,true,no_top_level_print,"{""assert_literal_entrypoint_selftest"":false,""assert_matches_public_selftest"":false,""assert_remains_top_level"":false,""builtin_print_unshadowed"":false,""entrypoint_unique"":true,""exactly_one_top_level_assert"":false,""exactly_one_top_level_print"":false,""extraction_unambiguous"":true,""function_segments_unchanged"":false,""no_other_unclassified_top_level_calls"":false,""output_parseable"":false,""print_adjacent_to_assert"":false,""print_arguments_safe"":false,""print_removed_from_top_level"":false,""source_complete"":true,""source_parseable"":true}",fail,true
4B_complete_development200,f86c7148d505848fdc12ed13ddc3b731ca73d93e25aa95a9b1dda5b21912bd7b,163,f5c66ddc34f35ea060055f3b5c99910620971e47f291c2684615e60de74879ba,Mbpp/742,22,Ab1_H0,qwen3.5:4b,area_tetrahedron,94b80262f456d4d4cc20bd48b2358b80f72f8ff55e7bcc35f74e1c361e7b07da,94b80262f456d4d4cc20bd48b2358b80f72f8ff55e7bcc35f74e1c361e7b07da,true,false,true,adjacent_assert_not_in_public_prompt,"{""assert_literal_entrypoint_selftest"":true,""assert_matches_public_selftest"":false,""assert_remains_top_level"":false,""builtin_print_unshadowed"":true,""entrypoint_unique"":true,""exactly_one_top_level_assert"":true,""exactly_one_top_level_print"":true,""extraction_unambiguous"":true,""function_segments_unchanged"":false,""no_other_unclassified_top_level_calls"":true,""output_parseable"":false,""print_adjacent_to_assert"":true,""print_arguments_safe"":true,""print_removed_from_top_level"":false,""source_complete"":true,""source_parseable"":true}",pass,true
4B_complete_development200,591cf0c509a24a734a36bc7333edf0a79b588cbc9c627bf6fba3569cf5dfbba1,164,40238f2b882f8e869fa7b4128b0ad05b330cf44f3a34e265fb5ce58d13f156a5,Mbpp/742,22,Ab2g_H1,qwen3.5:4b,area_tetrahedron,d3e28f8fb5e95e3d11b721165da4c8a9600be7beb91869e81218ac6df40e53be,d3e28f8fb5e95e3d11b721165da4c8a9600be7beb91869e81218ac6df40e53be,false,false,true,no_top_level_print,"{""assert_literal_entrypoint_selftest"":false,""assert_matches_public_selftest"":false,""assert_remains_top_level"":false,""builtin_print_unshadowed"":false,""entrypoint_unique"":true,""exactly_one_top_level_assert"":false,""exactly_one_top_level_print"":false,""extraction_unambiguous"":true,""function_segments_unchanged"":false,""no_other_unclassified_top_level_calls"":false,""output_parseable"":false,""print_adjacent_to_assert"":false,""print_arguments_safe"":false,""print_removed_from_top_level"":false,""source_complete"":true,""source_parseable"":true}",fail,true
4B_complete_development200,25d74d7fced4bee1b22b4ad95ea3a143bd0938e570b9a2d6d3c190dd241e6820,165,6d26af67ca8569480077b222d59f11ca5f2cd590281f62460112b267b248d23d,Mbpp/742,33,Ab1_H0,qwen3.5:4b,area_tetrahedron,2746b9f36728241c24e1d022eb0a6408cd751b05db7e1498508e91d5678550e0,2746b9f36728241c24e1d022eb0a6408cd751b05db7e1498508e91d5678550e0,true,false,true,adjacent_assert_not_in_public_prompt,"{""assert_literal_entrypoint_selftest"":true,""assert_matches_public_selftest"":false,""assert_remains_top_level"":false,""builtin_print_unshadowed"":true,""entrypoint_unique"":true,""exactly_one_top_level_assert"":true,""exactly_one_top_level_print"":true,""extraction_unambiguous"":true,""function_segments_unchanged"":false,""no_other_unclassified_top_level_calls"":true,""output_parseable"":false,""print_adjacent_to_assert"":true,""print_arguments_safe"":true,""print_removed_from_top_level"":false,""source_complete"":true,""source_parseable"":true}",pass,true
4B_complete_development200,2cf9a25a7874eff25361435e4dbf72ad89606f247704840968aad077cef15d1d,166,5e4acfd939a50610013fcf3a2ae304b749f8ae119091d469734b16abb96a6796,Mbpp/742,33,Ab2g_H1,qwen3.5:4b,area_tetrahedron,886ed363b9f868cbd4811b52c2c583484a0838bec0880bd2113db1aa3a7cdec6,886ed363b9f868cbd4811b52c2c583484a0838bec0880bd2113db1aa3a7cdec6,false,false,true,no_top_level_print,"{""assert_literal_entrypoint_selftest"":false,""assert_matches_public_selftest"":false,""assert_remains_top_level"":false,""builtin_print_unshadowed"":false,""entrypoint_unique"":true,""exactly_one_top_level_assert"":false,""exactly_one_top_level_print"":false,""extraction_unambiguous"":true,""function_segments_unchanged"":false,""no_other_unclassified_top_level_calls"":false,""output_parseable"":false,""print_adjacent_to_assert"":false,""print_arguments_safe"":false,""print_removed_from_top_level"":false,""source_complete"":true,""source_parseable"":true}",fail,true
4B_complete_development200,cf99db64a35afb5a6495067f5dbf64dbe75fba4cf64b638551d57ce2ff6f5759,167,61b4f6627a6424d06bc6c0c2621cf35384c5c465c00572b7c452cb2c1cc40cd4,Mbpp/742,44,Ab1_H0,qwen3.5:4b,area_tetrahedron,a6a285f3f3221aa47891140f8ec31cec07edf8deb112fa48b0884a0d6dcd3cfb,a6a285f3f3221aa47891140f8ec31cec07edf8deb112fa48b0884a0d6dcd3cfb,true,false,true,adjacent_assert_not_in_public_prompt,"{""assert_literal_entrypoint_selftest"":true,""assert_matches_public_selftest"":false,""assert_remains_top_level"":false,""builtin_print_unshadowed"":true,""entrypoint_unique"":true,""exactly_one_top_level_assert"":true,""exactly_one_top_level_print"":true,""extraction_unambiguous"":true,""function_segments_unchanged"":false,""no_other_unclassified_top_level_calls"":true,""output_parseable"":false,""print_adjacent_to_assert"":true,""print_arguments_safe"":true,""print_removed_from_top_level"":false,""source_complete"":true,""source_parseable"":true}",pass,true
4B_complete_development200,9be6384faf32387addaa646bd53063b9d6c69b8648b1ffb4a0ba1472adb08c05,168,d0aea71128ab2b59e751fce0bdf0db6dbb910db636a76c619639b5ca0afaa10f,Mbpp/742,44,Ab2g_H1,qwen3.5:4b,area_tetrahedron,a4042b70b9fa2e8ac2a02a4b39e9e036eeb9864523f641a6c853957a27b8281b,a4042b70b9fa2e8ac2a02a4b39e9e036eeb9864523f641a6c853957a27b8281b,false,false,true,no_top_level_print,"{""assert_literal_entrypoint_selftest"":false,""assert_matches_public_selftest"":false,""assert_remains_top_level"":false,""builtin_print_unshadowed"":false,""entrypoint_unique"":true,""exactly_one_top_level_assert"":false,""exactly_one_top_level_print"":false,""extraction_unambiguous"":true,""function_segments_unchanged"":false,""no_other_unclassified_top_level_calls"":false,""output_parseable"":false,""print_adjacent_to_assert"":false,""print_arguments_safe"":false,""print_removed_from_top_level"":false,""source_complete"":true,""source_parseable"":true}",fail,true
4B_complete_development200,ecf6207b3591bf6e361bf5575a379e8e6fec2c8a21ee616d175fb7202f2e294d,169,ace3cffb6cffd9d00bb24d47abc89a5e2e62cc7051ef0ef247d42e7860531793,Mbpp/742,55,Ab1_H0,qwen3.5:4b,area_tetrahedron,02145ba75c9e19889e01ccb7be24b75fb1975d752400960a48a8eb3aeb2bc787,02145ba75c9e19889e01ccb7be24b75fb1975d752400960a48a8eb3aeb2bc787,false,false,true,no_top_level_print,"{""assert_literal_entrypoint_selftest"":false,""assert_matches_public_selftest"":false,""assert_remains_top_level"":false,""builtin_print_unshadowed"":false,""entrypoint_unique"":true,""exactly_one_top_level_assert"":true,""exactly_one_top_level_print"":false,""extraction_unambiguous"":true,""function_segments_unchanged"":false,""no_other_unclassified_top_level_calls"":false,""output_parseable"":false,""print_adjacent_to_assert"":false,""print_arguments_safe"":false,""print_removed_from_top_level"":false,""source_complete"":true,""source_parseable"":true}",pass,true
4B_complete_development200,a4f291189c64f7968b301e98669e85ff70f9c8268c3a3bdf88931ed2be099c04,170,ab5005ba7c06a87c59e2f7ec098f3a89b3a89ba7bcf2776f4ba856e8caf193da,Mbpp/742,55,Ab2g_H1,qwen3.5:4b,area_tetrahedron,d90b5868dca0c93aadf08511d22e281c54962d74414f460977d6d63c59ebc0dd,d90b5868dca0c93aadf08511d22e281c54962d74414f460977d6d63c59ebc0dd,false,false,true,no_top_level_print,"{""assert_literal_entrypoint_selftest"":false,""assert_matches_public_selftest"":false,""assert_remains_top_level"":false,""builtin_print_unshadowed"":false,""entrypoint_unique"":true,""exactly_one_top_level_assert"":false,""exactly_one_top_level_print"":false,""extraction_unambiguous"":true,""function_segments_unchanged"":false,""no_other_unclassified_top_level_calls"":false,""output_parseable"":false,""print_adjacent_to_assert"":false,""print_arguments_safe"":false,""print_removed_from_top_level"":false,""source_complete"":true,""source_parseable"":true}",fail,true
4B_complete_development200,38c1c2e01fed2c011899bbb443e163914a3bf7b511cff3d1967bcd87002980e2,171,ad21c01ce33ad76c918e3823438a129ad01c19f570ed48d776d172107c915098,Mbpp/279,11,Ab1_H0,qwen3.5:4b,is_num_decagonal,0fd7e5d99034198a5f94df954ee350aac2937e6f633ad58526e5b46e6f564fe1,0fd7e5d99034198a5f94df954ee350aac2937e6f633ad58526e5b46e6f564fe1,true,false,true,print_arguments_not_literal_or_entrypoint_literal_call,"{""assert_literal_entrypoint_selftest"":true,""assert_matches_public_selftest"":true,""assert_remains_top_level"":false,""builtin_print_unshadowed"":true,""entrypoint_unique"":true,""exactly_one_top_level_assert"":true,""exactly_one_top_level_print"":true,""extraction_unambiguous"":true,""function_segments_unchanged"":false,""no_other_unclassified_top_level_calls"":true,""output_parseable"":false,""print_adjacent_to_assert"":true,""print_arguments_safe"":false,""print_removed_from_top_level"":false,""source_complete"":true,""source_parseable"":true}",pass,true
4B_complete_development200,7ad3d56851f950cdf203602421d82ed75501e397b12103210aef6796ee030668,172,3744472fa3c75895e5307ecc72a2726ed2063cd163d5dcb96552c3d9dbd07411,Mbpp/279,11,Ab2g_H1,qwen3.5:4b,is_num_decagonal,e62496ca7954b92e2b0883754de8d5c807b3ee4845d4c141fe1abcceb9f4bedc,e62496ca7954b92e2b0883754de8d5c807b3ee4845d4c141fe1abcceb9f4bedc,false,false,true,no_top_level_print,"{""assert_literal_entrypoint_selftest"":false,""assert_matches_public_selftest"":false,""assert_remains_top_level"":false,""builtin_print_unshadowed"":false,""entrypoint_unique"":true,""exactly_one_top_level_assert"":true,""exactly_one_top_level_print"":false,""extraction_unambiguous"":true,""function_segments_unchanged"":false,""no_other_unclassified_top_level_calls"":false,""output_parseable"":false,""print_adjacent_to_assert"":false,""print_arguments_safe"":false,""print_removed_from_top_level"":false,""source_complete"":true,""source_parseable"":true}",fail,true
4B_complete_development200,4097d311bc3d4bb9850b90dde1bede454df0fd1c9e6fc94f038057201245ad88,173,e69d683d64b2a6a0074b3f1e9eb572f148d1d4310eb5a0f3066bfe324423356f,Mbpp/279,22,Ab1_H0,qwen3.5:4b,is_num_decagonal,60fb5abc5ec0fb936d156f1e83b5d74822bbb83855273a47d27ba609b9ba6062,60fb5abc5ec0fb936d156f1e83b5d74822bbb83855273a47d27ba609b9ba6062,false,false,true,no_top_level_print,"{""assert_literal_entrypoint_selftest"":false,""assert_matches_public_selftest"":false,""assert_remains_top_level"":false,""builtin_print_unshadowed"":false,""entrypoint_unique"":true,""exactly_one_top_level_assert"":false,""exactly_one_top_level_print"":false,""extraction_unambiguous"":true,""function_segments_unchanged"":false,""no_other_unclassified_top_level_calls"":false,""output_parseable"":false,""print_adjacent_to_assert"":false,""print_arguments_safe"":false,""print_removed_from_top_level"":false,""source_complete"":true,""source_parseable"":true}",pass,true
4B_complete_development200,11aaef19dc7052d3cf5ff00f9a26cd61b4377b2f1578b4da7e043e288b7356e1,174,47f8789dd4c13241adb6e886d84510d0a03bfcf686bb95a7fe711e4394f4895a,Mbpp/279,22,Ab2g_H1,qwen3.5:4b,is_num_decagonal,57cc01358fbccdedad30baece6f240e33d8ca68c3b12cb3d4f134e83f4d0b48e,57cc01358fbccdedad30baece6f240e33d8ca68c3b12cb3d4f134e83f4d0b48e,false,false,true,no_top_level_print,"{""assert_literal_entrypoint_selftest"":false,""assert_matches_public_selftest"":false,""assert_remains_top_level"":false,""builtin_print_unshadowed"":false,""entrypoint_unique"":true,""exactly_one_top_level_assert"":true,""exactly_one_top_level_print"":false,""extraction_unambiguous"":true,""function_segments_unchanged"":false,""no_other_unclassified_top_level_calls"":false,""output_parseable"":false,""print_adjacent_to_assert"":false,""print_arguments_safe"":false,""print_removed_from_top_level"":false,""source_complete"":true,""source_parseable"":true}",fail,true
4B_complete_development200,89323c22d0607d4212bae290b80561dcd028d9a938577106f1610d9df554e7c9,175,b27945226be308d513e19b3bc8de355e8bff5c5456e7aca0e02943e00031d972,Mbpp/279,33,Ab1_H0,qwen3.5:4b,is_num_decagonal,8ae7479d9159e59bbd6d164eff0d00538e869cd204656323843c4c138ea21878,8ae7479d9159e59bbd6d164eff0d00538e869cd204656323843c4c138ea21878,true,false,true,print_arguments_not_literal_or_entrypoint_literal_call,"{""assert_literal_entrypoint_selftest"":true,""assert_matches_public_selftest"":true,""assert_remains_top_level"":false,""builtin_print_unshadowed"":true,""entrypoint_unique"":true,""exactly_one_top_level_assert"":true,""exactly_one_top_level_print"":true,""extraction_unambiguous"":true,""function_segments_unchanged"":false,""no_other_unclassified_top_level_calls"":true,""output_parseable"":false,""print_adjacent_to_assert"":true,""print_arguments_safe"":false,""print_removed_from_top_level"":false,""source_complete"":true,""source_parseable"":true}",pass,true
4B_complete_development200,5eb6d3bc756611fff3e5d37bf326bd57f5bfb019ae3b598bc336c75ce7b5e5a3,176,cfb0d6ffac81bc260404b3eff42c639365eb0e225e756fa3e2c5e226c559d918,Mbpp/279,33,Ab2g_H1,qwen3.5:4b,is_num_decagonal,6a5bc375d0dc580538f7e132b498be0fc3d6433b55e978ae51f384f0bd0ec093,6a5bc375d0dc580538f7e132b498be0fc3d6433b55e978ae51f384f0bd0ec093,false,false,true,no_top_level_print,"{""assert_literal_entrypoint_selftest"":false,""assert_matches_public_selftest"":false,""assert_remains_top_level"":false,""builtin_print_unshadowed"":false,""entrypoint_unique"":true,""exactly_one_top_level_assert"":false,""exactly_one_top_level_print"":false,""extraction_unambiguous"":true,""function_segments_unchanged"":false,""no_other_unclassified_top_level_calls"":false,""output_parseable"":false,""print_adjacent_to_assert"":false,""print_arguments_safe"":false,""print_removed_from_top_level"":false,""source_complete"":true,""source_parseable"":true}",fail,true
4B_complete_development200,2244c5a942ae743ffc0d615ed9dc20e07358e32ce58b8e1166b813e5816559d1,177,004c883eccd6e3f2cc204ae539c2ee37d290d4af3408647d95f21cdbe2e036fc,Mbpp/279,44,Ab1_H0,qwen3.5:4b,is_num_decagonal,d6027846c926fd4f17cd63e6034096b7b8c95548fd2cfad623b06d6e94279703,d6027846c926fd4f17cd63e6034096b7b8c95548fd2cfad623b06d6e94279703,true,false,true,print_arguments_not_literal_or_entrypoint_literal_call,"{""assert_literal_entrypoint_selftest"":true,""assert_matches_public_selftest"":true,""assert_remains_top_level"":false,""builtin_print_unshadowed"":true,""entrypoint_unique"":true,""exactly_one_top_level_assert"":true,""exactly_one_top_level_print"":true,""extraction_unambiguous"":true,""function_segments_unchanged"":false,""no_other_unclassified_top_level_calls"":true,""output_parseable"":false,""print_adjacent_to_assert"":true,""print_arguments_safe"":false,""print_removed_from_top_level"":false,""source_complete"":true,""source_parseable"":true}",pass,true
4B_complete_development200,5870c661401945210db4d474f12179483b925b64dc60973c9afb229bf92dc502,178,747e66387813dc2d70f6d00462f90adbcdc560920dacd2273ce99124104d5492,Mbpp/279,44,Ab2g_H1,qwen3.5:4b,is_num_decagonal,57cc01358fbccdedad30baece6f240e33d8ca68c3b12cb3d4f134e83f4d0b48e,57cc01358fbccdedad30baece6f240e33d8ca68c3b12cb3d4f134e83f4d0b48e,false,false,true,no_top_level_print,"{""assert_literal_entrypoint_selftest"":false,""assert_matches_public_selftest"":false,""assert_remains_top_level"":false,""builtin_print_unshadowed"":false,""entrypoint_unique"":true,""exactly_one_top_level_assert"":true,""exactly_one_top_level_print"":false,""extraction_unambiguous"":true,""function_segments_unchanged"":false,""no_other_unclassified_top_level_calls"":false,""output_parseable"":false,""print_adjacent_to_assert"":false,""print_arguments_safe"":false,""print_removed_from_top_level"":false,""source_complete"":true,""source_parseable"":true}",fail,true
4B_complete_development200,777b1c9fbcdd6f0c8290a1586c9792946e7dfd12b6ebb59f5c18933fe08e56ab,179,d61353bff9df0398cd921dec79b8b7ace01cff527e48cc1ac8a241017c0e20cf,Mbpp/279,55,Ab1_H0,qwen3.5:4b,is_num_decagonal,18b432795f814dd66fe5a3aa75e869fab075a8a6e85c78c6b5a21697dd606158,9919a03b664a9debf291b260fe10be99589f9d5da486cbcf134b9961e1ad3749,true,true,false,transformed_top_level_demo_print_quarantined,"{""assert_literal_entrypoint_selftest"":true,""assert_matches_public_selftest"":true,""assert_remains_top_level"":true,""builtin_print_unshadowed"":true,""entrypoint_unique"":true,""exactly_one_top_level_assert"":true,""exactly_one_top_level_print"":true,""extraction_unambiguous"":true,""function_segments_unchanged"":true,""no_other_unclassified_top_level_calls"":true,""output_parseable"":true,""print_adjacent_to_assert"":true,""print_arguments_safe"":true,""print_removed_from_top_level"":true,""source_complete"":true,""source_parseable"":true}",pass,true
4B_complete_development200,755e43366c7c6f8f57a95d6d9d5f5e6c90d592a0c888cfc53d6c1fbdee663e67,180,fd2f17d10557e01886d2422969b0802663095e5e76bbc5e7039604c1b0bcbf2d,Mbpp/279,55,Ab2g_H1,qwen3.5:4b,is_num_decagonal,1540e3bdf31ede000307d8c5cf9a795c8d787ed7446ea85f75b7dd02f7d806df,1540e3bdf31ede000307d8c5cf9a795c8d787ed7446ea85f75b7dd02f7d806df,false,false,true,no_top_level_print,"{""assert_literal_entrypoint_selftest"":false,""assert_matches_public_selftest"":false,""assert_remains_top_level"":false,""builtin_print_unshadowed"":false,""entrypoint_unique"":true,""exactly_one_top_level_assert"":false,""exactly_one_top_level_print"":false,""extraction_unambiguous"":true,""function_segments_unchanged"":false,""no_other_unclassified_top_level_calls"":false,""output_parseable"":false,""print_adjacent_to_assert"":false,""print_arguments_safe"":false,""print_removed_from_top_level"":false,""source_complete"":true,""source_parseable"":true}",fail,true
4B_complete_development200,f34afd35fb63e1c066cbc123b88ca739576bd2b1303870f1a1d478f721a5279d,181,b89b6dc8a6ba1c2e7d824da95631eabf34a29e4d4c28a7d53c3947a831c40aad,Mbpp/125,11,Ab1_H0,qwen3.5:4b,find_length,82ad10fa201f4b2ab147d95e3531202483ee039b33ff5b3c22b8bec15b809224,82ad10fa201f4b2ab147d95e3531202483ee039b33ff5b3c22b8bec15b809224,false,false,true,source_unparseable,"{""assert_literal_entrypoint_selftest"":false,""assert_matches_public_selftest"":false,""assert_remains_top_level"":false,""builtin_print_unshadowed"":false,""entrypoint_unique"":false,""exactly_one_top_level_assert"":false,""exactly_one_top_level_print"":false,""extraction_unambiguous"":false,""function_segments_unchanged"":false,""no_other_unclassified_top_level_calls"":false,""output_parseable"":false,""print_adjacent_to_assert"":false,""print_arguments_safe"":false,""print_removed_from_top_level"":false,""source_complete"":true,""source_parseable"":false}",not_evaluated,true
4B_complete_development200,0d1d1f6ffecb99d37312c2db5ac54ce91f2e129772c802677e929916a227ad94,182,aa09d448a361f42a822485c2d4570652dbdeb466a3d767ab387429b6f591fb44,Mbpp/125,11,Ab2g_H1,qwen3.5:4b,find_length,0e5832bafbdecec0a502a1bd46073a2b69a9abff0751651c53623456182ed710,0e5832bafbdecec0a502a1bd46073a2b69a9abff0751651c53623456182ed710,false,false,true,no_top_level_print,"{""assert_literal_entrypoint_selftest"":false,""assert_matches_public_selftest"":false,""assert_remains_top_level"":false,""builtin_print_unshadowed"":false,""entrypoint_unique"":true,""exactly_one_top_level_assert"":false,""exactly_one_top_level_print"":false,""extraction_unambiguous"":true,""function_segments_unchanged"":false,""no_other_unclassified_top_level_calls"":false,""output_parseable"":false,""print_adjacent_to_assert"":false,""print_arguments_safe"":false,""print_removed_from_top_level"":false,""source_complete"":true,""source_parseable"":true}",fail,true
4B_complete_development200,5d542770537e147d1be31889480c010c1ecb570ab96d84d226b54167ef547413,183,17c070390b509f9b36dbab49708a89da0ba933ab8118e4248f9c56ce2a16737d,Mbpp/125,22,Ab1_H0,qwen3.5:4b,find_length,27560dc1a73f3cef4639c006b87c416db7348f5ce3bb51933f9c0112615d8e9d,27560dc1a73f3cef4639c006b87c416db7348f5ce3bb51933f9c0112615d8e9d,false,false,true,source_unparseable,"{""assert_literal_entrypoint_selftest"":false,""assert_matches_public_selftest"":false,""assert_remains_top_level"":false,""builtin_print_unshadowed"":false,""entrypoint_unique"":false,""exactly_one_top_level_assert"":false,""exactly_one_top_level_print"":false,""extraction_unambiguous"":false,""function_segments_unchanged"":false,""no_other_unclassified_top_level_calls"":false,""output_parseable"":false,""print_adjacent_to_assert"":false,""print_arguments_safe"":false,""print_removed_from_top_level"":false,""source_complete"":false,""source_parseable"":false}",not_evaluated,true
4B_complete_development200,76235f4ca74d7f3e9e22f9b33e7e15f3d539e17713b5e554b820d5c75462586d,184,cbb7962c1070046fe86e56ab2d065c60b6bd5e340d24794850e0c3824f1d89ec,Mbpp/125,22,Ab2g_H1,qwen3.5:4b,find_length,9f8fc109c534208ef3798be309955065edf829bec85a24006fb22547784b5e66,9f8fc109c534208ef3798be309955065edf829bec85a24006fb22547784b5e66,false,false,true,no_top_level_print,"{""assert_literal_entrypoint_selftest"":false,""assert_matches_public_selftest"":false,""assert_remains_top_level"":false,""builtin_print_unshadowed"":false,""entrypoint_unique"":true,""exactly_one_top_level_assert"":true,""exactly_one_top_level_print"":false,""extraction_unambiguous"":true,""function_segments_unchanged"":false,""no_other_unclassified_top_level_calls"":false,""output_parseable"":false,""print_adjacent_to_assert"":false,""print_arguments_safe"":false,""print_removed_from_top_level"":false,""source_complete"":true,""source_parseable"":true}",pass,true
4B_complete_development200,81118e9d98499c41f3959f35d39fe3e1db51fc82dd4e82847dc1cb8ce8c38c6e,185,e56ebbe42fd68f967ddfe627a44d3599ab49b8b3957c3d752d8e603114c1ecda,Mbpp/125,33,Ab1_H0,qwen3.5:4b,find_length,8996098d5c73a10e63ef519f2f0b5cf5fffee583880a05fb281b29c57e673d6b,8996098d5c73a10e63ef519f2f0b5cf5fffee583880a05fb281b29c57e673d6b,false,false,true,no_top_level_print,"{""assert_literal_entrypoint_selftest"":false,""assert_matches_public_selftest"":false,""assert_remains_top_level"":false,""builtin_print_unshadowed"":false,""entrypoint_unique"":true,""exactly_one_top_level_assert"":true,""exactly_one_top_level_print"":false,""extraction_unambiguous"":true,""function_segments_unchanged"":false,""no_other_unclassified_top_level_calls"":false,""output_parseable"":false,""print_adjacent_to_assert"":false,""print_arguments_safe"":false,""print_removed_from_top_level"":false,""source_complete"":true,""source_parseable"":true}",pass,true
4B_complete_development200,1fbb0fcfd880774b56d5cf31373fa1968828a6a5bec4e7bb0aacda41642e988a,186,7c1ac3d2eb6e7bffd0d2b8e54077e0e852dbd39218c31a4cf7293af36ee5f126,Mbpp/125,33,Ab2g_H1,qwen3.5:4b,find_length,1e0ad82df6f459f4de789c57da16c7196dd49bce26f3aab21a3a73298c312dc9,1e0ad82df6f459f4de789c57da16c7196dd49bce26f3aab21a3a73298c312dc9,false,false,true,no_top_level_print,"{""assert_literal_entrypoint_selftest"":false,""assert_matches_public_selftest"":false,""assert_remains_top_level"":false,""builtin_print_unshadowed"":false,""entrypoint_unique"":true,""exactly_one_top_level_assert"":false,""exactly_one_top_level_print"":false,""extraction_unambiguous"":true,""function_segments_unchanged"":false,""no_other_unclassified_top_level_calls"":false,""output_parseable"":false,""print_adjacent_to_assert"":false,""print_arguments_safe"":false,""print_removed_from_top_level"":false,""source_complete"":true,""source_parseable"":true}",fail,true
4B_complete_development200,03f25b7a54187b05281994c6b28caaa80de1490881d20bf5032292557a35c15b,187,2cf7d634c2df8466aa32a286d836d0aa9e194bf9450b86218e0509ef39a001de,Mbpp/125,44,Ab1_H0,qwen3.5:4b,find_length,cb03d66a45f6c81da5efcf61ef320bf202e2177c1d70b37c11314ba476a94015,cb03d66a45f6c81da5efcf61ef320bf202e2177c1d70b37c11314ba476a94015,false,false,true,source_unparseable,"{""assert_literal_entrypoint_selftest"":false,""assert_matches_public_selftest"":false,""assert_remains_top_level"":false,""builtin_print_unshadowed"":false,""entrypoint_unique"":false,""exactly_one_top_level_assert"":false,""exactly_one_top_level_print"":false,""extraction_unambiguous"":true,""function_segments_unchanged"":false,""no_other_unclassified_top_level_calls"":false,""output_parseable"":false,""print_adjacent_to_assert"":false,""print_arguments_safe"":false,""print_removed_from_top_level"":false,""source_complete"":false,""source_parseable"":false}",fail,true
4B_complete_development200,f5070a2dd755ec56bfb8c2ca999a014b45f2f8bf9ae00ba7a15ba38886ffecb0,188,549e98f6b565ececad9f9c72744206b5ad336a3a57338f652b8f5781e2d98cc1,Mbpp/125,44,Ab2g_H1,qwen3.5:4b,find_length,bb781f7203a802eec20d2ee78bf9eeff91daba935e6b1e50dc25a46fbb16c01d,bb781f7203a802eec20d2ee78bf9eeff91daba935e6b1e50dc25a46fbb16c01d,false,false,true,no_top_level_print,"{""assert_literal_entrypoint_selftest"":false,""assert_matches_public_selftest"":false,""assert_remains_top_level"":false,""builtin_print_unshadowed"":false,""entrypoint_unique"":true,""exactly_one_top_level_assert"":true,""exactly_one_top_level_print"":false,""extraction_unambiguous"":true,""function_segments_unchanged"":false,""no_other_unclassified_top_level_calls"":false,""output_parseable"":false,""print_adjacent_to_assert"":false,""print_arguments_safe"":false,""print_removed_from_top_level"":false,""source_complete"":true,""source_parseable"":true}",fail,true
4B_complete_development200,09038d67d78ffd148466549b48906186aa0e2acb1cf1709e95e90b09c77740b5,189,03913725af01f79a939b55ab3394dedad801de93b0c87c5950753e0b401ee741,Mbpp/125,55,Ab1_H0,qwen3.5:4b,find_length,a1d82cd0b1f677d913caf8249dcf3add6776cd8ccfab4a1b93e8b38973a00da1,a1d82cd0b1f677d913caf8249dcf3add6776cd8ccfab4a1b93e8b38973a00da1,false,false,true,source_unparseable,"{""assert_literal_entrypoint_selftest"":false,""assert_matches_public_selftest"":false,""assert_remains_top_level"":false,""builtin_print_unshadowed"":false,""entrypoint_unique"":false,""exactly_one_top_level_assert"":false,""exactly_one_top_level_print"":false,""extraction_unambiguous"":true,""function_segments_unchanged"":false,""no_other_unclassified_top_level_calls"":false,""output_parseable"":false,""print_adjacent_to_assert"":false,""print_arguments_safe"":false,""print_removed_from_top_level"":false,""source_complete"":false,""source_parseable"":false}",fail,true
4B_complete_development200,a33632fc195fb3a7def0542a6e223ccf718725224e14e9fbdd8ecf2182ee6d41,190,ad479748567b7270eb3608f2b95e13fc225f4c3e61babcbd97de35b539631792,Mbpp/125,55,Ab2g_H1,qwen3.5:4b,find_length,4d47e3991601d0597740e73542040677e7c2deda50b72c0cc1096af75de79e89,4d47e3991601d0597740e73542040677e7c2deda50b72c0cc1096af75de79e89,false,false,true,no_top_level_print,"{""assert_literal_entrypoint_selftest"":false,""assert_matches_public_selftest"":false,""assert_remains_top_level"":false,""builtin_print_unshadowed"":false,""entrypoint_unique"":true,""exactly_one_top_level_assert"":true,""exactly_one_top_level_print"":false,""extraction_unambiguous"":true,""function_segments_unchanged"":false,""no_other_unclassified_top_level_calls"":false,""output_parseable"":false,""print_adjacent_to_assert"":false,""print_arguments_safe"":false,""print_removed_from_top_level"":false,""source_complete"":true,""source_parseable"":true}",pass,true
4B_complete_development200,7c7fa427ca110520f87c6fe88abe8ef58e3a6579f471e5da205b2e2442a9be04,191,c79c7088fcab670a687f4907cb0a2a102b7a8b8a2343b49d7d94f955d61017f7,Mbpp/603,11,Ab1_H0,qwen3.5:4b,get_ludic,35a8b5affe5253107731f4eb33123466629aa0c127cdba5b575d467211d63f0b,35a8b5affe5253107731f4eb33123466629aa0c127cdba5b575d467211d63f0b,false,false,true,source_unparseable,"{""assert_literal_entrypoint_selftest"":false,""assert_matches_public_selftest"":false,""assert_remains_top_level"":false,""builtin_print_unshadowed"":false,""entrypoint_unique"":false,""exactly_one_top_level_assert"":false,""exactly_one_top_level_print"":false,""extraction_unambiguous"":true,""function_segments_unchanged"":false,""no_other_unclassified_top_level_calls"":false,""output_parseable"":false,""print_adjacent_to_assert"":false,""print_arguments_safe"":false,""print_removed_from_top_level"":false,""source_complete"":false,""source_parseable"":false}",fail,true
4B_complete_development200,64b55f764e241e69524b31ae88bd1ace931eac2aaffee89170077374dc2fec6e,192,adfc430d154ffab1162c4749351d3dc0617e75725956cb5720294f1c9b37fbd5,Mbpp/603,11,Ab2g_H1,qwen3.5:4b,get_ludic,c729b671b0388274e084bf761b37b425774bade0d6969c9b78df8fb8b602d922,c729b671b0388274e084bf761b37b425774bade0d6969c9b78df8fb8b602d922,false,false,true,source_truncated_or_completion_unknown,"{""assert_literal_entrypoint_selftest"":false,""assert_matches_public_selftest"":false,""assert_remains_top_level"":false,""builtin_print_unshadowed"":false,""entrypoint_unique"":true,""exactly_one_top_level_assert"":false,""exactly_one_top_level_print"":false,""extraction_unambiguous"":true,""function_segments_unchanged"":false,""no_other_unclassified_top_level_calls"":false,""output_parseable"":false,""print_adjacent_to_assert"":false,""print_arguments_safe"":false,""print_removed_from_top_level"":false,""source_complete"":false,""source_parseable"":true}",fail,true
4B_complete_development200,393d75762067492c8baa3c9ac2194d168b7ccb84eac98d286ef814bb9830be3b,193,608ebaafeff534e6b01979c823b000ad5ef98b2b321b799192a019930cc23c7d,Mbpp/603,22,Ab1_H0,qwen3.5:4b,get_ludic,b9602b753c6db9c1e14fbb4d2b78f7534e38d853a370b1fed49fc57418fc4753,b9602b753c6db9c1e14fbb4d2b78f7534e38d853a370b1fed49fc57418fc4753,false,false,true,source_unparseable,"{""assert_literal_entrypoint_selftest"":false,""assert_matches_public_selftest"":false,""assert_remains_top_level"":false,""builtin_print_unshadowed"":false,""entrypoint_unique"":false,""exactly_one_top_level_assert"":false,""exactly_one_top_level_print"":false,""extraction_unambiguous"":true,""function_segments_unchanged"":false,""no_other_unclassified_top_level_calls"":false,""output_parseable"":false,""print_adjacent_to_assert"":false,""print_arguments_safe"":false,""print_removed_from_top_level"":false,""source_complete"":false,""source_parseable"":false}",fail,true
4B_complete_development200,2f77dd36539cc67c3b988a9a9ff91bcdfe02b8c7e01206a7a52bf75599e81c72,194,ee81aaff81892694e3d39f39a599a4d236ec99ee9e4d131babf00fc348496c1f,Mbpp/603,22,Ab2g_H1,qwen3.5:4b,get_ludic,5a5eaa958a60270d31d5731f3232278e69791bdf50defa44000774df5d9005e3,5a5eaa958a60270d31d5731f3232278e69791bdf50defa44000774df5d9005e3,false,false,true,source_truncated_or_completion_unknown,"{""assert_literal_entrypoint_selftest"":false,""assert_matches_public_selftest"":false,""assert_remains_top_level"":false,""builtin_print_unshadowed"":false,""entrypoint_unique"":true,""exactly_one_top_level_assert"":false,""exactly_one_top_level_print"":false,""extraction_unambiguous"":true,""function_segments_unchanged"":false,""no_other_unclassified_top_level_calls"":false,""output_parseable"":false,""print_adjacent_to_assert"":false,""print_arguments_safe"":false,""print_removed_from_top_level"":false,""source_complete"":false,""source_parseable"":true}",fail,true
4B_complete_development200,df4767f44945a765bb2a03ec10e34b13c7f7d15ea2745f658ba628f397decb45,195,d730d85aa7a446f83513464fd41eb62701572928ec303fa726f8084e97da10a5,Mbpp/603,33,Ab1_H0,qwen3.5:4b,get_ludic,4ea5d8b26e2bbe13d5615edeadece198dd5e61db5e455cd1de3a06b171594b1a,4ea5d8b26e2bbe13d5615edeadece198dd5e61db5e455cd1de3a06b171594b1a,false,false,true,source_unparseable,"{""assert_literal_entrypoint_selftest"":false,""assert_matches_public_selftest"":false,""assert_remains_top_level"":false,""builtin_print_unshadowed"":false,""entrypoint_unique"":false,""exactly_one_top_level_assert"":false,""exactly_one_top_level_print"":false,""extraction_unambiguous"":true,""function_segments_unchanged"":false,""no_other_unclassified_top_level_calls"":false,""output_parseable"":false,""print_adjacent_to_assert"":false,""print_arguments_safe"":false,""print_removed_from_top_level"":false,""source_complete"":false,""source_parseable"":false}",fail,true
4B_complete_development200,c045304e8b2ae08d9d1c8be4b775b0397fbd6d3e14796de6e1811a98a7b2a35e,196,a6e1be1fbd24492726022274aa780254e75d517da0c989381c3bb825d0988e18,Mbpp/603,33,Ab2g_H1,qwen3.5:4b,get_ludic,9ca389d4b34ca208f2e61ff67aef1d6bef4b5b75e223cdb7ce1be5f4eecb2176,9ca389d4b34ca208f2e61ff67aef1d6bef4b5b75e223cdb7ce1be5f4eecb2176,false,false,true,source_truncated_or_completion_unknown,"{""assert_literal_entrypoint_selftest"":false,""assert_matches_public_selftest"":false,""assert_remains_top_level"":false,""builtin_print_unshadowed"":false,""entrypoint_unique"":true,""exactly_one_top_level_assert"":false,""exactly_one_top_level_print"":false,""extraction_unambiguous"":true,""function_segments_unchanged"":false,""no_other_unclassified_top_level_calls"":false,""output_parseable"":false,""print_adjacent_to_assert"":false,""print_arguments_safe"":false,""print_removed_from_top_level"":false,""source_complete"":false,""source_parseable"":true}",fail,true
4B_complete_development200,a0ecaf7be15ddc0899b75e49d6eff32f3088d6f29f3441f52f153e404eeffa1c,197,319ff240f39a5af3840a24eddaae4a4238d5c9fb98ebb45b73857b2231207f94,Mbpp/603,44,Ab1_H0,qwen3.5:4b,get_ludic,a2753ec42ce017ddddc59818f19d6b06803b8e8f8255153b139b90686a5195ee,a2753ec42ce017ddddc59818f19d6b06803b8e8f8255153b139b90686a5195ee,false,false,true,source_unparseable,"{""assert_literal_entrypoint_selftest"":false,""assert_matches_public_selftest"":false,""assert_remains_top_level"":false,""builtin_print_unshadowed"":false,""entrypoint_unique"":false,""exactly_one_top_level_assert"":false,""exactly_one_top_level_print"":false,""extraction_unambiguous"":true,""function_segments_unchanged"":false,""no_other_unclassified_top_level_calls"":false,""output_parseable"":false,""print_adjacent_to_assert"":false,""print_arguments_safe"":false,""print_removed_from_top_level"":false,""source_complete"":false,""source_parseable"":false}",fail,true
4B_complete_development200,a687347dd5ea191ab48fa4faa25f69eb0414e66aac11093bb6407147306fb39e,198,901ec89f77c9f340789076db29308466e676826ba7a1b524bd4694283e07eebc,Mbpp/603,44,Ab2g_H1,qwen3.5:4b,get_ludic,716efa90d07c276de7411af9e7745c3b599a7c0a8cb4a3536509037dbabdb0e0,716efa90d07c276de7411af9e7745c3b599a7c0a8cb4a3536509037dbabdb0e0,false,false,true,source_unparseable,"{""assert_literal_entrypoint_selftest"":false,""assert_matches_public_selftest"":false,""assert_remains_top_level"":false,""builtin_print_unshadowed"":false,""entrypoint_unique"":false,""exactly_one_top_level_assert"":false,""exactly_one_top_level_print"":false,""extraction_unambiguous"":true,""function_segments_unchanged"":false,""no_other_unclassified_top_level_calls"":false,""output_parseable"":false,""print_adjacent_to_assert"":false,""print_arguments_safe"":false,""print_removed_from_top_level"":false,""source_complete"":false,""source_parseable"":false}",fail,true
4B_complete_development200,58481dcddc25a5ec952a10488bc2af44c8bbd279c9e4691809991aa21a8b2b28,199,3cb4fe7d6a9df503c845581f5a44bc19d256854474c03141bc5304f670af4367,Mbpp/603,55,Ab1_H0,qwen3.5:4b,get_ludic,45da17516b4d0ebe09b2bae6a6c07d0f13ef75de26c2cef1c4e3c876bdf8f6b8,45da17516b4d0ebe09b2bae6a6c07d0f13ef75de26c2cef1c4e3c876bdf8f6b8,false,false,true,source_unparseable,"{""assert_literal_entrypoint_selftest"":false,""assert_matches_public_selftest"":false,""assert_remains_top_level"":false,""builtin_print_unshadowed"":false,""entrypoint_unique"":false,""exactly_one_top_level_assert"":false,""exactly_one_top_level_print"":false,""extraction_unambiguous"":true,""function_segments_unchanged"":false,""no_other_unclassified_top_level_calls"":false,""output_parseable"":false,""print_adjacent_to_assert"":false,""print_arguments_safe"":false,""print_removed_from_top_level"":false,""source_complete"":false,""source_parseable"":false}",fail,true
4B_complete_development200,6f1868c6201f5c6ede7f4200cc60545eb82f71941cdf158dc22c1e4eb1397dfe,200,277e1c6f32c50588d325ed7234718d23f34b39af5c5c618d0d8fb4feae391af0,Mbpp/603,55,Ab2g_H1,qwen3.5:4b,get_ludic,3ef86e731800ebe4771b45a171d756f003542c2db755a774f2a97b94b2cb0c6f,3ef86e731800ebe4771b45a171d756f003542c2db755a774f2a97b94b2cb0c6f,false,false,true,entry_point_multiple,"{""assert_literal_entrypoint_selftest"":false,""assert_matches_public_selftest"":false,""assert_remains_top_level"":false,""builtin_print_unshadowed"":false,""entrypoint_unique"":false,""exactly_one_top_level_assert"":false,""exactly_one_top_level_print"":false,""extraction_unambiguous"":true,""function_segments_unchanged"":false,""no_other_unclassified_top_level_calls"":false,""output_parseable"":false,""print_adjacent_to_assert"":false,""print_arguments_safe"":false,""print_removed_from_top_level"":false,""source_complete"":true,""source_parseable"":true}",fail,true
9B_complete_development300,fc6fa5bd9f3b1dd6835220a2af4c7324cdff749be841c8753292bd778a3c657f,1,fc6fa5bd9f3b1dd6835220a2af4c7324cdff749be841c8753292bd778a3c657f,Mbpp/633,11,Candidate_B_H0,qwen3.5:9b,pair_xor_Sum,b589f2330fe4a86bb0f1490783914a33a61a906c7b17818328586380b5932807,b589f2330fe4a86bb0f1490783914a33a61a906c7b17818328586380b5932807,false,false,true,no_top_level_print,"{""assert_literal_entrypoint_selftest"":false,""assert_matches_public_selftest"":false,""assert_remains_top_level"":false,""builtin_print_unshadowed"":false,""entrypoint_unique"":true,""exactly_one_top_level_assert"":false,""exactly_one_top_level_print"":false,""extraction_unambiguous"":true,""function_segments_unchanged"":false,""no_other_unclassified_top_level_calls"":false,""output_parseable"":false,""print_adjacent_to_assert"":false,""print_arguments_safe"":false,""print_removed_from_top_level"":false,""source_complete"":true,""source_parseable"":true}",fail,true
9B_complete_development300,80e9e1cc3a249dd8da36d260f934304728b7eb6a6438bdb0f851e45f47ab74bb,2,80e9e1cc3a249dd8da36d260f934304728b7eb6a6438bdb0f851e45f47ab74bb,Mbpp/633,22,Candidate_B_H0,qwen3.5:9b,pair_xor_Sum,8091229a4f06f27a90ff4f19e74c15f59bf1d810415db39b240f3a8a76135947,8091229a4f06f27a90ff4f19e74c15f59bf1d810415db39b240f3a8a76135947,false,false,true,no_top_level_print,"{""assert_literal_entrypoint_selftest"":false,""assert_matches_public_selftest"":false,""assert_remains_top_level"":false,""builtin_print_unshadowed"":false,""entrypoint_unique"":true,""exactly_one_top_level_assert"":false,""exactly_one_top_level_print"":false,""extraction_unambiguous"":true,""function_segments_unchanged"":false,""no_other_unclassified_top_level_calls"":false,""output_parseable"":false,""print_adjacent_to_assert"":false,""print_arguments_safe"":false,""print_removed_from_top_level"":false,""source_complete"":true,""source_parseable"":true}",fail,true
9B_complete_development300,c0c3cb24fc5d28ad23b148ccbebed6139d95e7086ae028e689fc30b7c0413d4a,3,c0c3cb24fc5d28ad23b148ccbebed6139d95e7086ae028e689fc30b7c0413d4a,Mbpp/633,33,Candidate_B_H0,qwen3.5:9b,pair_xor_Sum,d5683b06081a57c01f79777b7c835e3d72e63f69d1a4e71da1cac6464c482817,d5683b06081a57c01f79777b7c835e3d72e63f69d1a4e71da1cac6464c482817,false,false,true,entry_point_multiple,"{""assert_literal_entrypoint_selftest"":false,""assert_matches_public_selftest"":false,""assert_remains_top_level"":false,""builtin_print_unshadowed"":false,""entrypoint_unique"":false,""exactly_one_top_level_assert"":false,""exactly_one_top_level_print"":false,""extraction_unambiguous"":true,""function_segments_unchanged"":false,""no_other_unclassified_top_level_calls"":false,""output_parseable"":false,""print_adjacent_to_assert"":false,""print_arguments_safe"":false,""print_removed_from_top_level"":false,""source_complete"":true,""source_parseable"":true}",fail,true
9B_complete_development300,9ad0aec70e9293ceb0bd48dd62d61cd09be24b487b3158726bf9b037a4c72d20,4,9ad0aec70e9293ceb0bd48dd62d61cd09be24b487b3158726bf9b037a4c72d20,Mbpp/633,44,Candidate_B_H0,qwen3.5:9b,pair_xor_Sum,0bf3841b521e73bf38c8d932108b3f2bbd2598b9a557d4c021ccc680fa781fea,0bf3841b521e73bf38c8d932108b3f2bbd2598b9a557d4c021ccc680fa781fea,false,false,true,no_top_level_print,"{""assert_literal_entrypoint_selftest"":false,""assert_matches_public_selftest"":false,""assert_remains_top_level"":false,""builtin_print_unshadowed"":false,""entrypoint_unique"":true,""exactly_one_top_level_assert"":false,""exactly_one_top_level_print"":false,""extraction_unambiguous"":true,""function_segments_unchanged"":false,""no_other_unclassified_top_level_calls"":false,""output_parseable"":false,""print_adjacent_to_assert"":false,""print_arguments_safe"":false,""print_removed_from_top_level"":false,""source_complete"":true,""source_parseable"":true}",fail,true
9B_complete_development300,31213b4e7d52c7e2991c5a31ed8d7d24e07a16b756a5bb326348e488aba8d5e9,5,31213b4e7d52c7e2991c5a31ed8d7d24e07a16b756a5bb326348e488aba8d5e9,Mbpp/633,55,Candidate_B_H0,qwen3.5:9b,pair_xor_Sum,a44009c42fdf1f88c8b513d7800404da7a39cad6efc450987d557e23c7ead85c,a44009c42fdf1f88c8b513d7800404da7a39cad6efc450987d557e23c7ead85c,false,false,true,no_top_level_print,"{""assert_literal_entrypoint_selftest"":false,""assert_matches_public_selftest"":false,""assert_remains_top_level"":false,""builtin_print_unshadowed"":false,""entrypoint_unique"":true,""exactly_one_top_level_assert"":false,""exactly_one_top_level_print"":false,""extraction_unambiguous"":true,""function_segments_unchanged"":false,""no_other_unclassified_top_level_calls"":false,""output_parseable"":false,""print_adjacent_to_assert"":false,""print_arguments_safe"":false,""print_removed_from_top_level"":false,""source_complete"":true,""source_parseable"":true}",fail,true
9B_complete_development300,578c5bf9895c10e09e10e0c1194a2ddf6b87d783e19582571098150b36269dea,6,578c5bf9895c10e09e10e0c1194a2ddf6b87d783e19582571098150b36269dea,Mbpp/769,11,Candidate_B_H0,qwen3.5:9b,Diff,fc786c85d2c43c870eeda640acb50dc586ec39c880d8e71deda68818d8dcb2b1,fc786c85d2c43c870eeda640acb50dc586ec39c880d8e71deda68818d8dcb2b1,false,false,true,no_top_level_print,"{""assert_literal_entrypoint_selftest"":false,""assert_matches_public_selftest"":false,""assert_remains_top_level"":false,""builtin_print_unshadowed"":false,""entrypoint_unique"":true,""exactly_one_top_level_assert"":false,""exactly_one_top_level_print"":false,""extraction_unambiguous"":true,""function_segments_unchanged"":false,""no_other_unclassified_top_level_calls"":false,""output_parseable"":false,""print_adjacent_to_assert"":false,""print_arguments_safe"":false,""print_removed_from_top_level"":false,""source_complete"":true,""source_parseable"":true}",fail,true
9B_complete_development300,32edbe1532826de4a3416eb06e43c97bc8b4687cce8161729414d2811d583c85,7,32edbe1532826de4a3416eb06e43c97bc8b4687cce8161729414d2811d583c85,Mbpp/769,22,Candidate_B_H0,qwen3.5:9b,Diff,9c73960f4d24aa953a7530bc6e3411f71d38f0ce414fc1fb21b268e1d23edd5a,9c73960f4d24aa953a7530bc6e3411f71d38f0ce414fc1fb21b268e1d23edd5a,false,false,true,no_top_level_print,"{""assert_literal_entrypoint_selftest"":false,""assert_matches_public_selftest"":false,""assert_remains_top_level"":false,""builtin_print_unshadowed"":false,""entrypoint_unique"":true,""exactly_one_top_level_assert"":false,""exactly_one_top_level_print"":false,""extraction_unambiguous"":true,""function_segments_unchanged"":false,""no_other_unclassified_top_level_calls"":false,""output_parseable"":false,""print_adjacent_to_assert"":false,""print_arguments_safe"":false,""print_removed_from_top_level"":false,""source_complete"":true,""source_parseable"":true}",fail,true
9B_complete_development300,e62f5c9713692a4bae0ae1ba5077e0b37b46e00fcaf9312de4d72a4c05f849ef,8,e62f5c9713692a4bae0ae1ba5077e0b37b46e00fcaf9312de4d72a4c05f849ef,Mbpp/769,33,Candidate_B_H0,qwen3.5:9b,Diff,3796e8bb741ca0284d2712dc154ccd6107cba83bd2e578dfd544352e45553399,3796e8bb741ca0284d2712dc154ccd6107cba83bd2e578dfd544352e45553399,false,false,true,no_top_level_print,"{""assert_literal_entrypoint_selftest"":false,""assert_matches_public_selftest"":false,""assert_remains_top_level"":false,""builtin_print_unshadowed"":false,""entrypoint_unique"":true,""exactly_one_top_level_assert"":true,""exactly_one_top_level_print"":false,""extraction_unambiguous"":true,""function_segments_unchanged"":false,""no_other_unclassified_top_level_calls"":false,""output_parseable"":false,""print_adjacent_to_assert"":false,""print_arguments_safe"":false,""print_removed_from_top_level"":false,""source_complete"":true,""source_parseable"":true}",fail,true
9B_complete_development300,1ad9aa1f3690e77628cb0d4db2bb1e46e3dd763ff73a464291e3f095b9f6a3cf,9,1ad9aa1f3690e77628cb0d4db2bb1e46e3dd763ff73a464291e3f095b9f6a3cf,Mbpp/769,44,Candidate_B_H0,qwen3.5:9b,Diff,7e067b71e0cd260f7c2ba23fd3b8f280dd5b511a20ff2f6fed78cd3454727986,7e067b71e0cd260f7c2ba23fd3b8f280dd5b511a20ff2f6fed78cd3454727986,false,false,true,no_top_level_print,"{""assert_literal_entrypoint_selftest"":false,""assert_matches_public_selftest"":false,""assert_remains_top_level"":false,""builtin_print_unshadowed"":false,""entrypoint_unique"":true,""exactly_one_top_level_assert"":false,""exactly_one_top_level_print"":false,""extraction_unambiguous"":true,""function_segments_unchanged"":false,""no_other_unclassified_top_level_calls"":false,""output_parseable"":false,""print_adjacent_to_assert"":false,""print_arguments_safe"":false,""print_removed_from_top_level"":false,""source_complete"":true,""source_parseable"":true}",fail,true
9B_complete_development300,0c9f29239bdf609a6306524184cfbb830eeb41becd9d31709931fb300234c7a3,10,0c9f29239bdf609a6306524184cfbb830eeb41becd9d31709931fb300234c7a3,Mbpp/769,55,Candidate_B_H0,qwen3.5:9b,Diff,9c73960f4d24aa953a7530bc6e3411f71d38f0ce414fc1fb21b268e1d23edd5a,9c73960f4d24aa953a7530bc6e3411f71d38f0ce414fc1fb21b268e1d23edd5a,false,false,true,no_top_level_print,"{""assert_literal_entrypoint_selftest"":false,""assert_matches_public_selftest"":false,""assert_remains_top_level"":false,""builtin_print_unshadowed"":false,""entrypoint_unique"":true,""exactly_one_top_level_assert"":false,""exactly_one_top_level_print"":false,""extraction_unambiguous"":true,""function_segments_unchanged"":false,""no_other_unclassified_top_level_calls"":false,""output_parseable"":false,""print_adjacent_to_assert"":false,""print_arguments_safe"":false,""print_removed_from_top_level"":false,""source_complete"":true,""source_parseable"":true}",fail,true
9B_complete_development300,ea70815264067bd6256a96490cc351765a4697a3c788908648b81b53bbb931de,11,ea70815264067bd6256a96490cc351765a4697a3c788908648b81b53bbb931de,Mbpp/453,11,Candidate_B_H0,qwen3.5:9b,sumofFactors,0e233b9d167da0837e42f6a1559648ed892079e522f761102b8c11ffac84dc97,0e233b9d167da0837e42f6a1559648ed892079e522f761102b8c11ffac84dc97,false,false,true,no_top_level_print,"{""assert_literal_entrypoint_selftest"":false,""assert_matches_public_selftest"":false,""assert_remains_top_level"":false,""builtin_print_unshadowed"":false,""entrypoint_unique"":true,""exactly_one_top_level_assert"":false,""exactly_one_top_level_print"":false,""extraction_unambiguous"":true,""function_segments_unchanged"":false,""no_other_unclassified_top_level_calls"":false,""output_parseable"":false,""print_adjacent_to_assert"":false,""print_arguments_safe"":false,""print_removed_from_top_level"":false,""source_complete"":true,""source_parseable"":true}",pass,true
9B_complete_development300,44a28a73b0e9345340ea5b671bf60b3ca7c66b700f3f6ba365eb0e2b3a395b36,12,44a28a73b0e9345340ea5b671bf60b3ca7c66b700f3f6ba365eb0e2b3a395b36,Mbpp/453,22,Candidate_B_H0,qwen3.5:9b,sumofFactors,0e233b9d167da0837e42f6a1559648ed892079e522f761102b8c11ffac84dc97,0e233b9d167da0837e42f6a1559648ed892079e522f761102b8c11ffac84dc97,false,false,true,no_top_level_print,"{""assert_literal_entrypoint_selftest"":false,""assert_matches_public_selftest"":false,""assert_remains_top_level"":false,""builtin_print_unshadowed"":false,""entrypoint_unique"":true,""exactly_one_top_level_assert"":false,""exactly_one_top_level_print"":false,""extraction_unambiguous"":true,""function_segments_unchanged"":false,""no_other_unclassified_top_level_calls"":false,""output_parseable"":false,""print_adjacent_to_assert"":false,""print_arguments_safe"":false,""print_removed_from_top_level"":false,""source_complete"":true,""source_parseable"":true}",pass,true
9B_complete_development300,a8cc77c47887d09f27557241c84bfaa8363434b4ae7bff389b1d83d7ebb7415c,13,a8cc77c47887d09f27557241c84bfaa8363434b4ae7bff389b1d83d7ebb7415c,Mbpp/453,33,Candidate_B_H0,qwen3.5:9b,sumofFactors,0e233b9d167da0837e42f6a1559648ed892079e522f761102b8c11ffac84dc97,0e233b9d167da0837e42f6a1559648ed892079e522f761102b8c11ffac84dc97,false,false,true,no_top_level_print,"{""assert_literal_entrypoint_selftest"":false,""assert_matches_public_selftest"":false,""assert_remains_top_level"":false,""builtin_print_unshadowed"":false,""entrypoint_unique"":true,""exactly_one_top_level_assert"":false,""exactly_one_top_level_print"":false,""extraction_unambiguous"":true,""function_segments_unchanged"":false,""no_other_unclassified_top_level_calls"":false,""output_parseable"":false,""print_adjacent_to_assert"":false,""print_arguments_safe"":false,""print_removed_from_top_level"":false,""source_complete"":true,""source_parseable"":true}",pass,true
9B_complete_development300,2781dbde88a2957a960ccbc055302dd20e7ffd049b8c2363393b27871117529d,14,2781dbde88a2957a960ccbc055302dd20e7ffd049b8c2363393b27871117529d,Mbpp/453,44,Candidate_B_H0,qwen3.5:9b,sumofFactors,0e233b9d167da0837e42f6a1559648ed892079e522f761102b8c11ffac84dc97,0e233b9d167da0837e42f6a1559648ed892079e522f761102b8c11ffac84dc97,false,false,true,no_top_level_print,"{""assert_literal_entrypoint_selftest"":false,""assert_matches_public_selftest"":false,""assert_remains_top_level"":false,""builtin_print_unshadowed"":false,""entrypoint_unique"":true,""exactly_one_top_level_assert"":false,""exactly_one_top_level_print"":false,""extraction_unambiguous"":true,""function_segments_unchanged"":false,""no_other_unclassified_top_level_calls"":false,""output_parseable"":false,""print_adjacent_to_assert"":false,""print_arguments_safe"":false,""print_removed_from_top_level"":false,""source_complete"":true,""source_parseable"":true}",pass,true
9B_complete_development300,94ef3454306895230ee8632ba4d6a70141364cfa2ceb04dce00ffa98b8aea848,15,94ef3454306895230ee8632ba4d6a70141364cfa2ceb04dce00ffa98b8aea848,Mbpp/453,55,Candidate_B_H0,qwen3.5:9b,sumofFactors,0e233b9d167da0837e42f6a1559648ed892079e522f761102b8c11ffac84dc97,0e233b9d167da0837e42f6a1559648ed892079e522f761102b8c11ffac84dc97,false,false,true,no_top_level_print,"{""assert_literal_entrypoint_selftest"":false,""assert_matches_public_selftest"":false,""assert_remains_top_level"":false,""builtin_print_unshadowed"":false,""entrypoint_unique"":true,""exactly_one_top_level_assert"":false,""exactly_one_top_level_print"":false,""extraction_unambiguous"":true,""function_segments_unchanged"":false,""no_other_unclassified_top_level_calls"":false,""output_parseable"":false,""print_adjacent_to_assert"":false,""print_arguments_safe"":false,""print_removed_from_top_level"":false,""source_complete"":true,""source_parseable"":true}",pass,true
9B_complete_development300,8d29dd7b90d6f6d5d40952fa779359cdfdffae349a2878878b394031ed030d8a,16,8d29dd7b90d6f6d5d40952fa779359cdfdffae349a2878878b394031ed030d8a,Mbpp/259,11,Candidate_B_H0,qwen3.5:9b,maximize_elements,994aba1f5782443bc9f1de7710382dca0aa1d9fd4c5af962a7c6759d6b9a1481,994aba1f5782443bc9f1de7710382dca0aa1d9fd4c5af962a7c6759d6b9a1481,false,false,true,entry_point_multiple,"{""assert_literal_entrypoint_selftest"":false,""assert_matches_public_selftest"":false,""assert_remains_top_level"":false,""builtin_print_unshadowed"":false,""entrypoint_unique"":false,""exactly_one_top_level_assert"":false,""exactly_one_top_level_print"":false,""extraction_unambiguous"":true,""function_segments_unchanged"":false,""no_other_unclassified_top_level_calls"":false,""output_parseable"":false,""print_adjacent_to_assert"":false,""print_arguments_safe"":false,""print_removed_from_top_level"":false,""source_complete"":true,""source_parseable"":true}",fail,true
9B_complete_development300,715b29866f22383f12f9a8b341014bd83144371aea4d16d59bc52ad14c1ed5ff,17,715b29866f22383f12f9a8b341014bd83144371aea4d16d59bc52ad14c1ed5ff,Mbpp/259,22,Candidate_B_H0,qwen3.5:9b,maximize_elements,60fa55fffb14251788c4e5c2ee61bf950073cea52810e5c0d9a6b004f3d7a523,60fa55fffb14251788c4e5c2ee61bf950073cea52810e5c0d9a6b004f3d7a523,false,false,true,no_top_level_print,"{""assert_literal_entrypoint_selftest"":false,""assert_matches_public_selftest"":false,""assert_remains_top_level"":false,""builtin_print_unshadowed"":false,""entrypoint_unique"":true,""exactly_one_top_level_assert"":false,""exactly_one_top_level_print"":false,""extraction_unambiguous"":true,""function_segments_unchanged"":false,""no_other_unclassified_top_level_calls"":false,""output_parseable"":false,""print_adjacent_to_assert"":false,""print_arguments_safe"":false,""print_removed_from_top_level"":false,""source_complete"":true,""source_parseable"":true}",pass,true
9B_complete_development300,df83121aa454079146b46bfe4161084e77b371619c303f74a0ad99968aa72fc1,18,df83121aa454079146b46bfe4161084e77b371619c303f74a0ad99968aa72fc1,Mbpp/259,33,Candidate_B_H0,qwen3.5:9b,maximize_elements,60fa55fffb14251788c4e5c2ee61bf950073cea52810e5c0d9a6b004f3d7a523,60fa55fffb14251788c4e5c2ee61bf950073cea52810e5c0d9a6b004f3d7a523,false,false,true,no_top_level_print,"{""assert_literal_entrypoint_selftest"":false,""assert_matches_public_selftest"":false,""assert_remains_top_level"":false,""builtin_print_unshadowed"":false,""entrypoint_unique"":true,""exactly_one_top_level_assert"":false,""exactly_one_top_level_print"":false,""extraction_unambiguous"":true,""function_segments_unchanged"":false,""no_other_unclassified_top_level_calls"":false,""output_parseable"":false,""print_adjacent_to_assert"":false,""print_arguments_safe"":false,""print_removed_from_top_level"":false,""source_complete"":true,""source_parseable"":true}",pass,true
9B_complete_development300,e12feb3667f7a809b689e3e42dafe4383bdfdde20626cc3ba890655d92a61d7f,19,e12feb3667f7a809b689e3e42dafe4383bdfdde20626cc3ba890655d92a61d7f,Mbpp/259,44,Candidate_B_H0,qwen3.5:9b,maximize_elements,29e72c225f1bdead2c155139713a5c910fb4e3bc6e1faffcd71d977b92c6f84a,29e72c225f1bdead2c155139713a5c910fb4e3bc6e1faffcd71d977b92c6f84a,false,false,true,no_top_level_print,"{""assert_literal_entrypoint_selftest"":false,""assert_matches_public_selftest"":false,""assert_remains_top_level"":false,""builtin_print_unshadowed"":false,""entrypoint_unique"":true,""exactly_one_top_level_assert"":false,""exactly_one_top_level_print"":false,""extraction_unambiguous"":true,""function_segments_unchanged"":false,""no_other_unclassified_top_level_calls"":false,""output_parseable"":false,""print_adjacent_to_assert"":false,""print_arguments_safe"":false,""print_removed_from_top_level"":false,""source_complete"":true,""source_parseable"":true}",fail,true
9B_complete_development300,5ef6718c2654fa2ab77db1db8fc0b40818e75c3529e587621d9249dd8ac70e3e,20,5ef6718c2654fa2ab77db1db8fc0b40818e75c3529e587621d9249dd8ac70e3e,Mbpp/259,55,Candidate_B_H0,qwen3.5:9b,maximize_elements,76739e744cc921fcfef501d82c691ffe95288cb8629ddfdd0475d656ae1c8311,76739e744cc921fcfef501d82c691ffe95288cb8629ddfdd0475d656ae1c8311,false,false,true,no_top_level_print,"{""assert_literal_entrypoint_selftest"":false,""assert_matches_public_selftest"":false,""assert_remains_top_level"":false,""builtin_print_unshadowed"":false,""entrypoint_unique"":true,""exactly_one_top_level_assert"":false,""exactly_one_top_level_print"":false,""extraction_unambiguous"":true,""function_segments_unchanged"":false,""no_other_unclassified_top_level_calls"":false,""output_parseable"":false,""print_adjacent_to_assert"":false,""print_arguments_safe"":false,""print_removed_from_top_level"":false,""source_complete"":true,""source_parseable"":true}",pass,true
9B_complete_development300,4583ad1011027d81314ddfb74bc8ec4cf1ae4feb9a37bac42da76177416c62c7,21,4583ad1011027d81314ddfb74bc8ec4cf1ae4feb9a37bac42da76177416c62c7,Mbpp/739,11,Candidate_B_H0,qwen3.5:9b,find_Index,cb9f8e5b8db6af52b7a54528085d23a831f2fe2d213b2df16fdb9adcfe254034,cb9f8e5b8db6af52b7a54528085d23a831f2fe2d213b2df16fdb9adcfe254034,false,false,true,no_top_level_print,"{""assert_literal_entrypoint_selftest"":false,""assert_matches_public_selftest"":false,""assert_remains_top_level"":false,""builtin_print_unshadowed"":false,""entrypoint_unique"":true,""exactly_one_top_level_assert"":true,""exactly_one_top_level_print"":false,""extraction_unambiguous"":true,""function_segments_unchanged"":false,""no_other_unclassified_top_level_calls"":false,""output_parseable"":false,""print_adjacent_to_assert"":false,""print_arguments_safe"":false,""print_removed_from_top_level"":false,""source_complete"":true,""source_parseable"":true}",fail,true
9B_complete_development300,0460f62eee335e54ae79d20dba3f1c72d36982ade60d364ec6b3f5aa8c80feed,22,0460f62eee335e54ae79d20dba3f1c72d36982ade60d364ec6b3f5aa8c80feed,Mbpp/739,22,Candidate_B_H0,qwen3.5:9b,find_Index,3ac5dea5d962739b77659788cf92f5740fe893ccded276aa2fa4d5194faa6028,3ac5dea5d962739b77659788cf92f5740fe893ccded276aa2fa4d5194faa6028,false,false,true,no_top_level_print,"{""assert_literal_entrypoint_selftest"":false,""assert_matches_public_selftest"":false,""assert_remains_top_level"":false,""builtin_print_unshadowed"":false,""entrypoint_unique"":true,""exactly_one_top_level_assert"":true,""exactly_one_top_level_print"":false,""extraction_unambiguous"":true,""function_segments_unchanged"":false,""no_other_unclassified_top_level_calls"":false,""output_parseable"":false,""print_adjacent_to_assert"":false,""print_arguments_safe"":false,""print_removed_from_top_level"":false,""source_complete"":true,""source_parseable"":true}",fail,true
9B_complete_development300,7738db7659ec9333e7d321294197cb3c3fef5d5fc72f77a196e819256f5ed8b9,23,7738db7659ec9333e7d321294197cb3c3fef5d5fc72f77a196e819256f5ed8b9,Mbpp/739,33,Candidate_B_H0,qwen3.5:9b,find_Index,3ac5dea5d962739b77659788cf92f5740fe893ccded276aa2fa4d5194faa6028,3ac5dea5d962739b77659788cf92f5740fe893ccded276aa2fa4d5194faa6028,false,false,true,no_top_level_print,"{""assert_literal_entrypoint_selftest"":false,""assert_matches_public_selftest"":false,""assert_remains_top_level"":false,""builtin_print_unshadowed"":false,""entrypoint_unique"":true,""exactly_one_top_level_assert"":true,""exactly_one_top_level_print"":false,""extraction_unambiguous"":true,""function_segments_unchanged"":false,""no_other_unclassified_top_level_calls"":false,""output_parseable"":false,""print_adjacent_to_assert"":false,""print_arguments_safe"":false,""print_removed_from_top_level"":false,""source_complete"":true,""source_parseable"":true}",fail,true
9B_complete_development300,29c5dc38a71e4bf24dadf515e157b833b8a0d1b304c47bf98d36a325fbbe4342,24,29c5dc38a71e4bf24dadf515e157b833b8a0d1b304c47bf98d36a325fbbe4342,Mbpp/739,44,Candidate_B_H0,qwen3.5:9b,find_Index,fa1491b3a3a251438a25263d0ce1c9e572cf6b6c724a2df3eb8c9bdf816d7695,fa1491b3a3a251438a25263d0ce1c9e572cf6b6c724a2df3eb8c9bdf816d7695,false,false,true,no_top_level_print,"{""assert_literal_entrypoint_selftest"":false,""assert_matches_public_selftest"":false,""assert_remains_top_level"":false,""builtin_print_unshadowed"":false,""entrypoint_unique"":true,""exactly_one_top_level_assert"":true,""exactly_one_top_level_print"":false,""extraction_unambiguous"":true,""function_segments_unchanged"":false,""no_other_unclassified_top_level_calls"":false,""output_parseable"":false,""print_adjacent_to_assert"":false,""print_arguments_safe"":false,""print_removed_from_top_level"":false,""source_complete"":true,""source_parseable"":true}",fail,true
9B_complete_development300,200edc3e0eec7ea9c2f029ace4027b019b020d97c66d503db848f9ff332ffc06,25,200edc3e0eec7ea9c2f029ace4027b019b020d97c66d503db848f9ff332ffc06,Mbpp/739,55,Candidate_B_H0,qwen3.5:9b,find_Index,fa1491b3a3a251438a25263d0ce1c9e572cf6b6c724a2df3eb8c9bdf816d7695,fa1491b3a3a251438a25263d0ce1c9e572cf6b6c724a2df3eb8c9bdf816d7695,false,false,true,no_top_level_print,"{""assert_literal_entrypoint_selftest"":false,""assert_matches_public_selftest"":false,""assert_remains_top_level"":false,""builtin_print_unshadowed"":false,""entrypoint_unique"":true,""exactly_one_top_level_assert"":true,""exactly_one_top_level_print"":false,""extraction_unambiguous"":true,""function_segments_unchanged"":false,""no_other_unclassified_top_level_calls"":false,""output_parseable"":false,""print_adjacent_to_assert"":false,""print_arguments_safe"":false,""print_removed_from_top_level"":false,""source_complete"":true,""source_parseable"":true}",fail,true
9B_complete_development300,69b535628ae6183c0aed1fc85d3a067903c30ff990129c5275093a345c723382,26,69b535628ae6183c0aed1fc85d3a067903c30ff990129c5275093a345c723382,Mbpp/124,11,Candidate_B_H0,qwen3.5:9b,angle_complex,9b56e46c4de759dcbc5e2d6c998aac5fd8476fb5efa0bbfa4808fc61e5c24f05,9b56e46c4de759dcbc5e2d6c998aac5fd8476fb5efa0bbfa4808fc61e5c24f05,false,false,true,no_top_level_print,"{""assert_literal_entrypoint_selftest"":false,""assert_matches_public_selftest"":false,""assert_remains_top_level"":false,""builtin_print_unshadowed"":false,""entrypoint_unique"":true,""exactly_one_top_level_assert"":false,""exactly_one_top_level_print"":false,""extraction_unambiguous"":true,""function_segments_unchanged"":false,""no_other_unclassified_top_level_calls"":false,""output_parseable"":false,""print_adjacent_to_assert"":false,""print_arguments_safe"":false,""print_removed_from_top_level"":false,""source_complete"":true,""source_parseable"":true}",fail,true
9B_complete_development300,60d1ea73f977e4c7f0a1af9894b615d332953a916aceaed7ecc75569bbd91ac2,27,60d1ea73f977e4c7f0a1af9894b615d332953a916aceaed7ecc75569bbd91ac2,Mbpp/124,22,Candidate_B_H0,qwen3.5:9b,angle_complex,9b56e46c4de759dcbc5e2d6c998aac5fd8476fb5efa0bbfa4808fc61e5c24f05,9b56e46c4de759dcbc5e2d6c998aac5fd8476fb5efa0bbfa4808fc61e5c24f05,false,false,true,no_top_level_print,"{""assert_literal_entrypoint_selftest"":false,""assert_matches_public_selftest"":false,""assert_remains_top_level"":false,""builtin_print_unshadowed"":false,""entrypoint_unique"":true,""exactly_one_top_level_assert"":false,""exactly_one_top_level_print"":false,""extraction_unambiguous"":true,""function_segments_unchanged"":false,""no_other_unclassified_top_level_calls"":false,""output_parseable"":false,""print_adjacent_to_assert"":false,""print_arguments_safe"":false,""print_removed_from_top_level"":false,""source_complete"":true,""source_parseable"":true}",fail,true
9B_complete_development300,0340cfda2189318c12c82e9ada35a30fca39776379bce0ae6142e41ea8802141,28,0340cfda2189318c12c82e9ada35a30fca39776379bce0ae6142e41ea8802141,Mbpp/124,33,Candidate_B_H0,qwen3.5:9b,angle_complex,9b56e46c4de759dcbc5e2d6c998aac5fd8476fb5efa0bbfa4808fc61e5c24f05,9b56e46c4de759dcbc5e2d6c998aac5fd8476fb5efa0bbfa4808fc61e5c24f05,false,false,true,no_top_level_print,"{""assert_literal_entrypoint_selftest"":false,""assert_matches_public_selftest"":false,""assert_remains_top_level"":false,""builtin_print_unshadowed"":false,""entrypoint_unique"":true,""exactly_one_top_level_assert"":false,""exactly_one_top_level_print"":false,""extraction_unambiguous"":true,""function_segments_unchanged"":false,""no_other_unclassified_top_level_calls"":false,""output_parseable"":false,""print_adjacent_to_assert"":false,""print_arguments_safe"":false,""print_removed_from_top_level"":false,""source_complete"":true,""source_parseable"":true}",fail,true
9B_complete_development300,24b5e295ca91e1fce3029be6f593ada79d255c2725fc40a02e5a512f4fdb8452,29,24b5e295ca91e1fce3029be6f593ada79d255c2725fc40a02e5a512f4fdb8452,Mbpp/124,44,Candidate_B_H0,qwen3.5:9b,angle_complex,9b56e46c4de759dcbc5e2d6c998aac5fd8476fb5efa0bbfa4808fc61e5c24f05,9b56e46c4de759dcbc5e2d6c998aac5fd8476fb5efa0bbfa4808fc61e5c24f05,false,false,true,no_top_level_print,"{""assert_literal_entrypoint_selftest"":false,""assert_matches_public_selftest"":false,""assert_remains_top_level"":false,""builtin_print_unshadowed"":false,""entrypoint_unique"":true,""exactly_one_top_level_assert"":false,""exactly_one_top_level_print"":false,""extraction_unambiguous"":true,""function_segments_unchanged"":false,""no_other_unclassified_top_level_calls"":false,""output_parseable"":false,""print_adjacent_to_assert"":false,""print_arguments_safe"":false,""print_removed_from_top_level"":false,""source_complete"":true,""source_parseable"":true}",fail,true
9B_complete_development300,5c2515e4827b878e031b8a5708c4d7559c29cceb035050637e32423b757c46cc,30,5c2515e4827b878e031b8a5708c4d7559c29cceb035050637e32423b757c46cc,Mbpp/124,55,Candidate_B_H0,qwen3.5:9b,angle_complex,9b56e46c4de759dcbc5e2d6c998aac5fd8476fb5efa0bbfa4808fc61e5c24f05,9b56e46c4de759dcbc5e2d6c998aac5fd8476fb5efa0bbfa4808fc61e5c24f05,false,false,true,no_top_level_print,"{""assert_literal_entrypoint_selftest"":false,""assert_matches_public_selftest"":false,""assert_remains_top_level"":false,""builtin_print_unshadowed"":false,""entrypoint_unique"":true,""exactly_one_top_level_assert"":false,""exactly_one_top_level_print"":false,""extraction_unambiguous"":true,""function_segments_unchanged"":false,""no_other_unclassified_top_level_calls"":false,""output_parseable"":false,""print_adjacent_to_assert"":false,""print_arguments_safe"":false,""print_removed_from_top_level"":false,""source_complete"":true,""source_parseable"":true}",fail,true
9B_complete_development300,be02f058d52c050cf5574665a7ed4d56e20d6afde2ef686be3c6c59cc8878352,31,be02f058d52c050cf5574665a7ed4d56e20d6afde2ef686be3c6c59cc8878352,Mbpp/72,11,Candidate_B_H0,qwen3.5:9b,dif_Square,05355fdab3c38a38d24107c09555a4612c688211b4b41c683d4cabb3a5e218ed,05355fdab3c38a38d24107c09555a4612c688211b4b41c683d4cabb3a5e218ed,false,false,true,no_top_level_print,"{""assert_literal_entrypoint_selftest"":false,""assert_matches_public_selftest"":false,""assert_remains_top_level"":false,""builtin_print_unshadowed"":false,""entrypoint_unique"":true,""exactly_one_top_level_assert"":false,""exactly_one_top_level_print"":false,""extraction_unambiguous"":true,""function_segments_unchanged"":false,""no_other_unclassified_top_level_calls"":false,""output_parseable"":false,""print_adjacent_to_assert"":false,""print_arguments_safe"":false,""print_removed_from_top_level"":false,""source_complete"":true,""source_parseable"":true}",fail,true
9B_complete_development300,5b58236a8dd74781896f67d4a87859b04f6c7abba8fda28db27f116dbd4ccf8e,32,5b58236a8dd74781896f67d4a87859b04f6c7abba8fda28db27f116dbd4ccf8e,Mbpp/72,22,Candidate_B_H0,qwen3.5:9b,dif_Square,c4bc8fad8ece36374bb4be065a76a8f423219633182f6d0a7fd3a8bd28855366,c4bc8fad8ece36374bb4be065a76a8f423219633182f6d0a7fd3a8bd28855366,false,false,true,no_top_level_print,"{""assert_literal_entrypoint_selftest"":false,""assert_matches_public_selftest"":false,""assert_remains_top_level"":false,""builtin_print_unshadowed"":false,""entrypoint_unique"":true,""exactly_one_top_level_assert"":false,""exactly_one_top_level_print"":false,""extraction_unambiguous"":true,""function_segments_unchanged"":false,""no_other_unclassified_top_level_calls"":false,""output_parseable"":false,""print_adjacent_to_assert"":false,""print_arguments_safe"":false,""print_removed_from_top_level"":false,""source_complete"":true,""source_parseable"":true}",fail,true
9B_complete_development300,f75a5f9e85fedf004490ef33fc901124086d40f1abc734a904f25afb49a03992,33,f75a5f9e85fedf004490ef33fc901124086d40f1abc734a904f25afb49a03992,Mbpp/72,33,Candidate_B_H0,qwen3.5:9b,dif_Square,6b5c0a7f4a3641629f4ec46f6c1dc06edb5b1981b7802976e82655511f1c8cbe,6b5c0a7f4a3641629f4ec46f6c1dc06edb5b1981b7802976e82655511f1c8cbe,false,false,true,no_top_level_print,"{""assert_literal_entrypoint_selftest"":false,""assert_matches_public_selftest"":false,""assert_remains_top_level"":false,""builtin_print_unshadowed"":false,""entrypoint_unique"":true,""exactly_one_top_level_assert"":false,""exactly_one_top_level_print"":false,""extraction_unambiguous"":true,""function_segments_unchanged"":false,""no_other_unclassified_top_level_calls"":false,""output_parseable"":false,""print_adjacent_to_assert"":false,""print_arguments_safe"":false,""print_removed_from_top_level"":false,""source_complete"":true,""source_parseable"":true}",fail,true
9B_complete_development300,17cde64daa996d2f0012be63d02b00b2cd54410f40fd90a1db803633bbc3b4d8,34,17cde64daa996d2f0012be63d02b00b2cd54410f40fd90a1db803633bbc3b4d8,Mbpp/72,44,Candidate_B_H0,qwen3.5:9b,dif_Square,579dba8606a1072027fe0a82b58630d0e659935156ed90279d8fcf2cb0c420bc,579dba8606a1072027fe0a82b58630d0e659935156ed90279d8fcf2cb0c420bc,false,false,true,no_top_level_print,"{""assert_literal_entrypoint_selftest"":false,""assert_matches_public_selftest"":false,""assert_remains_top_level"":false,""builtin_print_unshadowed"":false,""entrypoint_unique"":true,""exactly_one_top_level_assert"":false,""exactly_one_top_level_print"":false,""extraction_unambiguous"":true,""function_segments_unchanged"":false,""no_other_unclassified_top_level_calls"":false,""output_parseable"":false,""print_adjacent_to_assert"":false,""print_arguments_safe"":false,""print_removed_from_top_level"":false,""source_complete"":true,""source_parseable"":true}",fail,true
9B_complete_development300,dbea2d3c0b5e91a70f0542ed83acc2c8a81ea79d742dd76b0bf4327fb71dd259,35,dbea2d3c0b5e91a70f0542ed83acc2c8a81ea79d742dd76b0bf4327fb71dd259,Mbpp/72,55,Candidate_B_H0,qwen3.5:9b,dif_Square,a43911ba40ea1eba9aad332511af4f927fad28a662fd6058ceb83bfa31ae814f,a43911ba40ea1eba9aad332511af4f927fad28a662fd6058ceb83bfa31ae814f,false,false,true,no_top_level_print,"{""assert_literal_entrypoint_selftest"":false,""assert_matches_public_selftest"":false,""assert_remains_top_level"":false,""builtin_print_unshadowed"":false,""entrypoint_unique"":true,""exactly_one_top_level_assert"":false,""exactly_one_top_level_print"":false,""extraction_unambiguous"":true,""function_segments_unchanged"":false,""no_other_unclassified_top_level_calls"":false,""output_parseable"":false,""print_adjacent_to_assert"":false,""print_arguments_safe"":false,""print_removed_from_top_level"":false,""source_complete"":true,""source_parseable"":true}",fail,true
9B_complete_development300,513d8e1ad9db19bcd591abab2f760d5504aafcdac0c8b3064a50d46e5e264d34,36,513d8e1ad9db19bcd591abab2f760d5504aafcdac0c8b3064a50d46e5e264d34,Mbpp/792,11,Candidate_B_H0,qwen3.5:9b,count_list,623e235c862c45b9bcd3a631d32039cc6e9cb4537667dfd7001dab7c5b44b0a3,623e235c862c45b9bcd3a631d32039cc6e9cb4537667dfd7001dab7c5b44b0a3,false,false,true,no_top_level_print,"{""assert_literal_entrypoint_selftest"":false,""assert_matches_public_selftest"":false,""assert_remains_top_level"":false,""builtin_print_unshadowed"":false,""entrypoint_unique"":true,""exactly_one_top_level_assert"":true,""exactly_one_top_level_print"":false,""extraction_unambiguous"":true,""function_segments_unchanged"":false,""no_other_unclassified_top_level_calls"":false,""output_parseable"":false,""print_adjacent_to_assert"":false,""print_arguments_safe"":false,""print_removed_from_top_level"":false,""source_complete"":true,""source_parseable"":true}",pass,true
9B_complete_development300,c4f9f49c8d060762aa98890c7ea383334cc4f4a5aed06d1f105f579dd9a9097b,37,c4f9f49c8d060762aa98890c7ea383334cc4f4a5aed06d1f105f579dd9a9097b,Mbpp/792,22,Candidate_B_H0,qwen3.5:9b,count_list,9205d79d1366bd90e2bd487d3a9672929424d9d3f14d5e5eebf59dd117bce979,9205d79d1366bd90e2bd487d3a9672929424d9d3f14d5e5eebf59dd117bce979,false,false,true,no_top_level_print,"{""assert_literal_entrypoint_selftest"":false,""assert_matches_public_selftest"":false,""assert_remains_top_level"":false,""builtin_print_unshadowed"":false,""entrypoint_unique"":true,""exactly_one_top_level_assert"":true,""exactly_one_top_level_print"":false,""extraction_unambiguous"":true,""function_segments_unchanged"":false,""no_other_unclassified_top_level_calls"":false,""output_parseable"":false,""print_adjacent_to_assert"":false,""print_arguments_safe"":false,""print_removed_from_top_level"":false,""source_complete"":true,""source_parseable"":true}",fail,true
9B_complete_development300,c6e692d80c4c0c70c0535e8e942e53bff7bbd87fa6e06085aada1120f4ae23a9,38,c6e692d80c4c0c70c0535e8e942e53bff7bbd87fa6e06085aada1120f4ae23a9,Mbpp/792,33,Candidate_B_H0,qwen3.5:9b,count_list,8c05b8fe8ba6b8ddd4d9b2ba6f793c56f62802a50e8d89eef3ccde40d68e7a01,8c05b8fe8ba6b8ddd4d9b2ba6f793c56f62802a50e8d89eef3ccde40d68e7a01,false,false,true,no_top_level_print,"{""assert_literal_entrypoint_selftest"":false,""assert_matches_public_selftest"":false,""assert_remains_top_level"":false,""builtin_print_unshadowed"":false,""entrypoint_unique"":true,""exactly_one_top_level_assert"":true,""exactly_one_top_level_print"":false,""extraction_unambiguous"":true,""function_segments_unchanged"":false,""no_other_unclassified_top_level_calls"":false,""output_parseable"":false,""print_adjacent_to_assert"":false,""print_arguments_safe"":false,""print_removed_from_top_level"":false,""source_complete"":true,""source_parseable"":true}",pass,true
9B_complete_development300,3048b7e1c3919223edf24a2fb9776abd14ebc6258a7d87e0c538b81508ba7d6d,39,3048b7e1c3919223edf24a2fb9776abd14ebc6258a7d87e0c538b81508ba7d6d,Mbpp/792,44,Candidate_B_H0,qwen3.5:9b,count_list,6839c2385d989f05b3a3cdf844a69ae83aa6bece64706049d9bb01f1ac40c0fb,6839c2385d989f05b3a3cdf844a69ae83aa6bece64706049d9bb01f1ac40c0fb,false,false,true,no_top_level_print,"{""assert_literal_entrypoint_selftest"":false,""assert_matches_public_selftest"":false,""assert_remains_top_level"":false,""builtin_print_unshadowed"":false,""entrypoint_unique"":true,""exactly_one_top_level_assert"":false,""exactly_one_top_level_print"":false,""extraction_unambiguous"":true,""function_segments_unchanged"":false,""no_other_unclassified_top_level_calls"":false,""output_parseable"":false,""print_adjacent_to_assert"":false,""print_arguments_safe"":false,""print_removed_from_top_level"":false,""source_complete"":true,""source_parseable"":true}",pass,true
9B_complete_development300,e035127c59926787770cf7d09e6e5737a0ab5885884d7b5eec7fc0fa8dbe9dd9,40,e035127c59926787770cf7d09e6e5737a0ab5885884d7b5eec7fc0fa8dbe9dd9,Mbpp/792,55,Candidate_B_H0,qwen3.5:9b,count_list,5765b2e478dedf1d0da415ef47b6efa44f5c90d518383846a02b8fa3f1425346,5765b2e478dedf1d0da415ef47b6efa44f5c90d518383846a02b8fa3f1425346,false,false,true,no_top_level_print,"{""assert_literal_entrypoint_selftest"":false,""assert_matches_public_selftest"":false,""assert_remains_top_level"":false,""builtin_print_unshadowed"":false,""entrypoint_unique"":true,""exactly_one_top_level_assert"":false,""exactly_one_top_level_print"":false,""extraction_unambiguous"":true,""function_segments_unchanged"":false,""no_other_unclassified_top_level_calls"":false,""output_parseable"":false,""print_adjacent_to_assert"":false,""print_arguments_safe"":false,""print_removed_from_top_level"":false,""source_complete"":true,""source_parseable"":true}",fail,true
9B_complete_development300,30f2df90febe8769b5db029b8b00959550855960e64ef7a41e570149744cad4a,41,30f2df90febe8769b5db029b8b00959550855960e64ef7a41e570149744cad4a,Mbpp/435,11,Candidate_B_H0,qwen3.5:9b,last_Digit,3041fbe17ee9320a111716daf315be599d97e58241592434cc0b6c4c196cc84e,3041fbe17ee9320a111716daf315be599d97e58241592434cc0b6c4c196cc84e,false,false,true,no_top_level_print,"{""assert_literal_entrypoint_selftest"":false,""assert_matches_public_selftest"":false,""assert_remains_top_level"":false,""builtin_print_unshadowed"":false,""entrypoint_unique"":true,""exactly_one_top_level_assert"":false,""exactly_one_top_level_print"":false,""extraction_unambiguous"":true,""function_segments_unchanged"":false,""no_other_unclassified_top_level_calls"":false,""output_parseable"":false,""print_adjacent_to_assert"":false,""print_arguments_safe"":false,""print_removed_from_top_level"":false,""source_complete"":true,""source_parseable"":true}",fail,true
9B_complete_development300,12179f714d4beea5b64235cf46138bb8095c7170101cacbc268dbb8e53ed2f1d,42,12179f714d4beea5b64235cf46138bb8095c7170101cacbc268dbb8e53ed2f1d,Mbpp/435,22,Candidate_B_H0,qwen3.5:9b,last_Digit,3041fbe17ee9320a111716daf315be599d97e58241592434cc0b6c4c196cc84e,3041fbe17ee9320a111716daf315be599d97e58241592434cc0b6c4c196cc84e,false,false,true,no_top_level_print,"{""assert_literal_entrypoint_selftest"":false,""assert_matches_public_selftest"":false,""assert_remains_top_level"":false,""builtin_print_unshadowed"":false,""entrypoint_unique"":true,""exactly_one_top_level_assert"":false,""exactly_one_top_level_print"":false,""extraction_unambiguous"":true,""function_segments_unchanged"":false,""no_other_unclassified_top_level_calls"":false,""output_parseable"":false,""print_adjacent_to_assert"":false,""print_arguments_safe"":false,""print_removed_from_top_level"":false,""source_complete"":true,""source_parseable"":true}",fail,true
9B_complete_development300,d4e01100ec8a3dc77bbe929ea107670d1b9cdd7b67b6282bee5678ea75d528c1,43,d4e01100ec8a3dc77bbe929ea107670d1b9cdd7b67b6282bee5678ea75d528c1,Mbpp/435,33,Candidate_B_H0,qwen3.5:9b,last_Digit,e9686f45cb64f61c5ab92ee9def9f8728aaf294a68ca3dd0cb39ce3439df88cd,e9686f45cb64f61c5ab92ee9def9f8728aaf294a68ca3dd0cb39ce3439df88cd,false,false,true,no_top_level_print,"{""assert_literal_entrypoint_selftest"":false,""assert_matches_public_selftest"":false,""assert_remains_top_level"":false,""builtin_print_unshadowed"":false,""entrypoint_unique"":true,""exactly_one_top_level_assert"":false,""exactly_one_top_level_print"":false,""extraction_unambiguous"":true,""function_segments_unchanged"":false,""no_other_unclassified_top_level_calls"":false,""output_parseable"":false,""print_adjacent_to_assert"":false,""print_arguments_safe"":false,""print_removed_from_top_level"":false,""source_complete"":true,""source_parseable"":true}",pass,true
9B_complete_development300,3e17fc940898034dd955cb98d700b1abf45528d5f614a3b3199723dac66961b7,44,3e17fc940898034dd955cb98d700b1abf45528d5f614a3b3199723dac66961b7,Mbpp/435,44,Candidate_B_H0,qwen3.5:9b,last_Digit,38e6414e229c3c611e4bba7ed14027838985c8f44588d2ad63dd50fda3612bba,90e4bfafd55911a17fec9387b9e530575c6ea46c08c94088126977d5811021d7,true,true,false,transformed_top_level_demo_print_quarantined,"{""assert_literal_entrypoint_selftest"":true,""assert_matches_public_selftest"":true,""assert_remains_top_level"":true,""builtin_print_unshadowed"":true,""entrypoint_unique"":true,""exactly_one_top_level_assert"":true,""exactly_one_top_level_print"":true,""extraction_unambiguous"":true,""function_segments_unchanged"":true,""no_other_unclassified_top_level_calls"":true,""output_parseable"":true,""print_adjacent_to_assert"":true,""print_arguments_safe"":true,""print_removed_from_top_level"":true,""source_complete"":true,""source_parseable"":true}",pass,true
9B_complete_development300,da311e11ff87b49bcd2ed4eb7456c07e4b43560eb1890a9a1d1e1bfcc2d8ae54,45,da311e11ff87b49bcd2ed4eb7456c07e4b43560eb1890a9a1d1e1bfcc2d8ae54,Mbpp/435,55,Candidate_B_H0,qwen3.5:9b,last_Digit,e37ad719f704312d17bbe9173ff836e4df9e3893248cc0a4f072da1551ab7bf5,e37ad719f704312d17bbe9173ff836e4df9e3893248cc0a4f072da1551ab7bf5,false,false,true,no_top_level_print,"{""assert_literal_entrypoint_selftest"":false,""assert_matches_public_selftest"":false,""assert_remains_top_level"":false,""builtin_print_unshadowed"":false,""entrypoint_unique"":true,""exactly_one_top_level_assert"":true,""exactly_one_top_level_print"":false,""extraction_unambiguous"":true,""function_segments_unchanged"":false,""no_other_unclassified_top_level_calls"":false,""output_parseable"":false,""print_adjacent_to_assert"":false,""print_arguments_safe"":false,""print_removed_from_top_level"":false,""source_complete"":true,""source_parseable"":true}",fail,true
9B_complete_development300,db813a2867d83223ac6efd890b0d6ca95a88e0019d3287090cfaaa83c32e6047,46,db813a2867d83223ac6efd890b0d6ca95a88e0019d3287090cfaaa83c32e6047,Mbpp/597,11,Candidate_B_H0,qwen3.5:9b,find_kth,d8c6bc937e9357f1483f0ddb0f3e9c77d25c1586e54131753f602750563d80d1,d8c6bc937e9357f1483f0ddb0f3e9c77d25c1586e54131753f602750563d80d1,false,false,true,source_unparseable,"{""assert_literal_entrypoint_selftest"":false,""assert_matches_public_selftest"":false,""assert_remains_top_level"":false,""builtin_print_unshadowed"":false,""entrypoint_unique"":false,""exactly_one_top_level_assert"":false,""exactly_one_top_level_print"":false,""extraction_unambiguous"":true,""function_segments_unchanged"":false,""no_other_unclassified_top_level_calls"":false,""output_parseable"":false,""print_adjacent_to_assert"":false,""print_arguments_safe"":false,""print_removed_from_top_level"":false,""source_complete"":false,""source_parseable"":false}",fail,true
9B_complete_development300,a21d93f5cd31bea214bd77b9da4892c7376511f95bfba62b81fc3e701fac392c,47,a21d93f5cd31bea214bd77b9da4892c7376511f95bfba62b81fc3e701fac392c,Mbpp/597,22,Candidate_B_H0,qwen3.5:9b,find_kth,665a6b1dc290716e3624f28df65968f3b8adac7c12174a79c09220431af3aed2,665a6b1dc290716e3624f28df65968f3b8adac7c12174a79c09220431af3aed2,false,false,true,source_unparseable,"{""assert_literal_entrypoint_selftest"":false,""assert_matches_public_selftest"":false,""assert_remains_top_level"":false,""builtin_print_unshadowed"":false,""entrypoint_unique"":false,""exactly_one_top_level_assert"":false,""exactly_one_top_level_print"":false,""extraction_unambiguous"":true,""function_segments_unchanged"":false,""no_other_unclassified_top_level_calls"":false,""output_parseable"":false,""print_adjacent_to_assert"":false,""print_arguments_safe"":false,""print_removed_from_top_level"":false,""source_complete"":true,""source_parseable"":false}",fail,true
9B_complete_development300,1b9aabce1a2e8f3075f28d50c19b12680bfd5ed66090a259eb756b911587cdab,48,1b9aabce1a2e8f3075f28d50c19b12680bfd5ed66090a259eb756b911587cdab,Mbpp/597,33,Candidate_B_H0,qwen3.5:9b,find_kth,ca75427d85b620a56777aa7ca8c82b4583679da88f403eb12a948421bf08fd1e,ca75427d85b620a56777aa7ca8c82b4583679da88f403eb12a948421bf08fd1e,false,false,true,no_top_level_print,"{""assert_literal_entrypoint_selftest"":false,""assert_matches_public_selftest"":false,""assert_remains_top_level"":false,""builtin_print_unshadowed"":false,""entrypoint_unique"":true,""exactly_one_top_level_assert"":true,""exactly_one_top_level_print"":false,""extraction_unambiguous"":true,""function_segments_unchanged"":false,""no_other_unclassified_top_level_calls"":false,""output_parseable"":false,""print_adjacent_to_assert"":false,""print_arguments_safe"":false,""print_removed_from_top_level"":false,""source_complete"":true,""source_parseable"":true}",fail,true
9B_complete_development300,ccbf8fba0e7b409c9570fc1574519a6d4f122847a490ecf0fc62396fcd4e3a22,49,ccbf8fba0e7b409c9570fc1574519a6d4f122847a490ecf0fc62396fcd4e3a22,Mbpp/597,44,Candidate_B_H0,qwen3.5:9b,find_kth,814af8907e78fcbac22751b6e88edbe576d2c6f189fa71103c6abaebcdf92aab,814af8907e78fcbac22751b6e88edbe576d2c6f189fa71103c6abaebcdf92aab,false,false,true,no_top_level_print,"{""assert_literal_entrypoint_selftest"":false,""assert_matches_public_selftest"":false,""assert_remains_top_level"":false,""builtin_print_unshadowed"":false,""entrypoint_unique"":true,""exactly_one_top_level_assert"":true,""exactly_one_top_level_print"":false,""extraction_unambiguous"":true,""function_segments_unchanged"":false,""no_other_unclassified_top_level_calls"":false,""output_parseable"":false,""print_adjacent_to_assert"":false,""print_arguments_safe"":false,""print_removed_from_top_level"":false,""source_complete"":true,""source_parseable"":true}",fail,true
9B_complete_development300,9e18ea3b77dec3889b77aee7d178f530cc35c7395c53cb0e6d2c87af57c80dd6,50,9e18ea3b77dec3889b77aee7d178f530cc35c7395c53cb0e6d2c87af57c80dd6,Mbpp/597,55,Candidate_B_H0,qwen3.5:9b,find_kth,5dd186eaf8083b4984705e8e143b7af88a835ef98e548fe7668cc05614a24f20,5dd186eaf8083b4984705e8e143b7af88a835ef98e548fe7668cc05614a24f20,false,false,true,entry_point_multiple,"{""assert_literal_entrypoint_selftest"":false,""assert_matches_public_selftest"":false,""assert_remains_top_level"":false,""builtin_print_unshadowed"":false,""entrypoint_unique"":false,""exactly_one_top_level_assert"":false,""exactly_one_top_level_print"":false,""extraction_unambiguous"":true,""function_segments_unchanged"":false,""no_other_unclassified_top_level_calls"":false,""output_parseable"":false,""print_adjacent_to_assert"":false,""print_arguments_safe"":false,""print_removed_from_top_level"":false,""source_complete"":true,""source_parseable"":true}",fail,true
9B_complete_development300,d3a3b4c17d270cb8a6ee4b26f46a900449125d4f928860a3b881664700a44489,51,d3a3b4c17d270cb8a6ee4b26f46a900449125d4f928860a3b881664700a44489,Mbpp/732,11,Candidate_B_H0,qwen3.5:9b,replace_specialchar,a60e0b3efae489d408596e10b37c94bb3fe4946c209a442c02b589bb9c1d5a9a,a60e0b3efae489d408596e10b37c94bb3fe4946c209a442c02b589bb9c1d5a9a,false,false,true,no_top_level_print,"{""assert_literal_entrypoint_selftest"":false,""assert_matches_public_selftest"":false,""assert_remains_top_level"":false,""builtin_print_unshadowed"":false,""entrypoint_unique"":true,""exactly_one_top_level_assert"":false,""exactly_one_top_level_print"":false,""extraction_unambiguous"":true,""function_segments_unchanged"":false,""no_other_unclassified_top_level_calls"":false,""output_parseable"":false,""print_adjacent_to_assert"":false,""print_arguments_safe"":false,""print_removed_from_top_level"":false,""source_complete"":true,""source_parseable"":true}",pass,true
9B_complete_development300,f1880b41dfc4d8b2a6ebc861a08ebad2501a5a7000f50217cf2a4242af21d2c2,52,f1880b41dfc4d8b2a6ebc861a08ebad2501a5a7000f50217cf2a4242af21d2c2,Mbpp/732,22,Candidate_B_H0,qwen3.5:9b,replace_specialchar,a60e0b3efae489d408596e10b37c94bb3fe4946c209a442c02b589bb9c1d5a9a,a60e0b3efae489d408596e10b37c94bb3fe4946c209a442c02b589bb9c1d5a9a,false,false,true,no_top_level_print,"{""assert_literal_entrypoint_selftest"":false,""assert_matches_public_selftest"":false,""assert_remains_top_level"":false,""builtin_print_unshadowed"":false,""entrypoint_unique"":true,""exactly_one_top_level_assert"":false,""exactly_one_top_level_print"":false,""extraction_unambiguous"":true,""function_segments_unchanged"":false,""no_other_unclassified_top_level_calls"":false,""output_parseable"":false,""print_adjacent_to_assert"":false,""print_arguments_safe"":false,""print_removed_from_top_level"":false,""source_complete"":true,""source_parseable"":true}",pass,true
9B_complete_development300,d277246d40dae25fdc71f35a196b7707a78421db715762a038483a1dbee4bdfe,53,d277246d40dae25fdc71f35a196b7707a78421db715762a038483a1dbee4bdfe,Mbpp/732,33,Candidate_B_H0,qwen3.5:9b,replace_specialchar,a60e0b3efae489d408596e10b37c94bb3fe4946c209a442c02b589bb9c1d5a9a,a60e0b3efae489d408596e10b37c94bb3fe4946c209a442c02b589bb9c1d5a9a,false,false,true,no_top_level_print,"{""assert_literal_entrypoint_selftest"":false,""assert_matches_public_selftest"":false,""assert_remains_top_level"":false,""builtin_print_unshadowed"":false,""entrypoint_unique"":true,""exactly_one_top_level_assert"":false,""exactly_one_top_level_print"":false,""extraction_unambiguous"":true,""function_segments_unchanged"":false,""no_other_unclassified_top_level_calls"":false,""output_parseable"":false,""print_adjacent_to_assert"":false,""print_arguments_safe"":false,""print_removed_from_top_level"":false,""source_complete"":true,""source_parseable"":true}",pass,true
9B_complete_development300,2cbe17b3572b4373f04d642249caf3a92f45eec1b41b51a5bd2e04a2039984bd,54,2cbe17b3572b4373f04d642249caf3a92f45eec1b41b51a5bd2e04a2039984bd,Mbpp/732,44,Candidate_B_H0,qwen3.5:9b,replace_specialchar,a60e0b3efae489d408596e10b37c94bb3fe4946c209a442c02b589bb9c1d5a9a,a60e0b3efae489d408596e10b37c94bb3fe4946c209a442c02b589bb9c1d5a9a,false,false,true,no_top_level_print,"{""assert_literal_entrypoint_selftest"":false,""assert_matches_public_selftest"":false,""assert_remains_top_level"":false,""builtin_print_unshadowed"":false,""entrypoint_unique"":true,""exactly_one_top_level_assert"":false,""exactly_one_top_level_print"":false,""extraction_unambiguous"":true,""function_segments_unchanged"":false,""no_other_unclassified_top_level_calls"":false,""output_parseable"":false,""print_adjacent_to_assert"":false,""print_arguments_safe"":false,""print_removed_from_top_level"":false,""source_complete"":true,""source_parseable"":true}",pass,true
9B_complete_development300,3e1997ed77755e2164ab2b208ccd500df7bde7bcec67cafd49a88e27059e5b16,55,3e1997ed77755e2164ab2b208ccd500df7bde7bcec67cafd49a88e27059e5b16,Mbpp/732,55,Candidate_B_H0,qwen3.5:9b,replace_specialchar,a60e0b3efae489d408596e10b37c94bb3fe4946c209a442c02b589bb9c1d5a9a,a60e0b3efae489d408596e10b37c94bb3fe4946c209a442c02b589bb9c1d5a9a,false,false,true,no_top_level_print,"{""assert_literal_entrypoint_selftest"":false,""assert_matches_public_selftest"":false,""assert_remains_top_level"":false,""builtin_print_unshadowed"":false,""entrypoint_unique"":true,""exactly_one_top_level_assert"":false,""exactly_one_top_level_print"":false,""extraction_unambiguous"":true,""function_segments_unchanged"":false,""no_other_unclassified_top_level_calls"":false,""output_parseable"":false,""print_adjacent_to_assert"":false,""print_arguments_safe"":false,""print_removed_from_top_level"":false,""source_complete"":true,""source_parseable"":true}",pass,true
9B_complete_development300,c57f2092d6d9c1b394d61a18b7693a14e18f918e29299f7671330f9234c5253e,56,c57f2092d6d9c1b394d61a18b7693a14e18f918e29299f7671330f9234c5253e,Mbpp/721,11,Candidate_B_H0,qwen3.5:9b,maxAverageOfPath,888929ba27366850857050ae0fd7f3a4fecd449e5a9198ac7e57d55c41bf7bef,888929ba27366850857050ae0fd7f3a4fecd449e5a9198ac7e57d55c41bf7bef,false,false,true,source_unparseable,"{""assert_literal_entrypoint_selftest"":false,""assert_matches_public_selftest"":false,""assert_remains_top_level"":false,""builtin_print_unshadowed"":false,""entrypoint_unique"":false,""exactly_one_top_level_assert"":false,""exactly_one_top_level_print"":false,""extraction_unambiguous"":true,""function_segments_unchanged"":false,""no_other_unclassified_top_level_calls"":false,""output_parseable"":false,""print_adjacent_to_assert"":false,""print_arguments_safe"":false,""print_removed_from_top_level"":false,""source_complete"":true,""source_parseable"":false}",fail,true
9B_complete_development300,7fcfef2f7b602b0d10bf36bbd4ebcb35cd69a0c49cd15b5962f58ca0e20b8d87,57,7fcfef2f7b602b0d10bf36bbd4ebcb35cd69a0c49cd15b5962f58ca0e20b8d87,Mbpp/721,22,Candidate_B_H0,qwen3.5:9b,maxAverageOfPath,c8337ca8b22ad7aec665af5c3586b7225f380e22bca62b1b5a4ae5a21b7d0e4b,c8337ca8b22ad7aec665af5c3586b7225f380e22bca62b1b5a4ae5a21b7d0e4b,false,false,true,no_top_level_print,"{""assert_literal_entrypoint_selftest"":false,""assert_matches_public_selftest"":false,""assert_remains_top_level"":false,""builtin_print_unshadowed"":false,""entrypoint_unique"":true,""exactly_one_top_level_assert"":false,""exactly_one_top_level_print"":false,""extraction_unambiguous"":true,""function_segments_unchanged"":false,""no_other_unclassified_top_level_calls"":false,""output_parseable"":false,""print_adjacent_to_assert"":false,""print_arguments_safe"":false,""print_removed_from_top_level"":false,""source_complete"":true,""source_parseable"":true}",pass,true
9B_complete_development300,ece76238dc23e4c6ac96b346c685f1846406516726a1310a5427ae189f79cad6,58,ece76238dc23e4c6ac96b346c685f1846406516726a1310a5427ae189f79cad6,Mbpp/721,33,Candidate_B_H0,qwen3.5:9b,maxAverageOfPath,3e9497cc6f9371b7a37d5067ecae68010cb0ad382b6e67532809dbbb499aa69b,3e9497cc6f9371b7a37d5067ecae68010cb0ad382b6e67532809dbbb499aa69b,false,false,true,no_top_level_print,"{""assert_literal_entrypoint_selftest"":false,""assert_matches_public_selftest"":false,""assert_remains_top_level"":false,""builtin_print_unshadowed"":false,""entrypoint_unique"":true,""exactly_one_top_level_assert"":false,""exactly_one_top_level_print"":false,""extraction_unambiguous"":true,""function_segments_unchanged"":false,""no_other_unclassified_top_level_calls"":false,""output_parseable"":false,""print_adjacent_to_assert"":false,""print_arguments_safe"":false,""print_removed_from_top_level"":false,""source_complete"":true,""source_parseable"":true}",fail,true
9B_complete_development300,2530f50c054161896400487cbd5084cfa2de18fca9840e23cad4dfdaeeab09c2,59,2530f50c054161896400487cbd5084cfa2de18fca9840e23cad4dfdaeeab09c2,Mbpp/721,44,Candidate_B_H0,qwen3.5:9b,maxAverageOfPath,c661d3e87e199fa295e4a76edc8d3fe53dd4f77769d556cee31fb2de933ff158,c661d3e87e199fa295e4a76edc8d3fe53dd4f77769d556cee31fb2de933ff158,false,false,true,no_top_level_print,"{""assert_literal_entrypoint_selftest"":false,""assert_matches_public_selftest"":false,""assert_remains_top_level"":false,""builtin_print_unshadowed"":false,""entrypoint_unique"":true,""exactly_one_top_level_assert"":false,""exactly_one_top_level_print"":false,""extraction_unambiguous"":true,""function_segments_unchanged"":false,""no_other_unclassified_top_level_calls"":false,""output_parseable"":false,""print_adjacent_to_assert"":false,""print_arguments_safe"":false,""print_removed_from_top_level"":false,""source_complete"":true,""source_parseable"":true}",pass,true
9B_complete_development300,4bbb8db9ccd9eb7d04210c1849e7520894729f485a33fddf20a709b7fb3c2987,60,4bbb8db9ccd9eb7d04210c1849e7520894729f485a33fddf20a709b7fb3c2987,Mbpp/721,55,Candidate_B_H0,qwen3.5:9b,maxAverageOfPath,a965e09eae757f4c60b0cbc8634a163978fc2190cac4da1caee7c48df37f280b,a965e09eae757f4c60b0cbc8634a163978fc2190cac4da1caee7c48df37f280b,false,false,true,source_unparseable,"{""assert_literal_entrypoint_selftest"":false,""assert_matches_public_selftest"":false,""assert_remains_top_level"":false,""builtin_print_unshadowed"":false,""entrypoint_unique"":false,""exactly_one_top_level_assert"":false,""exactly_one_top_level_print"":false,""extraction_unambiguous"":true,""function_segments_unchanged"":false,""no_other_unclassified_top_level_calls"":false,""output_parseable"":false,""print_adjacent_to_assert"":false,""print_arguments_safe"":false,""print_removed_from_top_level"":false,""source_complete"":true,""source_parseable"":false}",fail,true
9B_complete_development300,eb81f9452bdd4c5d2fece536388915e81997f4d4cde7b0a748cf4bc90075be2d,61,eb81f9452bdd4c5d2fece536388915e81997f4d4cde7b0a748cf4bc90075be2d,Mbpp/765,11,Candidate_B_H0,qwen3.5:9b,is_polite,233eb9c33dadfff3bcb7252f66a4796169003bdfd22cac4a2c09493294595172,233eb9c33dadfff3bcb7252f66a4796169003bdfd22cac4a2c09493294595172,false,false,true,entry_point_missing,"{""assert_literal_entrypoint_selftest"":false,""assert_matches_public_selftest"":false,""assert_remains_top_level"":false,""builtin_print_unshadowed"":false,""entrypoint_unique"":false,""exactly_one_top_level_assert"":false,""exactly_one_top_level_print"":false,""extraction_unambiguous"":true,""function_segments_unchanged"":false,""no_other_unclassified_top_level_calls"":false,""output_parseable"":false,""print_adjacent_to_assert"":false,""print_arguments_safe"":false,""print_removed_from_top_level"":false,""source_complete"":true,""source_parseable"":true}",fail,true
9B_complete_development300,f5a3924eae1972d3f71b287a379e069295aa377283d8429a352416ccd3ed6243,62,f5a3924eae1972d3f71b287a379e069295aa377283d8429a352416ccd3ed6243,Mbpp/765,22,Candidate_B_H0,qwen3.5:9b,is_polite,466d15c7a356968c016465534334d69332c6957d0124ada0c759cab2cc2de7dc,466d15c7a356968c016465534334d69332c6957d0124ada0c759cab2cc2de7dc,false,false,true,no_top_level_print,"{""assert_literal_entrypoint_selftest"":false,""assert_matches_public_selftest"":false,""assert_remains_top_level"":false,""builtin_print_unshadowed"":false,""entrypoint_unique"":true,""exactly_one_top_level_assert"":false,""exactly_one_top_level_print"":false,""extraction_unambiguous"":true,""function_segments_unchanged"":false,""no_other_unclassified_top_level_calls"":false,""output_parseable"":false,""print_adjacent_to_assert"":false,""print_arguments_safe"":false,""print_removed_from_top_level"":false,""source_complete"":true,""source_parseable"":true}",fail,true
9B_complete_development300,f101bcd3d8c08ec23d7d1f9a954b14c79cb0d6b25c1002ae6f66953e5c85c220,63,f101bcd3d8c08ec23d7d1f9a954b14c79cb0d6b25c1002ae6f66953e5c85c220,Mbpp/765,33,Candidate_B_H0,qwen3.5:9b,is_polite,1fcd484f19660831786d5e6e109ba1d690b113d0630125a117e76425f3f0d249,1fcd484f19660831786d5e6e109ba1d690b113d0630125a117e76425f3f0d249,false,false,true,entry_point_missing,"{""assert_literal_entrypoint_selftest"":false,""assert_matches_public_selftest"":false,""assert_remains_top_level"":false,""builtin_print_unshadowed"":false,""entrypoint_unique"":false,""exactly_one_top_level_assert"":false,""exactly_one_top_level_print"":false,""extraction_unambiguous"":true,""function_segments_unchanged"":false,""no_other_unclassified_top_level_calls"":false,""output_parseable"":false,""print_adjacent_to_assert"":false,""print_arguments_safe"":false,""print_removed_from_top_level"":false,""source_complete"":true,""source_parseable"":true}",fail,true
9B_complete_development300,2a7d4cc1105eff57a1c77fd68b30d29a1748f9163c32804dc32718e18b467076,64,2a7d4cc1105eff57a1c77fd68b30d29a1748f9163c32804dc32718e18b467076,Mbpp/765,44,Candidate_B_H0,qwen3.5:9b,is_polite,a9d516a79012d9f4bd9dc236e88cc6e0affb307a14d31303790fe04f17a07867,a9d516a79012d9f4bd9dc236e88cc6e0affb307a14d31303790fe04f17a07867,false,false,true,entry_point_missing,"{""assert_literal_entrypoint_selftest"":false,""assert_matches_public_selftest"":false,""assert_remains_top_level"":false,""builtin_print_unshadowed"":false,""entrypoint_unique"":false,""exactly_one_top_level_assert"":false,""exactly_one_top_level_print"":false,""extraction_unambiguous"":true,""function_segments_unchanged"":false,""no_other_unclassified_top_level_calls"":false,""output_parseable"":false,""print_adjacent_to_assert"":false,""print_arguments_safe"":false,""print_removed_from_top_level"":false,""source_complete"":true,""source_parseable"":true}",fail,true
9B_complete_development300,7e865e15f3bf0cfe4619ac724f009fa7a0d5134e1660e32f1a74469073da8824,65,7e865e15f3bf0cfe4619ac724f009fa7a0d5134e1660e32f1a74469073da8824,Mbpp/765,55,Candidate_B_H0,qwen3.5:9b,is_polite,8a231d3dc4d836642549037d8740873758afcdadcecb8f7d777df5f71dda724e,8a231d3dc4d836642549037d8740873758afcdadcecb8f7d777df5f71dda724e,false,false,true,no_top_level_print,"{""assert_literal_entrypoint_selftest"":false,""assert_matches_public_selftest"":false,""assert_remains_top_level"":false,""builtin_print_unshadowed"":false,""entrypoint_unique"":true,""exactly_one_top_level_assert"":false,""exactly_one_top_level_print"":false,""extraction_unambiguous"":true,""function_segments_unchanged"":false,""no_other_unclassified_top_level_calls"":false,""output_parseable"":false,""print_adjacent_to_assert"":false,""print_arguments_safe"":false,""print_removed_from_top_level"":false,""source_complete"":true,""source_parseable"":true}",fail,true
9B_complete_development300,3b802dcce09d236485df19d1c985675e091e74cbb5fcbf6e73f753d873f62e88,66,3b802dcce09d236485df19d1c985675e091e74cbb5fcbf6e73f753d873f62e88,Mbpp/777,11,Candidate_B_H0,qwen3.5:9b,find_sum,cb1af19e1fa01ea4684aabac3b4308abf204e5baaffe3a2b92e515ef1a02326b,cb1af19e1fa01ea4684aabac3b4308abf204e5baaffe3a2b92e515ef1a02326b,false,false,true,no_top_level_print,"{""assert_literal_entrypoint_selftest"":false,""assert_matches_public_selftest"":false,""assert_remains_top_level"":false,""builtin_print_unshadowed"":false,""entrypoint_unique"":true,""exactly_one_top_level_assert"":false,""exactly_one_top_level_print"":false,""extraction_unambiguous"":true,""function_segments_unchanged"":false,""no_other_unclassified_top_level_calls"":false,""output_parseable"":false,""print_adjacent_to_assert"":false,""print_arguments_safe"":false,""print_removed_from_top_level"":false,""source_complete"":true,""source_parseable"":true}",fail,true
9B_complete_development300,9dbe9166f6ac22cedfafb269276c88ee25a37cf84044e736f7be00d8089464ba,67,9dbe9166f6ac22cedfafb269276c88ee25a37cf84044e736f7be00d8089464ba,Mbpp/777,22,Candidate_B_H0,qwen3.5:9b,find_sum,cb1af19e1fa01ea4684aabac3b4308abf204e5baaffe3a2b92e515ef1a02326b,cb1af19e1fa01ea4684aabac3b4308abf204e5baaffe3a2b92e515ef1a02326b,false,false,true,no_top_level_print,"{""assert_literal_entrypoint_selftest"":false,""assert_matches_public_selftest"":false,""assert_remains_top_level"":false,""builtin_print_unshadowed"":false,""entrypoint_unique"":true,""exactly_one_top_level_assert"":false,""exactly_one_top_level_print"":false,""extraction_unambiguous"":true,""function_segments_unchanged"":false,""no_other_unclassified_top_level_calls"":false,""output_parseable"":false,""print_adjacent_to_assert"":false,""print_arguments_safe"":false,""print_removed_from_top_level"":false,""source_complete"":true,""source_parseable"":true}",fail,true
9B_complete_development300,71012956073b53a6d9d9341681ec221238d2d1fe8cdd2dfc5a82291b2fb7d44f,68,71012956073b53a6d9d9341681ec221238d2d1fe8cdd2dfc5a82291b2fb7d44f,Mbpp/777,33,Candidate_B_H0,qwen3.5:9b,find_sum,cb1af19e1fa01ea4684aabac3b4308abf204e5baaffe3a2b92e515ef1a02326b,cb1af19e1fa01ea4684aabac3b4308abf204e5baaffe3a2b92e515ef1a02326b,false,false,true,no_top_level_print,"{""assert_literal_entrypoint_selftest"":false,""assert_matches_public_selftest"":false,""assert_remains_top_level"":false,""builtin_print_unshadowed"":false,""entrypoint_unique"":true,""exactly_one_top_level_assert"":false,""exactly_one_top_level_print"":false,""extraction_unambiguous"":true,""function_segments_unchanged"":false,""no_other_unclassified_top_level_calls"":false,""output_parseable"":false,""print_adjacent_to_assert"":false,""print_arguments_safe"":false,""print_removed_from_top_level"":false,""source_complete"":true,""source_parseable"":true}",fail,true
9B_complete_development300,77ac3b8fbd623bdf0762d2ed6082720197b57f51a53b8c77fcd77523604f047d,69,77ac3b8fbd623bdf0762d2ed6082720197b57f51a53b8c77fcd77523604f047d,Mbpp/777,44,Candidate_B_H0,qwen3.5:9b,find_sum,c085d65dc17cf98fa9a2be1b35d790f0529306e8196df1a4f837e8c8b9ea0181,c085d65dc17cf98fa9a2be1b35d790f0529306e8196df1a4f837e8c8b9ea0181,false,false,true,no_top_level_print,"{""assert_literal_entrypoint_selftest"":false,""assert_matches_public_selftest"":false,""assert_remains_top_level"":false,""builtin_print_unshadowed"":false,""entrypoint_unique"":true,""exactly_one_top_level_assert"":true,""exactly_one_top_level_print"":false,""extraction_unambiguous"":true,""function_segments_unchanged"":false,""no_other_unclassified_top_level_calls"":false,""output_parseable"":false,""print_adjacent_to_assert"":false,""print_arguments_safe"":false,""print_removed_from_top_level"":false,""source_complete"":true,""source_parseable"":true}",fail,true
9B_complete_development300,3ad5d1b48a0b82e99b69138c0bbead12450913eb8b7b049c8c101fb9acc5a34b,70,3ad5d1b48a0b82e99b69138c0bbead12450913eb8b7b049c8c101fb9acc5a34b,Mbpp/777,55,Candidate_B_H0,qwen3.5:9b,find_sum,c085d65dc17cf98fa9a2be1b35d790f0529306e8196df1a4f837e8c8b9ea0181,c085d65dc17cf98fa9a2be1b35d790f0529306e8196df1a4f837e8c8b9ea0181,false,false,true,no_top_level_print,"{""assert_literal_entrypoint_selftest"":false,""assert_matches_public_selftest"":false,""assert_remains_top_level"":false,""builtin_print_unshadowed"":false,""entrypoint_unique"":true,""exactly_one_top_level_assert"":true,""exactly_one_top_level_print"":false,""extraction_unambiguous"":true,""function_segments_unchanged"":false,""no_other_unclassified_top_level_calls"":false,""output_parseable"":false,""print_adjacent_to_assert"":false,""print_arguments_safe"":false,""print_removed_from_top_level"":false,""source_complete"":true,""source_parseable"":true}",fail,true
9B_complete_development300,df59c7d238b574cc10029a2d5c026996fa8af2e08ecc1c9af6c527261d8dc344,71,df59c7d238b574cc10029a2d5c026996fa8af2e08ecc1c9af6c527261d8dc344,Mbpp/473,11,Candidate_B_H0,qwen3.5:9b,tuple_intersection,41a9a8e39e400145b3210f7c1080c64648ffb9eaa96cc38dd69afb9fa850f6bf,41a9a8e39e400145b3210f7c1080c64648ffb9eaa96cc38dd69afb9fa850f6bf,false,false,true,no_top_level_print,"{""assert_literal_entrypoint_selftest"":false,""assert_matches_public_selftest"":false,""assert_remains_top_level"":false,""builtin_print_unshadowed"":false,""entrypoint_unique"":true,""exactly_one_top_level_assert"":false,""exactly_one_top_level_print"":false,""extraction_unambiguous"":true,""function_segments_unchanged"":false,""no_other_unclassified_top_level_calls"":false,""output_parseable"":false,""print_adjacent_to_assert"":false,""print_arguments_safe"":false,""print_removed_from_top_level"":false,""source_complete"":true,""source_parseable"":true}",fail,true
9B_complete_development300,039f4a374cc77f64b28e73e2cf6ed4f187ff728d4d000038f498b8383b6ebf58,72,039f4a374cc77f64b28e73e2cf6ed4f187ff728d4d000038f498b8383b6ebf58,Mbpp/473,22,Candidate_B_H0,qwen3.5:9b,tuple_intersection,fed9ffe2b9b56a8a4fa1f397e30b054f56bfbf3ba17e7c2888eb0fb3cce3061e,fed9ffe2b9b56a8a4fa1f397e30b054f56bfbf3ba17e7c2888eb0fb3cce3061e,false,false,true,no_top_level_print,"{""assert_literal_entrypoint_selftest"":false,""assert_matches_public_selftest"":false,""assert_remains_top_level"":false,""builtin_print_unshadowed"":false,""entrypoint_unique"":true,""exactly_one_top_level_assert"":false,""exactly_one_top_level_print"":false,""extraction_unambiguous"":true,""function_segments_unchanged"":false,""no_other_unclassified_top_level_calls"":false,""output_parseable"":false,""print_adjacent_to_assert"":false,""print_arguments_safe"":false,""print_removed_from_top_level"":false,""source_complete"":true,""source_parseable"":true}",pass,true
9B_complete_development300,e46a657fce3ecde2ac8078af376204deab08196894a3a0db8c3029e317c0a95c,73,e46a657fce3ecde2ac8078af376204deab08196894a3a0db8c3029e317c0a95c,Mbpp/473,33,Candidate_B_H0,qwen3.5:9b,tuple_intersection,7bd0aa525b04bdf890fb6cc6797deed14b988e7f50e22e6f4dedbeb7272122a5,7bd0aa525b04bdf890fb6cc6797deed14b988e7f50e22e6f4dedbeb7272122a5,false,false,true,no_top_level_print,"{""assert_literal_entrypoint_selftest"":false,""assert_matches_public_selftest"":false,""assert_remains_top_level"":false,""builtin_print_unshadowed"":false,""entrypoint_unique"":true,""exactly_one_top_level_assert"":false,""exactly_one_top_level_print"":false,""extraction_unambiguous"":true,""function_segments_unchanged"":false,""no_other_unclassified_top_level_calls"":false,""output_parseable"":false,""print_adjacent_to_assert"":false,""print_arguments_safe"":false,""print_removed_from_top_level"":false,""source_complete"":true,""source_parseable"":true}",fail,true
9B_complete_development300,05ba565a5478e8b03cc6dfade77b0aef32815421f0338f680afffef6a48018cc,74,05ba565a5478e8b03cc6dfade77b0aef32815421f0338f680afffef6a48018cc,Mbpp/473,44,Candidate_B_H0,qwen3.5:9b,tuple_intersection,fcebd5baaa8707b13553f05cfcdffaf38a93e19fb653b6e3eb9d1277c2935b8c,fcebd5baaa8707b13553f05cfcdffaf38a93e19fb653b6e3eb9d1277c2935b8c,false,false,true,entry_point_multiple,"{""assert_literal_entrypoint_selftest"":false,""assert_matches_public_selftest"":false,""assert_remains_top_level"":false,""builtin_print_unshadowed"":false,""entrypoint_unique"":false,""exactly_one_top_level_assert"":false,""exactly_one_top_level_print"":false,""extraction_unambiguous"":true,""function_segments_unchanged"":false,""no_other_unclassified_top_level_calls"":false,""output_parseable"":false,""print_adjacent_to_assert"":false,""print_arguments_safe"":false,""print_removed_from_top_level"":false,""source_complete"":true,""source_parseable"":true}",pass,true
9B_complete_development300,7545d939bbed34004192b1b463e1d5afa7a76b846269f93dd9d178209f9ae1c0,75,7545d939bbed34004192b1b463e1d5afa7a76b846269f93dd9d178209f9ae1c0,Mbpp/473,55,Candidate_B_H0,qwen3.5:9b,tuple_intersection,79ddca420c1ed1438840da51085338251321a06a95e45f2f8f443c24d6efb1b9,79ddca420c1ed1438840da51085338251321a06a95e45f2f8f443c24d6efb1b9,false,false,true,no_top_level_print,"{""assert_literal_entrypoint_selftest"":false,""assert_matches_public_selftest"":false,""assert_remains_top_level"":false,""builtin_print_unshadowed"":false,""entrypoint_unique"":true,""exactly_one_top_level_assert"":false,""exactly_one_top_level_print"":false,""extraction_unambiguous"":true,""function_segments_unchanged"":false,""no_other_unclassified_top_level_calls"":false,""output_parseable"":false,""print_adjacent_to_assert"":false,""print_arguments_safe"":false,""print_removed_from_top_level"":false,""source_complete"":true,""source_parseable"":true}",fail,true
9B_complete_development300,99ae79e1c728c4e373861cf15db121f3e54b378efca8166f60a565e2c8886814,76,99ae79e1c728c4e373861cf15db121f3e54b378efca8166f60a565e2c8886814,Mbpp/420,11,Candidate_B_H0,qwen3.5:9b,cube_Sum,8acc93ec16f9b720cd5b8ba2f0ed1a9c11e407a7c7cfcf6e23c975e7a3c2f522,8acc93ec16f9b720cd5b8ba2f0ed1a9c11e407a7c7cfcf6e23c975e7a3c2f522,false,false,true,no_top_level_print,"{""assert_literal_entrypoint_selftest"":false,""assert_matches_public_selftest"":false,""assert_remains_top_level"":false,""builtin_print_unshadowed"":false,""entrypoint_unique"":true,""exactly_one_top_level_assert"":false,""exactly_one_top_level_print"":false,""extraction_unambiguous"":true,""function_segments_unchanged"":false,""no_other_unclassified_top_level_calls"":false,""output_parseable"":false,""print_adjacent_to_assert"":false,""print_arguments_safe"":false,""print_removed_from_top_level"":false,""source_complete"":true,""source_parseable"":true}",pass,true
9B_complete_development300,ee4500bc7ee1f30cd60e63a082b10decf4d96d6ca0bdf4b918eee3f4f646b922,77,ee4500bc7ee1f30cd60e63a082b10decf4d96d6ca0bdf4b918eee3f4f646b922,Mbpp/420,22,Candidate_B_H0,qwen3.5:9b,cube_Sum,1f3fd202b2ff612ba20b4a957108a7dc117824836deb0396fc82895b628b2522,1f3fd202b2ff612ba20b4a957108a7dc117824836deb0396fc82895b628b2522,false,false,true,no_top_level_print,"{""assert_literal_entrypoint_selftest"":false,""assert_matches_public_selftest"":false,""assert_remains_top_level"":false,""builtin_print_unshadowed"":false,""entrypoint_unique"":true,""exactly_one_top_level_assert"":false,""exactly_one_top_level_print"":false,""extraction_unambiguous"":true,""function_segments_unchanged"":false,""no_other_unclassified_top_level_calls"":false,""output_parseable"":false,""print_adjacent_to_assert"":false,""print_arguments_safe"":false,""print_removed_from_top_level"":false,""source_complete"":true,""source_parseable"":true}",pass,true
9B_complete_development300,f2d7f8c5bef4f9d19088d1087537c7646f4dffb39896da0e432de540e1b5a3ba,78,f2d7f8c5bef4f9d19088d1087537c7646f4dffb39896da0e432de540e1b5a3ba,Mbpp/420,33,Candidate_B_H0,qwen3.5:9b,cube_Sum,72f158deebe925715218244ce959b44517704c10217ecb65277ffc0b5fc503a4,72f158deebe925715218244ce959b44517704c10217ecb65277ffc0b5fc503a4,false,false,true,no_top_level_print,"{""assert_literal_entrypoint_selftest"":false,""assert_matches_public_selftest"":false,""assert_remains_top_level"":false,""builtin_print_unshadowed"":false,""entrypoint_unique"":true,""exactly_one_top_level_assert"":true,""exactly_one_top_level_print"":false,""extraction_unambiguous"":true,""function_segments_unchanged"":false,""no_other_unclassified_top_level_calls"":false,""output_parseable"":false,""print_adjacent_to_assert"":false,""print_arguments_safe"":false,""print_removed_from_top_level"":false,""source_complete"":true,""source_parseable"":true}",pass,true
9B_complete_development300,54fa80068b54a4de0202d732bf47fd11c0059b3048242b5a122ac50075b4f03c,79,54fa80068b54a4de0202d732bf47fd11c0059b3048242b5a122ac50075b4f03c,Mbpp/420,44,Candidate_B_H0,qwen3.5:9b,cube_Sum,8acc93ec16f9b720cd5b8ba2f0ed1a9c11e407a7c7cfcf6e23c975e7a3c2f522,8acc93ec16f9b720cd5b8ba2f0ed1a9c11e407a7c7cfcf6e23c975e7a3c2f522,false,false,true,no_top_level_print,"{""assert_literal_entrypoint_selftest"":false,""assert_matches_public_selftest"":false,""assert_remains_top_level"":false,""builtin_print_unshadowed"":false,""entrypoint_unique"":true,""exactly_one_top_level_assert"":false,""exactly_one_top_level_print"":false,""extraction_unambiguous"":true,""function_segments_unchanged"":false,""no_other_unclassified_top_level_calls"":false,""output_parseable"":false,""print_adjacent_to_assert"":false,""print_arguments_safe"":false,""print_removed_from_top_level"":false,""source_complete"":true,""source_parseable"":true}",pass,true
9B_complete_development300,9758d04656715a61afb5fd7c385cbda4f47106c917e02e4758606c8dfdbddc57,80,9758d04656715a61afb5fd7c385cbda4f47106c917e02e4758606c8dfdbddc57,Mbpp/420,55,Candidate_B_H0,qwen3.5:9b,cube_Sum,16f5e4541bf576d5c820b8132b0333a463c7b6ec804da991e3e45ec94aa42995,16f5e4541bf576d5c820b8132b0333a463c7b6ec804da991e3e45ec94aa42995,false,false,true,no_top_level_print,"{""assert_literal_entrypoint_selftest"":false,""assert_matches_public_selftest"":false,""assert_remains_top_level"":false,""builtin_print_unshadowed"":false,""entrypoint_unique"":true,""exactly_one_top_level_assert"":true,""exactly_one_top_level_print"":false,""extraction_unambiguous"":true,""function_segments_unchanged"":false,""no_other_unclassified_top_level_calls"":false,""output_parseable"":false,""print_adjacent_to_assert"":false,""print_arguments_safe"":false,""print_removed_from_top_level"":false,""source_complete"":true,""source_parseable"":true}",pass,true
9B_complete_development300,8c4a86b4c5c2dc7f2ec53338538b0859c10c4920752c5d3fe775a0332148cd44,81,8c4a86b4c5c2dc7f2ec53338538b0859c10c4920752c5d3fe775a0332148cd44,Mbpp/742,11,Candidate_B_H0,qwen3.5:9b,area_tetrahedron,f4490808899e16947fcb70c38e43256419b4ea33bf5b57630cce463b73f54ea9,f4490808899e16947fcb70c38e43256419b4ea33bf5b57630cce463b73f54ea9,false,false,true,no_top_level_print,"{""assert_literal_entrypoint_selftest"":false,""assert_matches_public_selftest"":false,""assert_remains_top_level"":false,""builtin_print_unshadowed"":false,""entrypoint_unique"":true,""exactly_one_top_level_assert"":false,""exactly_one_top_level_print"":false,""extraction_unambiguous"":true,""function_segments_unchanged"":false,""no_other_unclassified_top_level_calls"":false,""output_parseable"":false,""print_adjacent_to_assert"":false,""print_arguments_safe"":false,""print_removed_from_top_level"":false,""source_complete"":true,""source_parseable"":true}",fail,true
9B_complete_development300,730042eea50b8ad4aae34728ece3f1ab16b2bb97771f5b3ddd5e5745c7e71585,82,730042eea50b8ad4aae34728ece3f1ab16b2bb97771f5b3ddd5e5745c7e71585,Mbpp/742,22,Candidate_B_H0,qwen3.5:9b,area_tetrahedron,a74667cdd2f07abca9082b38b05f98b15d1e027c18b8cf500eea1b24aa8b295f,a74667cdd2f07abca9082b38b05f98b15d1e027c18b8cf500eea1b24aa8b295f,false,false,true,no_top_level_print,"{""assert_literal_entrypoint_selftest"":false,""assert_matches_public_selftest"":false,""assert_remains_top_level"":false,""builtin_print_unshadowed"":false,""entrypoint_unique"":true,""exactly_one_top_level_assert"":true,""exactly_one_top_level_print"":false,""extraction_unambiguous"":true,""function_segments_unchanged"":false,""no_other_unclassified_top_level_calls"":false,""output_parseable"":false,""print_adjacent_to_assert"":false,""print_arguments_safe"":false,""print_removed_from_top_level"":false,""source_complete"":true,""source_parseable"":true}",fail,true
9B_complete_development300,000357b8ea9e8c7519556e3a8c85625c29516c022be9ed61c9a8fdd3d229c169,83,000357b8ea9e8c7519556e3a8c85625c29516c022be9ed61c9a8fdd3d229c169,Mbpp/742,33,Candidate_B_H0,qwen3.5:9b,area_tetrahedron,4fede0a287e44bb06a7a3ff79c9ac643959414e3c14a812a5cf23b8ab72152fc,4fede0a287e44bb06a7a3ff79c9ac643959414e3c14a812a5cf23b8ab72152fc,false,false,true,no_top_level_print,"{""assert_literal_entrypoint_selftest"":false,""assert_matches_public_selftest"":false,""assert_remains_top_level"":false,""builtin_print_unshadowed"":false,""entrypoint_unique"":true,""exactly_one_top_level_assert"":true,""exactly_one_top_level_print"":false,""extraction_unambiguous"":true,""function_segments_unchanged"":false,""no_other_unclassified_top_level_calls"":false,""output_parseable"":false,""print_adjacent_to_assert"":false,""print_arguments_safe"":false,""print_removed_from_top_level"":false,""source_complete"":true,""source_parseable"":true}",fail,true
9B_complete_development300,165c873221f996a992adfe426b96e62865dddc2407ce93ba89df3ea882dfac54,84,165c873221f996a992adfe426b96e62865dddc2407ce93ba89df3ea882dfac54,Mbpp/742,44,Candidate_B_H0,qwen3.5:9b,area_tetrahedron,f4490808899e16947fcb70c38e43256419b4ea33bf5b57630cce463b73f54ea9,f4490808899e16947fcb70c38e43256419b4ea33bf5b57630cce463b73f54ea9,false,false,true,no_top_level_print,"{""assert_literal_entrypoint_selftest"":false,""assert_matches_public_selftest"":false,""assert_remains_top_level"":false,""builtin_print_unshadowed"":false,""entrypoint_unique"":true,""exactly_one_top_level_assert"":false,""exactly_one_top_level_print"":false,""extraction_unambiguous"":true,""function_segments_unchanged"":false,""no_other_unclassified_top_level_calls"":false,""output_parseable"":false,""print_adjacent_to_assert"":false,""print_arguments_safe"":false,""print_removed_from_top_level"":false,""source_complete"":true,""source_parseable"":true}",fail,true
9B_complete_development300,8406e78362de082453800aa627d56e53b5170bf464a7358ed301f3612aeb1ff3,85,8406e78362de082453800aa627d56e53b5170bf464a7358ed301f3612aeb1ff3,Mbpp/742,55,Candidate_B_H0,qwen3.5:9b,area_tetrahedron,3e66023365706e3411fd45ed91862f4388607bdf2ad1e7e75415681f9db16b81,3e66023365706e3411fd45ed91862f4388607bdf2ad1e7e75415681f9db16b81,false,false,true,no_top_level_print,"{""assert_literal_entrypoint_selftest"":false,""assert_matches_public_selftest"":false,""assert_remains_top_level"":false,""builtin_print_unshadowed"":false,""entrypoint_unique"":true,""exactly_one_top_level_assert"":false,""exactly_one_top_level_print"":false,""extraction_unambiguous"":true,""function_segments_unchanged"":false,""no_other_unclassified_top_level_calls"":false,""output_parseable"":false,""print_adjacent_to_assert"":false,""print_arguments_safe"":false,""print_removed_from_top_level"":false,""source_complete"":true,""source_parseable"":true}",fail,true
9B_complete_development300,3162f7ce0a2214cadadba6f4903b5961215cda0f2d6eb3ea126a92f69e605640,86,3162f7ce0a2214cadadba6f4903b5961215cda0f2d6eb3ea126a92f69e605640,Mbpp/279,11,Candidate_B_H0,qwen3.5:9b,is_num_decagonal,1e09c6044f8e42f61f223b89540df7830694bc5ad4fe32a8c131945c012a5971,1e09c6044f8e42f61f223b89540df7830694bc5ad4fe32a8c131945c012a5971,false,false,true,no_top_level_print,"{""assert_literal_entrypoint_selftest"":false,""assert_matches_public_selftest"":false,""assert_remains_top_level"":false,""builtin_print_unshadowed"":false,""entrypoint_unique"":true,""exactly_one_top_level_assert"":false,""exactly_one_top_level_print"":false,""extraction_unambiguous"":true,""function_segments_unchanged"":false,""no_other_unclassified_top_level_calls"":false,""output_parseable"":false,""print_adjacent_to_assert"":false,""print_arguments_safe"":false,""print_removed_from_top_level"":false,""source_complete"":true,""source_parseable"":true}",fail,true
9B_complete_development300,0ccf0f940c52dbf90d4e25aa554e4a6cf41703658cc8dc88f380d32d585b7d45,87,0ccf0f940c52dbf90d4e25aa554e4a6cf41703658cc8dc88f380d32d585b7d45,Mbpp/279,22,Candidate_B_H0,qwen3.5:9b,is_num_decagonal,3fb5142fe7892eb080a2af51a0235c875d9c2575d142822e680b79f0a31cf2bd,3fb5142fe7892eb080a2af51a0235c875d9c2575d142822e680b79f0a31cf2bd,false,false,true,no_top_level_print,"{""assert_literal_entrypoint_selftest"":false,""assert_matches_public_selftest"":false,""assert_remains_top_level"":false,""builtin_print_unshadowed"":false,""entrypoint_unique"":true,""exactly_one_top_level_assert"":false,""exactly_one_top_level_print"":false,""extraction_unambiguous"":true,""function_segments_unchanged"":false,""no_other_unclassified_top_level_calls"":false,""output_parseable"":false,""print_adjacent_to_assert"":false,""print_arguments_safe"":false,""print_removed_from_top_level"":false,""source_complete"":true,""source_parseable"":true}",fail,true
9B_complete_development300,84f71b53c98028b255fd361fab6deec391cb7e68bf49bd27e8a27950260897d1,88,84f71b53c98028b255fd361fab6deec391cb7e68bf49bd27e8a27950260897d1,Mbpp/279,33,Candidate_B_H0,qwen3.5:9b,is_num_decagonal,4dcb25dc6c726e6a13792e642e64741a55cb55c2db073fc1833e20ad2d2729f2,4dcb25dc6c726e6a13792e642e64741a55cb55c2db073fc1833e20ad2d2729f2,false,false,true,no_top_level_print,"{""assert_literal_entrypoint_selftest"":false,""assert_matches_public_selftest"":false,""assert_remains_top_level"":false,""builtin_print_unshadowed"":false,""entrypoint_unique"":true,""exactly_one_top_level_assert"":true,""exactly_one_top_level_print"":false,""extraction_unambiguous"":true,""function_segments_unchanged"":false,""no_other_unclassified_top_level_calls"":false,""output_parseable"":false,""print_adjacent_to_assert"":false,""print_arguments_safe"":false,""print_removed_from_top_level"":false,""source_complete"":true,""source_parseable"":true}",fail,true
9B_complete_development300,0289530320e18702b3707c97e303a554dad0bdbb69b4aa25e0a3382ec2da0e89,89,0289530320e18702b3707c97e303a554dad0bdbb69b4aa25e0a3382ec2da0e89,Mbpp/279,44,Candidate_B_H0,qwen3.5:9b,is_num_decagonal,7f234af80d27dcd88170f9361953d4bcee45c38a131a0d2b18b4a91d3b481955,7f234af80d27dcd88170f9361953d4bcee45c38a131a0d2b18b4a91d3b481955,false,false,true,no_top_level_print,"{""assert_literal_entrypoint_selftest"":false,""assert_matches_public_selftest"":false,""assert_remains_top_level"":false,""builtin_print_unshadowed"":false,""entrypoint_unique"":true,""exactly_one_top_level_assert"":false,""exactly_one_top_level_print"":false,""extraction_unambiguous"":true,""function_segments_unchanged"":false,""no_other_unclassified_top_level_calls"":false,""output_parseable"":false,""print_adjacent_to_assert"":false,""print_arguments_safe"":false,""print_removed_from_top_level"":false,""source_complete"":true,""source_parseable"":true}",fail,true
9B_complete_development300,4f6a1f242e4b63146785d435f3e0bcf3a50933bc9aec8a6045795b5d4e998a4b,90,4f6a1f242e4b63146785d435f3e0bcf3a50933bc9aec8a6045795b5d4e998a4b,Mbpp/279,55,Candidate_B_H0,qwen3.5:9b,is_num_decagonal,63ecf3cd1dd3e4fcf5b2bb3492dfe18ebcbb1e8998dc9f4125e25b812a783cae,63ecf3cd1dd3e4fcf5b2bb3492dfe18ebcbb1e8998dc9f4125e25b812a783cae,false,false,true,no_top_level_print,"{""assert_literal_entrypoint_selftest"":false,""assert_matches_public_selftest"":false,""assert_remains_top_level"":false,""builtin_print_unshadowed"":false,""entrypoint_unique"":true,""exactly_one_top_level_assert"":true,""exactly_one_top_level_print"":false,""extraction_unambiguous"":true,""function_segments_unchanged"":false,""no_other_unclassified_top_level_calls"":false,""output_parseable"":false,""print_adjacent_to_assert"":false,""print_arguments_safe"":false,""print_removed_from_top_level"":false,""source_complete"":true,""source_parseable"":true}",fail,true
9B_complete_development300,151a1b3981da65abb7a94e2b2acac6491de4d6ad470da3c006f94b9a85273346,91,151a1b3981da65abb7a94e2b2acac6491de4d6ad470da3c006f94b9a85273346,Mbpp/125,11,Candidate_B_H0,qwen3.5:9b,find_length,1251372680e466490ba6c5c2f79d4313981ebe25e5709af7583b2c7ad0a1fcf5,1251372680e466490ba6c5c2f79d4313981ebe25e5709af7583b2c7ad0a1fcf5,false,false,true,no_top_level_print,"{""assert_literal_entrypoint_selftest"":false,""assert_matches_public_selftest"":false,""assert_remains_top_level"":false,""builtin_print_unshadowed"":false,""entrypoint_unique"":true,""exactly_one_top_level_assert"":false,""exactly_one_top_level_print"":false,""extraction_unambiguous"":true,""function_segments_unchanged"":false,""no_other_unclassified_top_level_calls"":false,""output_parseable"":false,""print_adjacent_to_assert"":false,""print_arguments_safe"":false,""print_removed_from_top_level"":false,""source_complete"":true,""source_parseable"":true}",fail,true
9B_complete_development300,a7c5e468fd8e7f01cc9fb5356ef31e0d54c59de4a6f4a4546eb92cfc8ab8b56f,92,a7c5e468fd8e7f01cc9fb5356ef31e0d54c59de4a6f4a4546eb92cfc8ab8b56f,Mbpp/125,22,Candidate_B_H0,qwen3.5:9b,find_length,d248dd57a6a4182a2e61427b9f9d1df15a06a4317c0d75753f00fd786c55fb7c,d248dd57a6a4182a2e61427b9f9d1df15a06a4317c0d75753f00fd786c55fb7c,false,false,true,no_top_level_print,"{""assert_literal_entrypoint_selftest"":false,""assert_matches_public_selftest"":false,""assert_remains_top_level"":false,""builtin_print_unshadowed"":false,""entrypoint_unique"":true,""exactly_one_top_level_assert"":true,""exactly_one_top_level_print"":false,""extraction_unambiguous"":true,""function_segments_unchanged"":false,""no_other_unclassified_top_level_calls"":false,""output_parseable"":false,""print_adjacent_to_assert"":false,""print_arguments_safe"":false,""print_removed_from_top_level"":false,""source_complete"":true,""source_parseable"":true}",pass,true
9B_complete_development300,34f117accef513aaccebfa5edabc725dbc78ef1301e0ac16b4fb794b619a477b,93,34f117accef513aaccebfa5edabc725dbc78ef1301e0ac16b4fb794b619a477b,Mbpp/125,33,Candidate_B_H0,qwen3.5:9b,find_length,bb14c214444d2046af3968bde8964bb29c21f59b1431f00a1d717bf412d4fb68,bb14c214444d2046af3968bde8964bb29c21f59b1431f00a1d717bf412d4fb68,false,false,true,no_top_level_print,"{""assert_literal_entrypoint_selftest"":false,""assert_matches_public_selftest"":false,""assert_remains_top_level"":false,""builtin_print_unshadowed"":false,""entrypoint_unique"":true,""exactly_one_top_level_assert"":true,""exactly_one_top_level_print"":false,""extraction_unambiguous"":true,""function_segments_unchanged"":false,""no_other_unclassified_top_level_calls"":false,""output_parseable"":false,""print_adjacent_to_assert"":false,""print_arguments_safe"":false,""print_removed_from_top_level"":false,""source_complete"":true,""source_parseable"":true}",fail,true
9B_complete_development300,f85bb6c1efa65465700b139dec03e685dcf850a8f10c477b5c882562b3a06bae,94,f85bb6c1efa65465700b139dec03e685dcf850a8f10c477b5c882562b3a06bae,Mbpp/125,44,Candidate_B_H0,qwen3.5:9b,find_length,225f3ba9809a01c9befe83140a77c4b6193e128604aa99a47b2a06a7f3bfc5f8,225f3ba9809a01c9befe83140a77c4b6193e128604aa99a47b2a06a7f3bfc5f8,false,false,true,no_top_level_print,"{""assert_literal_entrypoint_selftest"":false,""assert_matches_public_selftest"":false,""assert_remains_top_level"":false,""builtin_print_unshadowed"":false,""entrypoint_unique"":true,""exactly_one_top_level_assert"":true,""exactly_one_top_level_print"":false,""extraction_unambiguous"":true,""function_segments_unchanged"":false,""no_other_unclassified_top_level_calls"":false,""output_parseable"":false,""print_adjacent_to_assert"":false,""print_arguments_safe"":false,""print_removed_from_top_level"":false,""source_complete"":true,""source_parseable"":true}",fail,true
9B_complete_development300,7d222fbf55bad2d3b5d9c780f0fab275d7a48eddfe0646b7aec968b0fb898d28,95,7d222fbf55bad2d3b5d9c780f0fab275d7a48eddfe0646b7aec968b0fb898d28,Mbpp/125,55,Candidate_B_H0,qwen3.5:9b,find_length,223aa16a21c9230b04fa1455c135aa2e1efa23c9c08dca50c9038cc99b935af7,223aa16a21c9230b04fa1455c135aa2e1efa23c9c08dca50c9038cc99b935af7,false,false,true,entry_point_multiple,"{""assert_literal_entrypoint_selftest"":false,""assert_matches_public_selftest"":false,""assert_remains_top_level"":false,""builtin_print_unshadowed"":false,""entrypoint_unique"":false,""exactly_one_top_level_assert"":true,""exactly_one_top_level_print"":false,""extraction_unambiguous"":true,""function_segments_unchanged"":false,""no_other_unclassified_top_level_calls"":false,""output_parseable"":false,""print_adjacent_to_assert"":false,""print_arguments_safe"":false,""print_removed_from_top_level"":false,""source_complete"":true,""source_parseable"":true}",fail,true
9B_complete_development300,8699ddc85623d70a3dbe7a1089a83253609f045283508b07921ba71c727553f2,96,8699ddc85623d70a3dbe7a1089a83253609f045283508b07921ba71c727553f2,Mbpp/603,11,Candidate_B_H0,qwen3.5:9b,get_ludic,4e36de517f125bd4b02bdff2ffe026e1df9b99276dfefeac5931d319f1be410f,4e36de517f125bd4b02bdff2ffe026e1df9b99276dfefeac5931d319f1be410f,false,false,true,entry_point_multiple,"{""assert_literal_entrypoint_selftest"":false,""assert_matches_public_selftest"":false,""assert_remains_top_level"":false,""builtin_print_unshadowed"":false,""entrypoint_unique"":false,""exactly_one_top_level_assert"":false,""exactly_one_top_level_print"":false,""extraction_unambiguous"":true,""function_segments_unchanged"":false,""no_other_unclassified_top_level_calls"":false,""output_parseable"":false,""print_adjacent_to_assert"":false,""print_arguments_safe"":false,""print_removed_from_top_level"":false,""source_complete"":true,""source_parseable"":true}",fail,true
9B_complete_development300,5e7b11eaaa932e83d0b496103cbe88e706d6b4edcbf5190b1395b7cdb7bc26a9,97,5e7b11eaaa932e83d0b496103cbe88e706d6b4edcbf5190b1395b7cdb7bc26a9,Mbpp/603,22,Candidate_B_H0,qwen3.5:9b,get_ludic,b5bf4678b01b579cbad8711d141e00fc34fa781b4ebd17a9df34dce599114e7d,b5bf4678b01b579cbad8711d141e00fc34fa781b4ebd17a9df34dce599114e7d,false,false,true,no_top_level_print,"{""assert_literal_entrypoint_selftest"":false,""assert_matches_public_selftest"":false,""assert_remains_top_level"":false,""builtin_print_unshadowed"":false,""entrypoint_unique"":true,""exactly_one_top_level_assert"":false,""exactly_one_top_level_print"":false,""extraction_unambiguous"":true,""function_segments_unchanged"":false,""no_other_unclassified_top_level_calls"":false,""output_parseable"":false,""print_adjacent_to_assert"":false,""print_arguments_safe"":false,""print_removed_from_top_level"":false,""source_complete"":true,""source_parseable"":true}",fail,true
9B_complete_development300,e913935149eda6911282b2a55b7d9d5cae085f851c495a40ae567a9ffeccd7a8,98,e913935149eda6911282b2a55b7d9d5cae085f851c495a40ae567a9ffeccd7a8,Mbpp/603,33,Candidate_B_H0,qwen3.5:9b,get_ludic,79879a43672bbc1c6a86d201624bb770bb0722953a7ebabed224649a5eda820f,79879a43672bbc1c6a86d201624bb770bb0722953a7ebabed224649a5eda820f,false,false,true,no_top_level_print,"{""assert_literal_entrypoint_selftest"":false,""assert_matches_public_selftest"":false,""assert_remains_top_level"":false,""builtin_print_unshadowed"":false,""entrypoint_unique"":true,""exactly_one_top_level_assert"":false,""exactly_one_top_level_print"":false,""extraction_unambiguous"":true,""function_segments_unchanged"":false,""no_other_unclassified_top_level_calls"":false,""output_parseable"":false,""print_adjacent_to_assert"":false,""print_arguments_safe"":false,""print_removed_from_top_level"":false,""source_complete"":true,""source_parseable"":true}",fail,true
9B_complete_development300,f7cd9a0efd5aaae05bb82f188fc82cdd0d12807f03dd5a172a975da8503a2ea0,99,f7cd9a0efd5aaae05bb82f188fc82cdd0d12807f03dd5a172a975da8503a2ea0,Mbpp/603,44,Candidate_B_H0,qwen3.5:9b,get_ludic,de426b9ccda0ce8781f255348cf07a6b7ab739975d3ded5d400745aac499dd7b,de426b9ccda0ce8781f255348cf07a6b7ab739975d3ded5d400745aac499dd7b,false,false,true,source_unparseable,"{""assert_literal_entrypoint_selftest"":false,""assert_matches_public_selftest"":false,""assert_remains_top_level"":false,""builtin_print_unshadowed"":false,""entrypoint_unique"":false,""exactly_one_top_level_assert"":false,""exactly_one_top_level_print"":false,""extraction_unambiguous"":true,""function_segments_unchanged"":false,""no_other_unclassified_top_level_calls"":false,""output_parseable"":false,""print_adjacent_to_assert"":false,""print_arguments_safe"":false,""print_removed_from_top_level"":false,""source_complete"":false,""source_parseable"":false}",fail,true
9B_complete_development300,3d8f665599c899efffbde016b5ed0181c01fde8ac62b138cb4a1a491713c3071,100,3d8f665599c899efffbde016b5ed0181c01fde8ac62b138cb4a1a491713c3071,Mbpp/603,55,Candidate_B_H0,qwen3.5:9b,get_ludic,ed0743cf3f5ea07206f14b219387480c60b1b413df0efd2be406387b981b23b6,ed0743cf3f5ea07206f14b219387480c60b1b413df0efd2be406387b981b23b6,false,false,true,source_truncated_or_completion_unknown,"{""assert_literal_entrypoint_selftest"":false,""assert_matches_public_selftest"":false,""assert_remains_top_level"":false,""builtin_print_unshadowed"":false,""entrypoint_unique"":false,""exactly_one_top_level_assert"":false,""exactly_one_top_level_print"":false,""extraction_unambiguous"":true,""function_segments_unchanged"":false,""no_other_unclassified_top_level_calls"":false,""output_parseable"":false,""print_adjacent_to_assert"":false,""print_arguments_safe"":false,""print_removed_from_top_level"":false,""source_complete"":false,""source_parseable"":true}",fail,true
9B_complete_development300,866739b5b8f57631f1a69318ccccf5b802b31f0fc38b57e6a75e358d9ef9a9c2,101,866739b5b8f57631f1a69318ccccf5b802b31f0fc38b57e6a75e358d9ef9a9c2,Mbpp/748,11,Candidate_B_H0,qwen3.5:9b,capital_words_spaces,e90098ad2d9146729054842c76873d3e89b0d2b8f064d2079219cd621cd3e126,e90098ad2d9146729054842c76873d3e89b0d2b8f064d2079219cd621cd3e126,false,false,true,no_top_level_print,"{""assert_literal_entrypoint_selftest"":false,""assert_matches_public_selftest"":false,""assert_remains_top_level"":false,""builtin_print_unshadowed"":false,""entrypoint_unique"":true,""exactly_one_top_level_assert"":false,""exactly_one_top_level_print"":false,""extraction_unambiguous"":true,""function_segments_unchanged"":false,""no_other_unclassified_top_level_calls"":false,""output_parseable"":false,""print_adjacent_to_assert"":false,""print_arguments_safe"":false,""print_removed_from_top_level"":false,""source_complete"":true,""source_parseable"":true}",fail,true
9B_complete_development300,b677e7ee4faca0108c29317a74d6acd3c5f699de647fe062c61ad5efc6dbb2e5,102,b677e7ee4faca0108c29317a74d6acd3c5f699de647fe062c61ad5efc6dbb2e5,Mbpp/748,22,Candidate_B_H0,qwen3.5:9b,capital_words_spaces,3be5279fad8d88ccd74c20a43ade6ea38016287d64772325a78e524f4ae9e798,3be5279fad8d88ccd74c20a43ade6ea38016287d64772325a78e524f4ae9e798,false,false,true,no_top_level_print,"{""assert_literal_entrypoint_selftest"":false,""assert_matches_public_selftest"":false,""assert_remains_top_level"":false,""builtin_print_unshadowed"":false,""entrypoint_unique"":true,""exactly_one_top_level_assert"":false,""exactly_one_top_level_print"":false,""extraction_unambiguous"":true,""function_segments_unchanged"":false,""no_other_unclassified_top_level_calls"":false,""output_parseable"":false,""print_adjacent_to_assert"":false,""print_arguments_safe"":false,""print_removed_from_top_level"":false,""source_complete"":true,""source_parseable"":true}",fail,true
9B_complete_development300,65b945dcb63cfad531df7d56b1817fde397b27f6dff98c6581a337b4c41d31c3,103,65b945dcb63cfad531df7d56b1817fde397b27f6dff98c6581a337b4c41d31c3,Mbpp/748,33,Candidate_B_H0,qwen3.5:9b,capital_words_spaces,a39da894f1d65920c59b150b57dac729576980fada5a7b464dda90f96e6209a6,a39da894f1d65920c59b150b57dac729576980fada5a7b464dda90f96e6209a6,false,false,true,no_top_level_print,"{""assert_literal_entrypoint_selftest"":false,""assert_matches_public_selftest"":false,""assert_remains_top_level"":false,""builtin_print_unshadowed"":false,""entrypoint_unique"":true,""exactly_one_top_level_assert"":false,""exactly_one_top_level_print"":false,""extraction_unambiguous"":true,""function_segments_unchanged"":false,""no_other_unclassified_top_level_calls"":false,""output_parseable"":false,""print_adjacent_to_assert"":false,""print_arguments_safe"":false,""print_removed_from_top_level"":false,""source_complete"":true,""source_parseable"":true}",fail,true
9B_complete_development300,a8954da149cf2b2798c61370566a7ffae02a90b9b497e047e36999d7a77a653d,104,a8954da149cf2b2798c61370566a7ffae02a90b9b497e047e36999d7a77a653d,Mbpp/748,44,Candidate_B_H0,qwen3.5:9b,capital_words_spaces,621d5f3adb9598c983a7658b507f2ece90c1b942f520fd7ea95a16e7368e7f76,621d5f3adb9598c983a7658b507f2ece90c1b942f520fd7ea95a16e7368e7f76,false,false,true,entry_point_multiple,"{""assert_literal_entrypoint_selftest"":false,""assert_matches_public_selftest"":false,""assert_remains_top_level"":false,""builtin_print_unshadowed"":false,""entrypoint_unique"":false,""exactly_one_top_level_assert"":false,""exactly_one_top_level_print"":false,""extraction_unambiguous"":true,""function_segments_unchanged"":false,""no_other_unclassified_top_level_calls"":false,""output_parseable"":false,""print_adjacent_to_assert"":false,""print_arguments_safe"":false,""print_removed_from_top_level"":false,""source_complete"":true,""source_parseable"":true}",fail,true
9B_complete_development300,0f51d44f44faf38d9fbe794eb4c86a316809d300c9a5e206289d459bb71cabbf,105,0f51d44f44faf38d9fbe794eb4c86a316809d300c9a5e206289d459bb71cabbf,Mbpp/748,55,Candidate_B_H0,qwen3.5:9b,capital_words_spaces,66ccd8ac06dbe7c67b87a3527df4b78ac9f4ad798adc70efbe5634596f2d4f89,66ccd8ac06dbe7c67b87a3527df4b78ac9f4ad798adc70efbe5634596f2d4f89,false,false,true,no_top_level_print,"{""assert_literal_entrypoint_selftest"":false,""assert_matches_public_selftest"":false,""assert_remains_top_level"":false,""builtin_print_unshadowed"":false,""entrypoint_unique"":true,""exactly_one_top_level_assert"":false,""exactly_one_top_level_print"":false,""extraction_unambiguous"":true,""function_segments_unchanged"":false,""no_other_unclassified_top_level_calls"":false,""output_parseable"":false,""print_adjacent_to_assert"":false,""print_arguments_safe"":false,""print_removed_from_top_level"":false,""source_complete"":true,""source_parseable"":true}",fail,true
9B_complete_development300,cd5cfd344314f6730c9a7f680d7dd55ffb98b7b3562126fbe7929ed3b8ca636d,106,cd5cfd344314f6730c9a7f680d7dd55ffb98b7b3562126fbe7929ed3b8ca636d,Mbpp/759,11,Candidate_B_H0,qwen3.5:9b,is_decimal,8b7af8104501d5bc47dccdb750b4e89120dd129943825a9f042e126f41461a2d,8b7af8104501d5bc47dccdb750b4e89120dd129943825a9f042e126f41461a2d,false,false,true,no_top_level_print,"{""assert_literal_entrypoint_selftest"":false,""assert_matches_public_selftest"":false,""assert_remains_top_level"":false,""builtin_print_unshadowed"":false,""entrypoint_unique"":true,""exactly_one_top_level_assert"":false,""exactly_one_top_level_print"":false,""extraction_unambiguous"":true,""function_segments_unchanged"":false,""no_other_unclassified_top_level_calls"":false,""output_parseable"":false,""print_adjacent_to_assert"":false,""print_arguments_safe"":false,""print_removed_from_top_level"":false,""source_complete"":true,""source_parseable"":true}",fail,true
9B_complete_development300,252857c7146e4e03a3ab17d02333bc99e89b8b38f5ed12e1c1a6f8ad88707eae,107,252857c7146e4e03a3ab17d02333bc99e89b8b38f5ed12e1c1a6f8ad88707eae,Mbpp/759,22,Candidate_B_H0,qwen3.5:9b,is_decimal,bc431a9c0613f35a19b17d6c28a54bedf0fd0a2fd4cccf5ec55dc93a54e2ca23,bc431a9c0613f35a19b17d6c28a54bedf0fd0a2fd4cccf5ec55dc93a54e2ca23,false,false,true,no_top_level_print,"{""assert_literal_entrypoint_selftest"":false,""assert_matches_public_selftest"":false,""assert_remains_top_level"":false,""builtin_print_unshadowed"":false,""entrypoint_unique"":true,""exactly_one_top_level_assert"":false,""exactly_one_top_level_print"":false,""extraction_unambiguous"":true,""function_segments_unchanged"":false,""no_other_unclassified_top_level_calls"":false,""output_parseable"":false,""print_adjacent_to_assert"":false,""print_arguments_safe"":false,""print_removed_from_top_level"":false,""source_complete"":true,""source_parseable"":true}",fail,true
9B_complete_development300,4378e8d490f8f3ec4fca63d29b42264fbfb25d6f05a847acf0868d3b54f7c1a9,108,4378e8d490f8f3ec4fca63d29b42264fbfb25d6f05a847acf0868d3b54f7c1a9,Mbpp/759,33,Candidate_B_H0,qwen3.5:9b,is_decimal,7f227ca941b3751dc9cf1c0801569df1a85f8515d23dc74b32c42dc038125e34,7f227ca941b3751dc9cf1c0801569df1a85f8515d23dc74b32c42dc038125e34,false,false,true,no_top_level_print,"{""assert_literal_entrypoint_selftest"":false,""assert_matches_public_selftest"":false,""assert_remains_top_level"":false,""builtin_print_unshadowed"":false,""entrypoint_unique"":true,""exactly_one_top_level_assert"":false,""exactly_one_top_level_print"":false,""extraction_unambiguous"":true,""function_segments_unchanged"":false,""no_other_unclassified_top_level_calls"":false,""output_parseable"":false,""print_adjacent_to_assert"":false,""print_arguments_safe"":false,""print_removed_from_top_level"":false,""source_complete"":true,""source_parseable"":true}",fail,true
9B_complete_development300,fab2363176ff08eb4050cfd8bed0ddd21793185ed25dbec2e8f54dde571ae77a,109,fab2363176ff08eb4050cfd8bed0ddd21793185ed25dbec2e8f54dde571ae77a,Mbpp/759,44,Candidate_B_H0,qwen3.5:9b,is_decimal,062f2601db8d83b1d5f235aa87d363a9a4a8f4bc8a8d8ad563d8a7a8f90f2af0,062f2601db8d83b1d5f235aa87d363a9a4a8f4bc8a8d8ad563d8a7a8f90f2af0,false,false,true,no_top_level_print,"{""assert_literal_entrypoint_selftest"":false,""assert_matches_public_selftest"":false,""assert_remains_top_level"":false,""builtin_print_unshadowed"":false,""entrypoint_unique"":true,""exactly_one_top_level_assert"":false,""exactly_one_top_level_print"":false,""extraction_unambiguous"":true,""function_segments_unchanged"":false,""no_other_unclassified_top_level_calls"":false,""output_parseable"":false,""print_adjacent_to_assert"":false,""print_arguments_safe"":false,""print_removed_from_top_level"":false,""source_complete"":true,""source_parseable"":true}",fail,true
9B_complete_development300,392899632bcf304144c5f48b7ac2120b6a200c6ce845b067a875cb427149c55a,110,392899632bcf304144c5f48b7ac2120b6a200c6ce845b067a875cb427149c55a,Mbpp/759,55,Candidate_B_H0,qwen3.5:9b,is_decimal,4635f02319c650377095cde796688cc7c3a61a08407884bccae596b4455710ab,4635f02319c650377095cde796688cc7c3a61a08407884bccae596b4455710ab,false,false,true,no_top_level_print,"{""assert_literal_entrypoint_selftest"":false,""assert_matches_public_selftest"":false,""assert_remains_top_level"":false,""builtin_print_unshadowed"":false,""entrypoint_unique"":true,""exactly_one_top_level_assert"":false,""exactly_one_top_level_print"":false,""extraction_unambiguous"":true,""function_segments_unchanged"":false,""no_other_unclassified_top_level_calls"":false,""output_parseable"":false,""print_adjacent_to_assert"":false,""print_arguments_safe"":false,""print_removed_from_top_level"":false,""source_complete"":true,""source_parseable"":true}",fail,true
9B_complete_development300,20eb64bfb9e51b94a4d68b6dc2bbbc981199b59d0671e34d0df1695b0d261879,111,20eb64bfb9e51b94a4d68b6dc2bbbc981199b59d0671e34d0df1695b0d261879,Mbpp/430,11,Candidate_B_H0,qwen3.5:9b,parabola_directrix,594c4ab0c53c5b4e32e28019fe410db51ecf913d47db0e3565409c01e3227a2a,594c4ab0c53c5b4e32e28019fe410db51ecf913d47db0e3565409c01e3227a2a,false,false,true,no_top_level_print,"{""assert_literal_entrypoint_selftest"":false,""assert_matches_public_selftest"":false,""assert_remains_top_level"":false,""builtin_print_unshadowed"":false,""entrypoint_unique"":true,""exactly_one_top_level_assert"":true,""exactly_one_top_level_print"":false,""extraction_unambiguous"":true,""function_segments_unchanged"":false,""no_other_unclassified_top_level_calls"":false,""output_parseable"":false,""print_adjacent_to_assert"":false,""print_arguments_safe"":false,""print_removed_from_top_level"":false,""source_complete"":true,""source_parseable"":true}",fail,true
9B_complete_development300,d37bbdccd21d7370a58c1513ddc24b3566c318fd31f0e3b2c724ebc6608f853f,112,d37bbdccd21d7370a58c1513ddc24b3566c318fd31f0e3b2c724ebc6608f853f,Mbpp/430,22,Candidate_B_H0,qwen3.5:9b,parabola_directrix,7005f35b12e1630d2cb4bd78d29da5d89a1ac8fea2965e787488b3689a5c74b8,7005f35b12e1630d2cb4bd78d29da5d89a1ac8fea2965e787488b3689a5c74b8,false,false,true,no_top_level_print,"{""assert_literal_entrypoint_selftest"":false,""assert_matches_public_selftest"":false,""assert_remains_top_level"":false,""builtin_print_unshadowed"":false,""entrypoint_unique"":true,""exactly_one_top_level_assert"":false,""exactly_one_top_level_print"":false,""extraction_unambiguous"":true,""function_segments_unchanged"":false,""no_other_unclassified_top_level_calls"":false,""output_parseable"":false,""print_adjacent_to_assert"":false,""print_arguments_safe"":false,""print_removed_from_top_level"":false,""source_complete"":true,""source_parseable"":true}",fail,true
9B_complete_development300,7e48bbab46a558a65bfcda696b6fdd192dd25600c5134c0ea8ae7040ae931298,113,7e48bbab46a558a65bfcda696b6fdd192dd25600c5134c0ea8ae7040ae931298,Mbpp/430,33,Candidate_B_H0,qwen3.5:9b,parabola_directrix,20b3412c7fe2f6f1496a3bbd43c533dffacbf91d6cfebc3a30f869f71bdaba08,20b3412c7fe2f6f1496a3bbd43c533dffacbf91d6cfebc3a30f869f71bdaba08,false,false,true,no_top_level_print,"{""assert_literal_entrypoint_selftest"":false,""assert_matches_public_selftest"":false,""assert_remains_top_level"":false,""builtin_print_unshadowed"":false,""entrypoint_unique"":true,""exactly_one_top_level_assert"":false,""exactly_one_top_level_print"":false,""extraction_unambiguous"":true,""function_segments_unchanged"":false,""no_other_unclassified_top_level_calls"":false,""output_parseable"":false,""print_adjacent_to_assert"":false,""print_arguments_safe"":false,""print_removed_from_top_level"":false,""source_complete"":true,""source_parseable"":true}",fail,true
9B_complete_development300,147d093943f1f9676c4d779f88a7478b62c2a71021f831900f136291bee3f2eb,114,147d093943f1f9676c4d779f88a7478b62c2a71021f831900f136291bee3f2eb,Mbpp/430,44,Candidate_B_H0,qwen3.5:9b,parabola_directrix,e2bd2be70a2dbf52221fe9909ad342dbaa6103851523458d822f572e49f6da91,e2bd2be70a2dbf52221fe9909ad342dbaa6103851523458d822f572e49f6da91,false,false,true,no_top_level_print,"{""assert_literal_entrypoint_selftest"":false,""assert_matches_public_selftest"":false,""assert_remains_top_level"":false,""builtin_print_unshadowed"":false,""entrypoint_unique"":true,""exactly_one_top_level_assert"":true,""exactly_one_top_level_print"":false,""extraction_unambiguous"":true,""function_segments_unchanged"":false,""no_other_unclassified_top_level_calls"":false,""output_parseable"":false,""print_adjacent_to_assert"":false,""print_arguments_safe"":false,""print_removed_from_top_level"":false,""source_complete"":true,""source_parseable"":true}",fail,true
9B_complete_development300,a06202ce4039e2b576f621e42a728c6dc065f9b126fd037f86a6c12666543a32,115,a06202ce4039e2b576f621e42a728c6dc065f9b126fd037f86a6c12666543a32,Mbpp/430,55,Candidate_B_H0,qwen3.5:9b,parabola_directrix,2b25959bb7fde3cc5c0cedbd40daef6ff510e0c67751e0482f90fa84e4fcc7ce,2b25959bb7fde3cc5c0cedbd40daef6ff510e0c67751e0482f90fa84e4fcc7ce,false,false,true,no_top_level_print,"{""assert_literal_entrypoint_selftest"":false,""assert_matches_public_selftest"":false,""assert_remains_top_level"":false,""builtin_print_unshadowed"":false,""entrypoint_unique"":true,""exactly_one_top_level_assert"":false,""exactly_one_top_level_print"":false,""extraction_unambiguous"":true,""function_segments_unchanged"":false,""no_other_unclassified_top_level_calls"":false,""output_parseable"":false,""print_adjacent_to_assert"":false,""print_arguments_safe"":false,""print_removed_from_top_level"":false,""source_complete"":true,""source_parseable"":true}",fail,true
9B_complete_development300,fb43cc8556f79f043eb17ce716267138bb4ca480fd28dc8dff4a8554b0c039c0,116,fb43cc8556f79f043eb17ce716267138bb4ca480fd28dc8dff4a8554b0c039c0,Mbpp/67,11,Candidate_B_H0,qwen3.5:9b,bell_number,2c411ad7d17b533a850f1ab3a9b326e2b6809b102253ea0112b86a7af9bb82f0,2c411ad7d17b533a850f1ab3a9b326e2b6809b102253ea0112b86a7af9bb82f0,false,false,true,no_top_level_print,"{""assert_literal_entrypoint_selftest"":false,""assert_matches_public_selftest"":false,""assert_remains_top_level"":false,""builtin_print_unshadowed"":false,""entrypoint_unique"":true,""exactly_one_top_level_assert"":false,""exactly_one_top_level_print"":false,""extraction_unambiguous"":true,""function_segments_unchanged"":false,""no_other_unclassified_top_level_calls"":false,""output_parseable"":false,""print_adjacent_to_assert"":false,""print_arguments_safe"":false,""print_removed_from_top_level"":false,""source_complete"":true,""source_parseable"":true}",pass,true
9B_complete_development300,ad804faaa993c6c80adaaa9ca4ac0620777da79c55a95a1b52bfc90c002e356c,117,ad804faaa993c6c80adaaa9ca4ac0620777da79c55a95a1b52bfc90c002e356c,Mbpp/67,22,Candidate_B_H0,qwen3.5:9b,bell_number,5a9410e94d39c8f7ca0970b167e5fc14c6a3105f303b67b5cf4b7ce82a7506d0,5a9410e94d39c8f7ca0970b167e5fc14c6a3105f303b67b5cf4b7ce82a7506d0,false,false,true,source_unparseable,"{""assert_literal_entrypoint_selftest"":false,""assert_matches_public_selftest"":false,""assert_remains_top_level"":false,""builtin_print_unshadowed"":false,""entrypoint_unique"":false,""exactly_one_top_level_assert"":false,""exactly_one_top_level_print"":false,""extraction_unambiguous"":true,""function_segments_unchanged"":false,""no_other_unclassified_top_level_calls"":false,""output_parseable"":false,""print_adjacent_to_assert"":false,""print_arguments_safe"":false,""print_removed_from_top_level"":false,""source_complete"":false,""source_parseable"":false}",fail,true
9B_complete_development300,aacf893ae87d1475f6554e32cf3ca3fc8e2bdb1ff00e54a68f712737b0e06e52,118,aacf893ae87d1475f6554e32cf3ca3fc8e2bdb1ff00e54a68f712737b0e06e52,Mbpp/67,33,Candidate_B_H0,qwen3.5:9b,bell_number,ace984b4efda6e9f5bbda85b3d9ae18202015a0b645f2aa1fc17aa86e54749f4,ace984b4efda6e9f5bbda85b3d9ae18202015a0b645f2aa1fc17aa86e54749f4,false,false,true,no_top_level_print,"{""assert_literal_entrypoint_selftest"":false,""assert_matches_public_selftest"":false,""assert_remains_top_level"":false,""builtin_print_unshadowed"":false,""entrypoint_unique"":true,""exactly_one_top_level_assert"":false,""exactly_one_top_level_print"":false,""extraction_unambiguous"":true,""function_segments_unchanged"":false,""no_other_unclassified_top_level_calls"":false,""output_parseable"":false,""print_adjacent_to_assert"":false,""print_arguments_safe"":false,""print_removed_from_top_level"":false,""source_complete"":true,""source_parseable"":true}",pass,true
9B_complete_development300,6baefc8d148a1a0a03ecb7fedfa9fef302b95505b687c2c7349daf8f4a3f768e,119,6baefc8d148a1a0a03ecb7fedfa9fef302b95505b687c2c7349daf8f4a3f768e,Mbpp/67,44,Candidate_B_H0,qwen3.5:9b,bell_number,7968c599fc7fecfc46bf905a59e8a536bf78ed1f1d0c02ec8b33cb698b625f90,7968c599fc7fecfc46bf905a59e8a536bf78ed1f1d0c02ec8b33cb698b625f90,false,false,true,source_unparseable,"{""assert_literal_entrypoint_selftest"":false,""assert_matches_public_selftest"":false,""assert_remains_top_level"":false,""builtin_print_unshadowed"":false,""entrypoint_unique"":false,""exactly_one_top_level_assert"":false,""exactly_one_top_level_print"":false,""extraction_unambiguous"":true,""function_segments_unchanged"":false,""no_other_unclassified_top_level_calls"":false,""output_parseable"":false,""print_adjacent_to_assert"":false,""print_arguments_safe"":false,""print_removed_from_top_level"":false,""source_complete"":false,""source_parseable"":false}",fail,true
9B_complete_development300,190a6f4d6f37fc027ca4c750047f26410391c75504d986687ffa4e4fdf237f7e,120,190a6f4d6f37fc027ca4c750047f26410391c75504d986687ffa4e4fdf237f7e,Mbpp/67,55,Candidate_B_H0,qwen3.5:9b,bell_number,9946b578d60a114788e8ac175df109e7d629a951635ce75d76080141ee58bfc0,9946b578d60a114788e8ac175df109e7d629a951635ce75d76080141ee58bfc0,false,false,true,no_top_level_print,"{""assert_literal_entrypoint_selftest"":false,""assert_matches_public_selftest"":false,""assert_remains_top_level"":false,""builtin_print_unshadowed"":false,""entrypoint_unique"":true,""exactly_one_top_level_assert"":true,""exactly_one_top_level_print"":false,""extraction_unambiguous"":true,""function_segments_unchanged"":false,""no_other_unclassified_top_level_calls"":false,""output_parseable"":false,""print_adjacent_to_assert"":false,""print_arguments_safe"":false,""print_removed_from_top_level"":false,""source_complete"":true,""source_parseable"":true}",fail,true
9B_complete_development300,667258041def23e75eba7f3d6081918553cec7b9115360a33a4b1f2a3245ef2b,121,667258041def23e75eba7f3d6081918553cec7b9115360a33a4b1f2a3245ef2b,Mbpp/11,11,Candidate_B_H0,qwen3.5:9b,remove_Occ,34aa6138ea20aa60d8f7451ac4a7f81733354b3ce927cc86fe34a97591afbc98,34aa6138ea20aa60d8f7451ac4a7f81733354b3ce927cc86fe34a97591afbc98,false,false,true,no_top_level_print,"{""assert_literal_entrypoint_selftest"":false,""assert_matches_public_selftest"":false,""assert_remains_top_level"":false,""builtin_print_unshadowed"":false,""entrypoint_unique"":true,""exactly_one_top_level_assert"":false,""exactly_one_top_level_print"":false,""extraction_unambiguous"":true,""function_segments_unchanged"":false,""no_other_unclassified_top_level_calls"":false,""output_parseable"":false,""print_adjacent_to_assert"":false,""print_arguments_safe"":false,""print_removed_from_top_level"":false,""source_complete"":true,""source_parseable"":true}",fail,true
9B_complete_development300,c2d651467e7abc045cfc9a4c523081d3f7dd86ed356ac965a3793a3b2998e2ed,122,c2d651467e7abc045cfc9a4c523081d3f7dd86ed356ac965a3793a3b2998e2ed,Mbpp/11,22,Candidate_B_H0,qwen3.5:9b,remove_Occ,93931ac9f66482dbf7b5ac3bd838750763130d54f15fa6e00075b6b127451052,93931ac9f66482dbf7b5ac3bd838750763130d54f15fa6e00075b6b127451052,false,false,true,no_top_level_print,"{""assert_literal_entrypoint_selftest"":false,""assert_matches_public_selftest"":false,""assert_remains_top_level"":false,""builtin_print_unshadowed"":false,""entrypoint_unique"":true,""exactly_one_top_level_assert"":false,""exactly_one_top_level_print"":false,""extraction_unambiguous"":true,""function_segments_unchanged"":false,""no_other_unclassified_top_level_calls"":false,""output_parseable"":false,""print_adjacent_to_assert"":false,""print_arguments_safe"":false,""print_removed_from_top_level"":false,""source_complete"":true,""source_parseable"":true}",fail,true
9B_complete_development300,4646a249b7fe3dcaeb8cbcfc0ce9f76bcbcdda03f74c6dd983397d8a5f0f3ec7,123,4646a249b7fe3dcaeb8cbcfc0ce9f76bcbcdda03f74c6dd983397d8a5f0f3ec7,Mbpp/11,33,Candidate_B_H0,qwen3.5:9b,remove_Occ,234c6174b14a5dc44c7c344d8777a7b74c92929f478ca764fadbac7011e0a75e,234c6174b14a5dc44c7c344d8777a7b74c92929f478ca764fadbac7011e0a75e,false,false,true,no_top_level_print,"{""assert_literal_entrypoint_selftest"":false,""assert_matches_public_selftest"":false,""assert_remains_top_level"":false,""builtin_print_unshadowed"":false,""entrypoint_unique"":true,""exactly_one_top_level_assert"":false,""exactly_one_top_level_print"":false,""extraction_unambiguous"":true,""function_segments_unchanged"":false,""no_other_unclassified_top_level_calls"":false,""output_parseable"":false,""print_adjacent_to_assert"":false,""print_arguments_safe"":false,""print_removed_from_top_level"":false,""source_complete"":true,""source_parseable"":true}",fail,true
9B_complete_development300,f14d52366f2dcbb7a33abeeac05c19a43cb0fccd515244e688d7a3ee885a8b34,124,f14d52366f2dcbb7a33abeeac05c19a43cb0fccd515244e688d7a3ee885a8b34,Mbpp/11,44,Candidate_B_H0,qwen3.5:9b,remove_Occ,52d37110cda92a2667326def7b07d34530825b365f4c1babd4f0e5cb9de45714,52d37110cda92a2667326def7b07d34530825b365f4c1babd4f0e5cb9de45714,false,false,true,no_top_level_print,"{""assert_literal_entrypoint_selftest"":false,""assert_matches_public_selftest"":false,""assert_remains_top_level"":false,""builtin_print_unshadowed"":false,""entrypoint_unique"":true,""exactly_one_top_level_assert"":false,""exactly_one_top_level_print"":false,""extraction_unambiguous"":true,""function_segments_unchanged"":false,""no_other_unclassified_top_level_calls"":false,""output_parseable"":false,""print_adjacent_to_assert"":false,""print_arguments_safe"":false,""print_removed_from_top_level"":false,""source_complete"":true,""source_parseable"":true}",fail,true
9B_complete_development300,d79469f17725693a3dbdb8ab981bddf8ed4375e802134524cfa94961d2f17f0f,125,d79469f17725693a3dbdb8ab981bddf8ed4375e802134524cfa94961d2f17f0f,Mbpp/11,55,Candidate_B_H0,qwen3.5:9b,remove_Occ,c032baab0a3ee598e8a84a19fb7a702b2dad828b6b209d2eb49bcc5f8ec066e6,c032baab0a3ee598e8a84a19fb7a702b2dad828b6b209d2eb49bcc5f8ec066e6,false,false,true,no_top_level_print,"{""assert_literal_entrypoint_selftest"":false,""assert_matches_public_selftest"":false,""assert_remains_top_level"":false,""builtin_print_unshadowed"":false,""entrypoint_unique"":true,""exactly_one_top_level_assert"":false,""exactly_one_top_level_print"":false,""extraction_unambiguous"":true,""function_segments_unchanged"":false,""no_other_unclassified_top_level_calls"":false,""output_parseable"":false,""print_adjacent_to_assert"":false,""print_arguments_safe"":false,""print_removed_from_top_level"":false,""source_complete"":true,""source_parseable"":true}",fail,true
9B_complete_development300,7d9f4cbff90ee64678e8cac0e9e34b0d279bb824d1c5e3b7bcd7a17f93ad8a39,126,7d9f4cbff90ee64678e8cac0e9e34b0d279bb824d1c5e3b7bcd7a17f93ad8a39,Mbpp/162,11,Candidate_B_H0,qwen3.5:9b,sum_series,86700f2785cf20917431a6b2693e7e2405e274742837669ee9f07c849421b0a4,86700f2785cf20917431a6b2693e7e2405e274742837669ee9f07c849421b0a4,false,false,true,no_top_level_print,"{""assert_literal_entrypoint_selftest"":false,""assert_matches_public_selftest"":false,""assert_remains_top_level"":false,""builtin_print_unshadowed"":false,""entrypoint_unique"":true,""exactly_one_top_level_assert"":false,""exactly_one_top_level_print"":false,""extraction_unambiguous"":true,""function_segments_unchanged"":false,""no_other_unclassified_top_level_calls"":false,""output_parseable"":false,""print_adjacent_to_assert"":false,""print_arguments_safe"":false,""print_removed_from_top_level"":false,""source_complete"":true,""source_parseable"":true}",pass,true
9B_complete_development300,448afdac851e1d4f44a5610043d9c859121750447958c7263b7c08ff62bf304a,127,448afdac851e1d4f44a5610043d9c859121750447958c7263b7c08ff62bf304a,Mbpp/162,22,Candidate_B_H0,qwen3.5:9b,sum_series,246a6a631a7fc1c41914c2043a5ad02e65b12bbe59a97f33881e3b42b7c81574,246a6a631a7fc1c41914c2043a5ad02e65b12bbe59a97f33881e3b42b7c81574,false,false,true,no_top_level_print,"{""assert_literal_entrypoint_selftest"":false,""assert_matches_public_selftest"":false,""assert_remains_top_level"":false,""builtin_print_unshadowed"":false,""entrypoint_unique"":true,""exactly_one_top_level_assert"":false,""exactly_one_top_level_print"":false,""extraction_unambiguous"":true,""function_segments_unchanged"":false,""no_other_unclassified_top_level_calls"":false,""output_parseable"":false,""print_adjacent_to_assert"":false,""print_arguments_safe"":false,""print_removed_from_top_level"":false,""source_complete"":true,""source_parseable"":true}",pass,true
9B_complete_development300,49a17508eeb2567b739e1ac7ae592ba956ba50f990ed19fc24c4a709ccd746c4,128,49a17508eeb2567b739e1ac7ae592ba956ba50f990ed19fc24c4a709ccd746c4,Mbpp/162,33,Candidate_B_H0,qwen3.5:9b,sum_series,86700f2785cf20917431a6b2693e7e2405e274742837669ee9f07c849421b0a4,86700f2785cf20917431a6b2693e7e2405e274742837669ee9f07c849421b0a4,false,false,true,no_top_level_print,"{""assert_literal_entrypoint_selftest"":false,""assert_matches_public_selftest"":false,""assert_remains_top_level"":false,""builtin_print_unshadowed"":false,""entrypoint_unique"":true,""exactly_one_top_level_assert"":false,""exactly_one_top_level_print"":false,""extraction_unambiguous"":true,""function_segments_unchanged"":false,""no_other_unclassified_top_level_calls"":false,""output_parseable"":false,""print_adjacent_to_assert"":false,""print_arguments_safe"":false,""print_removed_from_top_level"":false,""source_complete"":true,""source_parseable"":true}",pass,true
9B_complete_development300,f0eb6913eae423215675a7f467ba1fb1d5b46917629cd4d293b0365bade92d6e,129,f0eb6913eae423215675a7f467ba1fb1d5b46917629cd4d293b0365bade92d6e,Mbpp/162,44,Candidate_B_H0,qwen3.5:9b,sum_series,246a6a631a7fc1c41914c2043a5ad02e65b12bbe59a97f33881e3b42b7c81574,246a6a631a7fc1c41914c2043a5ad02e65b12bbe59a97f33881e3b42b7c81574,false,false,true,no_top_level_print,"{""assert_literal_entrypoint_selftest"":false,""assert_matches_public_selftest"":false,""assert_remains_top_level"":false,""builtin_print_unshadowed"":false,""entrypoint_unique"":true,""exactly_one_top_level_assert"":false,""exactly_one_top_level_print"":false,""extraction_unambiguous"":true,""function_segments_unchanged"":false,""no_other_unclassified_top_level_calls"":false,""output_parseable"":false,""print_adjacent_to_assert"":false,""print_arguments_safe"":false,""print_removed_from_top_level"":false,""source_complete"":true,""source_parseable"":true}",pass,true
9B_complete_development300,759a20abe4959a86099c3e79ee767c8f63d357d8f636a20d1e0019c04809151d,130,759a20abe4959a86099c3e79ee767c8f63d357d8f636a20d1e0019c04809151d,Mbpp/162,55,Candidate_B_H0,qwen3.5:9b,sum_series,246a6a631a7fc1c41914c2043a5ad02e65b12bbe59a97f33881e3b42b7c81574,246a6a631a7fc1c41914c2043a5ad02e65b12bbe59a97f33881e3b42b7c81574,false,false,true,no_top_level_print,"{""assert_literal_entrypoint_selftest"":false,""assert_matches_public_selftest"":false,""assert_remains_top_level"":false,""builtin_print_unshadowed"":false,""entrypoint_unique"":true,""exactly_one_top_level_assert"":false,""exactly_one_top_level_print"":false,""extraction_unambiguous"":true,""function_segments_unchanged"":false,""no_other_unclassified_top_level_calls"":false,""output_parseable"":false,""print_adjacent_to_assert"":false,""print_arguments_safe"":false,""print_removed_from_top_level"":false,""source_complete"":true,""source_parseable"":true}",pass,true
9B_complete_development300,fc6b03344724ba3afc143f9306850b95b0a8abbdb043ee45f33e9635ce88f530,131,fc6b03344724ba3afc143f9306850b95b0a8abbdb043ee45f33e9635ce88f530,Mbpp/432,11,Candidate_B_H0,qwen3.5:9b,median_trapezium,91a69d4994b2636c2f57f0b1d268b7c68c9639baa3494794db24ef6626a20593,91a69d4994b2636c2f57f0b1d268b7c68c9639baa3494794db24ef6626a20593,false,false,true,no_top_level_print,"{""assert_literal_entrypoint_selftest"":false,""assert_matches_public_selftest"":false,""assert_remains_top_level"":false,""builtin_print_unshadowed"":false,""entrypoint_unique"":true,""exactly_one_top_level_assert"":true,""exactly_one_top_level_print"":false,""extraction_unambiguous"":true,""function_segments_unchanged"":false,""no_other_unclassified_top_level_calls"":false,""output_parseable"":false,""print_adjacent_to_assert"":false,""print_arguments_safe"":false,""print_removed_from_top_level"":false,""source_complete"":true,""source_parseable"":true}",fail,true
9B_complete_development300,525f723f9a1c4712fdebc06ccdc6418f4de3a6e8651646cbec99288c5fee64b2,132,525f723f9a1c4712fdebc06ccdc6418f4de3a6e8651646cbec99288c5fee64b2,Mbpp/432,22,Candidate_B_H0,qwen3.5:9b,median_trapezium,6314fe475b81efc834404177b18f11828b345d00571c97825870ccd06cd14479,6314fe475b81efc834404177b18f11828b345d00571c97825870ccd06cd14479,false,false,true,no_top_level_print,"{""assert_literal_entrypoint_selftest"":false,""assert_matches_public_selftest"":false,""assert_remains_top_level"":false,""builtin_print_unshadowed"":false,""entrypoint_unique"":true,""exactly_one_top_level_assert"":true,""exactly_one_top_level_print"":false,""extraction_unambiguous"":true,""function_segments_unchanged"":false,""no_other_unclassified_top_level_calls"":false,""output_parseable"":false,""print_adjacent_to_assert"":false,""print_arguments_safe"":false,""print_removed_from_top_level"":false,""source_complete"":true,""source_parseable"":true}",fail,true
9B_complete_development300,2a852f2b4fbd540de726aa6c79682744adf89211081a0bad86db8be05dca8d08,133,2a852f2b4fbd540de726aa6c79682744adf89211081a0bad86db8be05dca8d08,Mbpp/432,33,Candidate_B_H0,qwen3.5:9b,median_trapezium,d2bdc94f74255c96b50c08306634afa7f96b3000f92e22d39da28aedc1ab3fbf,d2bdc94f74255c96b50c08306634afa7f96b3000f92e22d39da28aedc1ab3fbf,false,false,true,no_top_level_print,"{""assert_literal_entrypoint_selftest"":false,""assert_matches_public_selftest"":false,""assert_remains_top_level"":false,""builtin_print_unshadowed"":false,""entrypoint_unique"":true,""exactly_one_top_level_assert"":false,""exactly_one_top_level_print"":false,""extraction_unambiguous"":true,""function_segments_unchanged"":false,""no_other_unclassified_top_level_calls"":false,""output_parseable"":false,""print_adjacent_to_assert"":false,""print_arguments_safe"":false,""print_removed_from_top_level"":false,""source_complete"":true,""source_parseable"":true}",fail,true
9B_complete_development300,77223f4bbae7279a826f083779d37952881c8d4d61f1bb229600fefffcf4c5fd,134,77223f4bbae7279a826f083779d37952881c8d4d61f1bb229600fefffcf4c5fd,Mbpp/432,44,Candidate_B_H0,qwen3.5:9b,median_trapezium,5316b08654622c2a2c5697de4983747a25336f5ed6ffb4782a014e7b32685f0b,5316b08654622c2a2c5697de4983747a25336f5ed6ffb4782a014e7b32685f0b,false,false,true,no_top_level_print,"{""assert_literal_entrypoint_selftest"":false,""assert_matches_public_selftest"":false,""assert_remains_top_level"":false,""builtin_print_unshadowed"":false,""entrypoint_unique"":true,""exactly_one_top_level_assert"":false,""exactly_one_top_level_print"":false,""extraction_unambiguous"":true,""function_segments_unchanged"":false,""no_other_unclassified_top_level_calls"":false,""output_parseable"":false,""print_adjacent_to_assert"":false,""print_arguments_safe"":false,""print_removed_from_top_level"":false,""source_complete"":true,""source_parseable"":true}",fail,true
9B_complete_development300,629708e02e0157509188afabd3e23e38bf52328c6ba811dcf12363d83c7621a6,135,629708e02e0157509188afabd3e23e38bf52328c6ba811dcf12363d83c7621a6,Mbpp/432,55,Candidate_B_H0,qwen3.5:9b,median_trapezium,6c98ad18f6e3ca281700957e4ac4ee8478c4d97f01fcf35e17a51c6c059c01bb,6c98ad18f6e3ca281700957e4ac4ee8478c4d97f01fcf35e17a51c6c059c01bb,false,false,true,no_top_level_print,"{""assert_literal_entrypoint_selftest"":false,""assert_matches_public_selftest"":false,""assert_remains_top_level"":false,""builtin_print_unshadowed"":false,""entrypoint_unique"":true,""exactly_one_top_level_assert"":true,""exactly_one_top_level_print"":false,""extraction_unambiguous"":true,""function_segments_unchanged"":false,""no_other_unclassified_top_level_calls"":false,""output_parseable"":false,""print_adjacent_to_assert"":false,""print_arguments_safe"":false,""print_removed_from_top_level"":false,""source_complete"":true,""source_parseable"":true}",fail,true
9B_complete_development300,f1e1c0f9dd28139896f75e2b114b157c8a0f31076cf0e67c9ee35e643dcfe5d9,136,f1e1c0f9dd28139896f75e2b114b157c8a0f31076cf0e67c9ee35e643dcfe5d9,Mbpp/572,11,Candidate_B_H0,qwen3.5:9b,two_unique_nums,8457d9416eb7d3ed0c6227adf2ab56c2b21782218bff8847a7aa61a7998268b3,8457d9416eb7d3ed0c6227adf2ab56c2b21782218bff8847a7aa61a7998268b3,false,false,true,no_top_level_print,"{""assert_literal_entrypoint_selftest"":false,""assert_matches_public_selftest"":false,""assert_remains_top_level"":false,""builtin_print_unshadowed"":false,""entrypoint_unique"":true,""exactly_one_top_level_assert"":false,""exactly_one_top_level_print"":false,""extraction_unambiguous"":true,""function_segments_unchanged"":false,""no_other_unclassified_top_level_calls"":false,""output_parseable"":false,""print_adjacent_to_assert"":false,""print_arguments_safe"":false,""print_removed_from_top_level"":false,""source_complete"":true,""source_parseable"":true}",pass,true
9B_complete_development300,d6e8952a09372c813254372d7efdba2f1a1f9ad01529ec71bb61af90062df885,137,d6e8952a09372c813254372d7efdba2f1a1f9ad01529ec71bb61af90062df885,Mbpp/572,22,Candidate_B_H0,qwen3.5:9b,two_unique_nums,5e4f3547d664de916546e430068ff97295cdfb83fa156ec81f847f5bbe18a76a,5e4f3547d664de916546e430068ff97295cdfb83fa156ec81f847f5bbe18a76a,false,false,true,no_top_level_print,"{""assert_literal_entrypoint_selftest"":false,""assert_matches_public_selftest"":false,""assert_remains_top_level"":false,""builtin_print_unshadowed"":false,""entrypoint_unique"":true,""exactly_one_top_level_assert"":false,""exactly_one_top_level_print"":false,""extraction_unambiguous"":true,""function_segments_unchanged"":false,""no_other_unclassified_top_level_calls"":false,""output_parseable"":false,""print_adjacent_to_assert"":false,""print_arguments_safe"":false,""print_removed_from_top_level"":false,""source_complete"":true,""source_parseable"":true}",fail,true
9B_complete_development300,3a45ffef6c26dddc43c38babe1756cb674e65b3b7768249922aeea330cee1070,138,3a45ffef6c26dddc43c38babe1756cb674e65b3b7768249922aeea330cee1070,Mbpp/572,33,Candidate_B_H0,qwen3.5:9b,two_unique_nums,5e4f3547d664de916546e430068ff97295cdfb83fa156ec81f847f5bbe18a76a,5e4f3547d664de916546e430068ff97295cdfb83fa156ec81f847f5bbe18a76a,false,false,true,no_top_level_print,"{""assert_literal_entrypoint_selftest"":false,""assert_matches_public_selftest"":false,""assert_remains_top_level"":false,""builtin_print_unshadowed"":false,""entrypoint_unique"":true,""exactly_one_top_level_assert"":false,""exactly_one_top_level_print"":false,""extraction_unambiguous"":true,""function_segments_unchanged"":false,""no_other_unclassified_top_level_calls"":false,""output_parseable"":false,""print_adjacent_to_assert"":false,""print_arguments_safe"":false,""print_removed_from_top_level"":false,""source_complete"":true,""source_parseable"":true}",fail,true
9B_complete_development300,643332a7c66f839f75e24546129bca2d4aacf4cdbd005fce6765c2e811855238,139,643332a7c66f839f75e24546129bca2d4aacf4cdbd005fce6765c2e811855238,Mbpp/572,44,Candidate_B_H0,qwen3.5:9b,two_unique_nums,5e4f3547d664de916546e430068ff97295cdfb83fa156ec81f847f5bbe18a76a,5e4f3547d664de916546e430068ff97295cdfb83fa156ec81f847f5bbe18a76a,false,false,true,no_top_level_print,"{""assert_literal_entrypoint_selftest"":false,""assert_matches_public_selftest"":false,""assert_remains_top_level"":false,""builtin_print_unshadowed"":false,""entrypoint_unique"":true,""exactly_one_top_level_assert"":false,""exactly_one_top_level_print"":false,""extraction_unambiguous"":true,""function_segments_unchanged"":false,""no_other_unclassified_top_level_calls"":false,""output_parseable"":false,""print_adjacent_to_assert"":false,""print_arguments_safe"":false,""print_removed_from_top_level"":false,""source_complete"":true,""source_parseable"":true}",fail,true
9B_complete_development300,367eee70aa563d450cee8c362b426c964ae4da223778d3a804c105695a51ab4e,140,367eee70aa563d450cee8c362b426c964ae4da223778d3a804c105695a51ab4e,Mbpp/572,55,Candidate_B_H0,qwen3.5:9b,two_unique_nums,8457d9416eb7d3ed0c6227adf2ab56c2b21782218bff8847a7aa61a7998268b3,8457d9416eb7d3ed0c6227adf2ab56c2b21782218bff8847a7aa61a7998268b3,false,false,true,no_top_level_print,"{""assert_literal_entrypoint_selftest"":false,""assert_matches_public_selftest"":false,""assert_remains_top_level"":false,""builtin_print_unshadowed"":false,""entrypoint_unique"":true,""exactly_one_top_level_assert"":false,""exactly_one_top_level_print"":false,""extraction_unambiguous"":true,""function_segments_unchanged"":false,""no_other_unclassified_top_level_calls"":false,""output_parseable"":false,""print_adjacent_to_assert"":false,""print_arguments_safe"":false,""print_removed_from_top_level"":false,""source_complete"":true,""source_parseable"":true}",pass,true
9B_complete_development300,3112d12b2e3e1966c3b2fb3013e406c8c63e91c052c6d6f6addc9e8303ac7a69,141,3112d12b2e3e1966c3b2fb3013e406c8c63e91c052c6d6f6addc9e8303ac7a69,Mbpp/626,11,Candidate_B_H0,qwen3.5:9b,triangle_area,1a5a2e6bab3168b1c6902284b97e99d7cea11ec9eed14e0dbaa09cc977eb0eff,1a5a2e6bab3168b1c6902284b97e99d7cea11ec9eed14e0dbaa09cc977eb0eff,false,false,true,source_truncated_or_completion_unknown,"{""assert_literal_entrypoint_selftest"":false,""assert_matches_public_selftest"":false,""assert_remains_top_level"":false,""builtin_print_unshadowed"":false,""entrypoint_unique"":true,""exactly_one_top_level_assert"":false,""exactly_one_top_level_print"":false,""extraction_unambiguous"":true,""function_segments_unchanged"":false,""no_other_unclassified_top_level_calls"":false,""output_parseable"":false,""print_adjacent_to_assert"":false,""print_arguments_safe"":false,""print_removed_from_top_level"":false,""source_complete"":false,""source_parseable"":true}",fail,true
9B_complete_development300,1c39a49b4005394ebfe1338e37cfef9e9db2b71dbd3a6114c1b0fda88ef8f4c8,142,1c39a49b4005394ebfe1338e37cfef9e9db2b71dbd3a6114c1b0fda88ef8f4c8,Mbpp/626,22,Candidate_B_H0,qwen3.5:9b,triangle_area,a7db692b8a457772cd5de5bdba244629d0a83fef5d604188d679a961feb2533a,a7db692b8a457772cd5de5bdba244629d0a83fef5d604188d679a961feb2533a,false,false,true,no_top_level_print,"{""assert_literal_entrypoint_selftest"":false,""assert_matches_public_selftest"":false,""assert_remains_top_level"":false,""builtin_print_unshadowed"":false,""entrypoint_unique"":true,""exactly_one_top_level_assert"":false,""exactly_one_top_level_print"":false,""extraction_unambiguous"":true,""function_segments_unchanged"":false,""no_other_unclassified_top_level_calls"":false,""output_parseable"":false,""print_adjacent_to_assert"":false,""print_arguments_safe"":false,""print_removed_from_top_level"":false,""source_complete"":true,""source_parseable"":true}",fail,true
9B_complete_development300,d8efe069cdc57a5e20945a6690434c2afaed3906522aea80795e9d378cb3e087,143,d8efe069cdc57a5e20945a6690434c2afaed3906522aea80795e9d378cb3e087,Mbpp/626,33,Candidate_B_H0,qwen3.5:9b,triangle_area,61e37486982da237a8990987ccd8cde566ed70300b6dbf291551fc3e7375dfde,61e37486982da237a8990987ccd8cde566ed70300b6dbf291551fc3e7375dfde,false,false,true,no_top_level_print,"{""assert_literal_entrypoint_selftest"":false,""assert_matches_public_selftest"":false,""assert_remains_top_level"":false,""builtin_print_unshadowed"":false,""entrypoint_unique"":true,""exactly_one_top_level_assert"":false,""exactly_one_top_level_print"":false,""extraction_unambiguous"":true,""function_segments_unchanged"":false,""no_other_unclassified_top_level_calls"":false,""output_parseable"":false,""print_adjacent_to_assert"":false,""print_arguments_safe"":false,""print_removed_from_top_level"":false,""source_complete"":true,""source_parseable"":true}",pass,true
9B_complete_development300,78e6a0cfdddba26b9b77b639cc302a6ee335b4b536933804444e406c6fef00d1,144,78e6a0cfdddba26b9b77b639cc302a6ee335b4b536933804444e406c6fef00d1,Mbpp/626,44,Candidate_B_H0,qwen3.5:9b,triangle_area,c05f2c5df808778abf82581a9f5ef0bd2bbc0116eceaee363eac83b561f5bf39,c05f2c5df808778abf82581a9f5ef0bd2bbc0116eceaee363eac83b561f5bf39,false,false,true,no_top_level_print,"{""assert_literal_entrypoint_selftest"":false,""assert_matches_public_selftest"":false,""assert_remains_top_level"":false,""builtin_print_unshadowed"":false,""entrypoint_unique"":true,""exactly_one_top_level_assert"":false,""exactly_one_top_level_print"":false,""extraction_unambiguous"":true,""function_segments_unchanged"":false,""no_other_unclassified_top_level_calls"":false,""output_parseable"":false,""print_adjacent_to_assert"":false,""print_arguments_safe"":false,""print_removed_from_top_level"":false,""source_complete"":true,""source_parseable"":true}",pass,true
9B_complete_development300,668707cf336f306e7c5b63edb2d9cd5b9db4096169f1485766b43278916bc6da,145,668707cf336f306e7c5b63edb2d9cd5b9db4096169f1485766b43278916bc6da,Mbpp/626,55,Candidate_B_H0,qwen3.5:9b,triangle_area,1765908a27c33ab2ef848d1ef059e0e642d7b6c13a0f354a342dff87c47f33a1,1765908a27c33ab2ef848d1ef059e0e642d7b6c13a0f354a342dff87c47f33a1,false,false,true,no_top_level_print,"{""assert_literal_entrypoint_selftest"":false,""assert_matches_public_selftest"":false,""assert_remains_top_level"":false,""builtin_print_unshadowed"":false,""entrypoint_unique"":true,""exactly_one_top_level_assert"":false,""exactly_one_top_level_print"":false,""extraction_unambiguous"":true,""function_segments_unchanged"":false,""no_other_unclassified_top_level_calls"":false,""output_parseable"":false,""print_adjacent_to_assert"":false,""print_arguments_safe"":false,""print_removed_from_top_level"":false,""source_complete"":true,""source_parseable"":true}",pass,true
9B_complete_development300,40c33be662bdff3a810ff1d30fdbb10b665c7d1d00a58e010245fba1f4ae091d,146,40c33be662bdff3a810ff1d30fdbb10b665c7d1d00a58e010245fba1f4ae091d,Mbpp/138,11,Candidate_B_H0,qwen3.5:9b,is_Sum_Of_Powers_Of_Two,1760b0cadc1336c029f33f425db18b4c761af9da06067dc0113e7b6b20b50b59,1760b0cadc1336c029f33f425db18b4c761af9da06067dc0113e7b6b20b50b59,false,false,true,no_top_level_print,"{""assert_literal_entrypoint_selftest"":false,""assert_matches_public_selftest"":false,""assert_remains_top_level"":false,""builtin_print_unshadowed"":false,""entrypoint_unique"":true,""exactly_one_top_level_assert"":false,""exactly_one_top_level_print"":false,""extraction_unambiguous"":true,""function_segments_unchanged"":false,""no_other_unclassified_top_level_calls"":false,""output_parseable"":false,""print_adjacent_to_assert"":false,""print_arguments_safe"":false,""print_removed_from_top_level"":false,""source_complete"":true,""source_parseable"":true}",fail,true
9B_complete_development300,0833737e006fd2c6b58fc71e5f03d64bd4b088689b09734f808c776659507990,147,0833737e006fd2c6b58fc71e5f03d64bd4b088689b09734f808c776659507990,Mbpp/138,22,Candidate_B_H0,qwen3.5:9b,is_Sum_Of_Powers_Of_Two,ee72830ddb15201a06ca1ec50d7c657eb85f021f0e84770e19c253119a388905,ee72830ddb15201a06ca1ec50d7c657eb85f021f0e84770e19c253119a388905,false,false,true,no_top_level_print,"{""assert_literal_entrypoint_selftest"":false,""assert_matches_public_selftest"":false,""assert_remains_top_level"":false,""builtin_print_unshadowed"":false,""entrypoint_unique"":true,""exactly_one_top_level_assert"":true,""exactly_one_top_level_print"":false,""extraction_unambiguous"":true,""function_segments_unchanged"":false,""no_other_unclassified_top_level_calls"":false,""output_parseable"":false,""print_adjacent_to_assert"":false,""print_arguments_safe"":false,""print_removed_from_top_level"":false,""source_complete"":true,""source_parseable"":true}",fail,true
9B_complete_development300,01b6bac38cef8f198113a5cd475e8be41beccd60d7c559172443b76df714e34c,148,01b6bac38cef8f198113a5cd475e8be41beccd60d7c559172443b76df714e34c,Mbpp/138,33,Candidate_B_H0,qwen3.5:9b,is_Sum_Of_Powers_Of_Two,5ac277bdc6b75e21aa18043943c5f72d3c2ebdb67c21a4b75b6f5a1d405433fc,faa5c58b8c3c8f4caa627508e0dc9635649808ee0ffb80fcd542461cda4065cf,true,true,false,transformed_top_level_demo_print_quarantined,"{""assert_literal_entrypoint_selftest"":true,""assert_matches_public_selftest"":true,""assert_remains_top_level"":true,""builtin_print_unshadowed"":true,""entrypoint_unique"":true,""exactly_one_top_level_assert"":true,""exactly_one_top_level_print"":true,""extraction_unambiguous"":true,""function_segments_unchanged"":true,""no_other_unclassified_top_level_calls"":true,""output_parseable"":true,""print_adjacent_to_assert"":true,""print_arguments_safe"":true,""print_removed_from_top_level"":true,""source_complete"":true,""source_parseable"":true}",fail,true
9B_complete_development300,bce7d06fe15d627115b96c241688d603b61450245867becd7f426917dfcfa2a9,149,bce7d06fe15d627115b96c241688d603b61450245867becd7f426917dfcfa2a9,Mbpp/138,44,Candidate_B_H0,qwen3.5:9b,is_Sum_Of_Powers_Of_Two,c372761f36477131b571012670731979310bc92b70e635ae5d23d829efa0cd72,c372761f36477131b571012670731979310bc92b70e635ae5d23d829efa0cd72,false,false,true,no_top_level_print,"{""assert_literal_entrypoint_selftest"":false,""assert_matches_public_selftest"":false,""assert_remains_top_level"":false,""builtin_print_unshadowed"":false,""entrypoint_unique"":true,""exactly_one_top_level_assert"":true,""exactly_one_top_level_print"":false,""extraction_unambiguous"":true,""function_segments_unchanged"":false,""no_other_unclassified_top_level_calls"":false,""output_parseable"":false,""print_adjacent_to_assert"":false,""print_arguments_safe"":false,""print_removed_from_top_level"":false,""source_complete"":true,""source_parseable"":true}",fail,true
9B_complete_development300,a4fb31fb0a9e1c4080e4c75cc53a842c29cfd030ea1cd5ba7d6f29a34bd605ee,150,a4fb31fb0a9e1c4080e4c75cc53a842c29cfd030ea1cd5ba7d6f29a34bd605ee,Mbpp/138,55,Candidate_B_H0,qwen3.5:9b,is_Sum_Of_Powers_Of_Two,c372761f36477131b571012670731979310bc92b70e635ae5d23d829efa0cd72,c372761f36477131b571012670731979310bc92b70e635ae5d23d829efa0cd72,false,false,true,no_top_level_print,"{""assert_literal_entrypoint_selftest"":false,""assert_matches_public_selftest"":false,""assert_remains_top_level"":false,""builtin_print_unshadowed"":false,""entrypoint_unique"":true,""exactly_one_top_level_assert"":true,""exactly_one_top_level_print"":false,""extraction_unambiguous"":true,""function_segments_unchanged"":false,""no_other_unclassified_top_level_calls"":false,""output_parseable"":false,""print_adjacent_to_assert"":false,""print_arguments_safe"":false,""print_removed_from_top_level"":false,""source_complete"":true,""source_parseable"":true}",fail,true
9B_complete_development300,951a8909d85003fe8b785bf08c8afa0e476f67af5544a8a0896405b66444e9e7,151,951a8909d85003fe8b785bf08c8afa0e476f67af5544a8a0896405b66444e9e7,Mbpp/244,11,Candidate_B_H0,qwen3.5:9b,next_Perfect_Square,311c8149e99c91085d12ff106a90d68249fbb8e71ae158dc22535c42181c2081,311c8149e99c91085d12ff106a90d68249fbb8e71ae158dc22535c42181c2081,false,false,true,no_top_level_print,"{""assert_literal_entrypoint_selftest"":false,""assert_matches_public_selftest"":false,""assert_remains_top_level"":false,""builtin_print_unshadowed"":false,""entrypoint_unique"":true,""exactly_one_top_level_assert"":false,""exactly_one_top_level_print"":false,""extraction_unambiguous"":true,""function_segments_unchanged"":false,""no_other_unclassified_top_level_calls"":false,""output_parseable"":false,""print_adjacent_to_assert"":false,""print_arguments_safe"":false,""print_removed_from_top_level"":false,""source_complete"":true,""source_parseable"":true}",fail,true
9B_complete_development300,b7f7b3ad0cd0e64a4a89bfab78560985393b23746de0bfb589d3e5539e1041f2,152,b7f7b3ad0cd0e64a4a89bfab78560985393b23746de0bfb589d3e5539e1041f2,Mbpp/244,22,Candidate_B_H0,qwen3.5:9b,next_Perfect_Square,c72fd96a7c231c1c50016cb898cadb41e08d679ce2032e3bcb92b92a508e7463,c72fd96a7c231c1c50016cb898cadb41e08d679ce2032e3bcb92b92a508e7463,false,false,true,no_top_level_print,"{""assert_literal_entrypoint_selftest"":false,""assert_matches_public_selftest"":false,""assert_remains_top_level"":false,""builtin_print_unshadowed"":false,""entrypoint_unique"":true,""exactly_one_top_level_assert"":true,""exactly_one_top_level_print"":false,""extraction_unambiguous"":true,""function_segments_unchanged"":false,""no_other_unclassified_top_level_calls"":false,""output_parseable"":false,""print_adjacent_to_assert"":false,""print_arguments_safe"":false,""print_removed_from_top_level"":false,""source_complete"":true,""source_parseable"":true}",fail,true
9B_complete_development300,7d66673b97fe97bcd362fd08195ad2524133a2bfeda9adbfd0ac17505536c035,153,7d66673b97fe97bcd362fd08195ad2524133a2bfeda9adbfd0ac17505536c035,Mbpp/244,33,Candidate_B_H0,qwen3.5:9b,next_Perfect_Square,c72fd96a7c231c1c50016cb898cadb41e08d679ce2032e3bcb92b92a508e7463,c72fd96a7c231c1c50016cb898cadb41e08d679ce2032e3bcb92b92a508e7463,false,false,true,no_top_level_print,"{""assert_literal_entrypoint_selftest"":false,""assert_matches_public_selftest"":false,""assert_remains_top_level"":false,""builtin_print_unshadowed"":false,""entrypoint_unique"":true,""exactly_one_top_level_assert"":true,""exactly_one_top_level_print"":false,""extraction_unambiguous"":true,""function_segments_unchanged"":false,""no_other_unclassified_top_level_calls"":false,""output_parseable"":false,""print_adjacent_to_assert"":false,""print_arguments_safe"":false,""print_removed_from_top_level"":false,""source_complete"":true,""source_parseable"":true}",fail,true
9B_complete_development300,782774eab651523e2edbb469876812fbc4ec136263429b1ff7ba40538884dcfd,154,782774eab651523e2edbb469876812fbc4ec136263429b1ff7ba40538884dcfd,Mbpp/244,44,Candidate_B_H0,qwen3.5:9b,next_Perfect_Square,d2c1838f2686c5c3b812ce19f89719ff4cc82f5d6bd4aabff83d3072dc85787d,d2c1838f2686c5c3b812ce19f89719ff4cc82f5d6bd4aabff83d3072dc85787d,false,false,true,no_top_level_print,"{""assert_literal_entrypoint_selftest"":false,""assert_matches_public_selftest"":false,""assert_remains_top_level"":false,""builtin_print_unshadowed"":false,""entrypoint_unique"":true,""exactly_one_top_level_assert"":false,""exactly_one_top_level_print"":false,""extraction_unambiguous"":true,""function_segments_unchanged"":false,""no_other_unclassified_top_level_calls"":false,""output_parseable"":false,""print_adjacent_to_assert"":false,""print_arguments_safe"":false,""print_removed_from_top_level"":false,""source_complete"":true,""source_parseable"":true}",fail,true
9B_complete_development300,911004db3b2b2b4724d3fdf4eef002f43f6e501788d6d24dc9a463d615182161,155,911004db3b2b2b4724d3fdf4eef002f43f6e501788d6d24dc9a463d615182161,Mbpp/244,55,Candidate_B_H0,qwen3.5:9b,next_Perfect_Square,facec816024c79b7f2b4dfbe36145f3e420090b4b7241e0ae8de88eeb491747a,facec816024c79b7f2b4dfbe36145f3e420090b4b7241e0ae8de88eeb491747a,false,false,true,no_top_level_print,"{""assert_literal_entrypoint_selftest"":false,""assert_matches_public_selftest"":false,""assert_remains_top_level"":false,""builtin_print_unshadowed"":false,""entrypoint_unique"":true,""exactly_one_top_level_assert"":false,""exactly_one_top_level_print"":false,""extraction_unambiguous"":true,""function_segments_unchanged"":false,""no_other_unclassified_top_level_calls"":false,""output_parseable"":false,""print_adjacent_to_assert"":false,""print_arguments_safe"":false,""print_removed_from_top_level"":false,""source_complete"":true,""source_parseable"":true}",fail,true
9B_complete_development300,2007ec98d098057747bdf3975c81264c967ff76547d3bac23e622cdfe8571bf6,156,2007ec98d098057747bdf3975c81264c967ff76547d3bac23e622cdfe8571bf6,Mbpp/735,11,Candidate_B_H0,qwen3.5:9b,toggle_middle_bits,ff7f31185ad75fda32cfcb8f8e4e2320c6bc74a05433c278f0c62f6d4fc4223c,ff7f31185ad75fda32cfcb8f8e4e2320c6bc74a05433c278f0c62f6d4fc4223c,false,false,true,no_top_level_print,"{""assert_literal_entrypoint_selftest"":false,""assert_matches_public_selftest"":false,""assert_remains_top_level"":false,""builtin_print_unshadowed"":false,""entrypoint_unique"":true,""exactly_one_top_level_assert"":true,""exactly_one_top_level_print"":false,""extraction_unambiguous"":true,""function_segments_unchanged"":false,""no_other_unclassified_top_level_calls"":false,""output_parseable"":false,""print_adjacent_to_assert"":false,""print_arguments_safe"":false,""print_removed_from_top_level"":false,""source_complete"":true,""source_parseable"":true}",fail,true
9B_complete_development300,7c7bf358de0139c9688826eac3ca6414efd233291d4226cc2f656c58f9c3a8a3,157,7c7bf358de0139c9688826eac3ca6414efd233291d4226cc2f656c58f9c3a8a3,Mbpp/735,22,Candidate_B_H0,qwen3.5:9b,toggle_middle_bits,d10258400b3be7a57e1714c5ca377a05a255988df140ddf83ffcc6ba6f3bf468,d10258400b3be7a57e1714c5ca377a05a255988df140ddf83ffcc6ba6f3bf468,false,false,true,no_top_level_print,"{""assert_literal_entrypoint_selftest"":false,""assert_matches_public_selftest"":false,""assert_remains_top_level"":false,""builtin_print_unshadowed"":false,""entrypoint_unique"":true,""exactly_one_top_level_assert"":true,""exactly_one_top_level_print"":false,""extraction_unambiguous"":true,""function_segments_unchanged"":false,""no_other_unclassified_top_level_calls"":false,""output_parseable"":false,""print_adjacent_to_assert"":false,""print_arguments_safe"":false,""print_removed_from_top_level"":false,""source_complete"":true,""source_parseable"":true}",fail,true
9B_complete_development300,0c4c8a0096c96cacc5adea93589cc74bc53fcb5d9dad02c7a7e9a9c51d830483,158,0c4c8a0096c96cacc5adea93589cc74bc53fcb5d9dad02c7a7e9a9c51d830483,Mbpp/735,33,Candidate_B_H0,qwen3.5:9b,toggle_middle_bits,c835b4729ae864ade8bf2b2271b5675e1e1ddf8bff639d4c5a6816aefa56f460,c835b4729ae864ade8bf2b2271b5675e1e1ddf8bff639d4c5a6816aefa56f460,false,false,true,no_top_level_print,"{""assert_literal_entrypoint_selftest"":false,""assert_matches_public_selftest"":false,""assert_remains_top_level"":false,""builtin_print_unshadowed"":false,""entrypoint_unique"":true,""exactly_one_top_level_assert"":true,""exactly_one_top_level_print"":false,""extraction_unambiguous"":true,""function_segments_unchanged"":false,""no_other_unclassified_top_level_calls"":false,""output_parseable"":false,""print_adjacent_to_assert"":false,""print_arguments_safe"":false,""print_removed_from_top_level"":false,""source_complete"":true,""source_parseable"":true}",fail,true
9B_complete_development300,8be467a87d48ada42b452f75670c330df1e5f4a334816d133ece971a93245e51,159,8be467a87d48ada42b452f75670c330df1e5f4a334816d133ece971a93245e51,Mbpp/735,44,Candidate_B_H0,qwen3.5:9b,toggle_middle_bits,2d509aaab032a6457998d5aa050fbc40dd8e9fc848828590618d52dda1177c11,2d509aaab032a6457998d5aa050fbc40dd8e9fc848828590618d52dda1177c11,false,false,true,no_top_level_print,"{""assert_literal_entrypoint_selftest"":false,""assert_matches_public_selftest"":false,""assert_remains_top_level"":false,""builtin_print_unshadowed"":false,""entrypoint_unique"":true,""exactly_one_top_level_assert"":true,""exactly_one_top_level_print"":false,""extraction_unambiguous"":true,""function_segments_unchanged"":false,""no_other_unclassified_top_level_calls"":false,""output_parseable"":false,""print_adjacent_to_assert"":false,""print_arguments_safe"":false,""print_removed_from_top_level"":false,""source_complete"":true,""source_parseable"":true}",fail,true
9B_complete_development300,c9972dbd1c76e4805401c1f08a4e25bf32b46c73b3be0befe79c623426dce6b2,160,c9972dbd1c76e4805401c1f08a4e25bf32b46c73b3be0befe79c623426dce6b2,Mbpp/735,55,Candidate_B_H0,qwen3.5:9b,toggle_middle_bits,0447ed48f2b46b5de9dbf8e57d636bb82248bb88e9c5428ccf2897c059ad09be,0447ed48f2b46b5de9dbf8e57d636bb82248bb88e9c5428ccf2897c059ad09be,false,false,true,no_top_level_print,"{""assert_literal_entrypoint_selftest"":false,""assert_matches_public_selftest"":false,""assert_remains_top_level"":false,""builtin_print_unshadowed"":false,""entrypoint_unique"":true,""exactly_one_top_level_assert"":true,""exactly_one_top_level_print"":false,""extraction_unambiguous"":true,""function_segments_unchanged"":false,""no_other_unclassified_top_level_calls"":false,""output_parseable"":false,""print_adjacent_to_assert"":false,""print_arguments_safe"":false,""print_removed_from_top_level"":false,""source_complete"":true,""source_parseable"":true}",fail,true
9B_complete_development300,05ccef787de036d4018238f9d3dda4a29f742eac953d9a79af62fa5d30bd5ae1,161,05ccef787de036d4018238f9d3dda4a29f742eac953d9a79af62fa5d30bd5ae1,Mbpp/14,11,Candidate_B_H0,qwen3.5:9b,find_Volume,d11d86d9c15adb31a6df3eb1e2d785590878f500c723e1178dbe84cc4a91f4f4,d11d86d9c15adb31a6df3eb1e2d785590878f500c723e1178dbe84cc4a91f4f4,false,false,true,no_top_level_print,"{""assert_literal_entrypoint_selftest"":false,""assert_matches_public_selftest"":false,""assert_remains_top_level"":false,""builtin_print_unshadowed"":false,""entrypoint_unique"":true,""exactly_one_top_level_assert"":false,""exactly_one_top_level_print"":false,""extraction_unambiguous"":true,""function_segments_unchanged"":false,""no_other_unclassified_top_level_calls"":false,""output_parseable"":false,""print_adjacent_to_assert"":false,""print_arguments_safe"":false,""print_removed_from_top_level"":false,""source_complete"":true,""source_parseable"":true}",fail,true
9B_complete_development300,9c039dfa41d59651f601049574731d2cd46837edcdd1ff8367bea8a11acbbc60,162,9c039dfa41d59651f601049574731d2cd46837edcdd1ff8367bea8a11acbbc60,Mbpp/14,22,Candidate_B_H0,qwen3.5:9b,find_Volume,d11d86d9c15adb31a6df3eb1e2d785590878f500c723e1178dbe84cc4a91f4f4,d11d86d9c15adb31a6df3eb1e2d785590878f500c723e1178dbe84cc4a91f4f4,false,false,true,no_top_level_print,"{""assert_literal_entrypoint_selftest"":false,""assert_matches_public_selftest"":false,""assert_remains_top_level"":false,""builtin_print_unshadowed"":false,""entrypoint_unique"":true,""exactly_one_top_level_assert"":false,""exactly_one_top_level_print"":false,""extraction_unambiguous"":true,""function_segments_unchanged"":false,""no_other_unclassified_top_level_calls"":false,""output_parseable"":false,""print_adjacent_to_assert"":false,""print_arguments_safe"":false,""print_removed_from_top_level"":false,""source_complete"":true,""source_parseable"":true}",fail,true
9B_complete_development300,3c34961267365c2cedd531506b291c37ba979427f6da73bfdf3865abf3c748c2,163,3c34961267365c2cedd531506b291c37ba979427f6da73bfdf3865abf3c748c2,Mbpp/14,33,Candidate_B_H0,qwen3.5:9b,find_Volume,564c16269972e1bcc229187611c22cce4a9f53ae328ab1581ffb1c7cd435c510,564c16269972e1bcc229187611c22cce4a9f53ae328ab1581ffb1c7cd435c510,false,false,true,no_top_level_print,"{""assert_literal_entrypoint_selftest"":false,""assert_matches_public_selftest"":false,""assert_remains_top_level"":false,""builtin_print_unshadowed"":false,""entrypoint_unique"":true,""exactly_one_top_level_assert"":false,""exactly_one_top_level_print"":false,""extraction_unambiguous"":true,""function_segments_unchanged"":false,""no_other_unclassified_top_level_calls"":false,""output_parseable"":false,""print_adjacent_to_assert"":false,""print_arguments_safe"":false,""print_removed_from_top_level"":false,""source_complete"":true,""source_parseable"":true}",pass,true
9B_complete_development300,71d10e1c7198488b82c0f5e27b0aca10421b1a18611e4954ad4fb9ee5514ea22,164,71d10e1c7198488b82c0f5e27b0aca10421b1a18611e4954ad4fb9ee5514ea22,Mbpp/14,44,Candidate_B_H0,qwen3.5:9b,find_Volume,d11d86d9c15adb31a6df3eb1e2d785590878f500c723e1178dbe84cc4a91f4f4,d11d86d9c15adb31a6df3eb1e2d785590878f500c723e1178dbe84cc4a91f4f4,false,false,true,no_top_level_print,"{""assert_literal_entrypoint_selftest"":false,""assert_matches_public_selftest"":false,""assert_remains_top_level"":false,""builtin_print_unshadowed"":false,""entrypoint_unique"":true,""exactly_one_top_level_assert"":false,""exactly_one_top_level_print"":false,""extraction_unambiguous"":true,""function_segments_unchanged"":false,""no_other_unclassified_top_level_calls"":false,""output_parseable"":false,""print_adjacent_to_assert"":false,""print_arguments_safe"":false,""print_removed_from_top_level"":false,""source_complete"":true,""source_parseable"":true}",fail,true
9B_complete_development300,e762c7d5362d7c213d760547ce6d9f8bce9b515216b1b80877c78733f20520af,165,e762c7d5362d7c213d760547ce6d9f8bce9b515216b1b80877c78733f20520af,Mbpp/14,55,Candidate_B_H0,qwen3.5:9b,find_Volume,2d1ee18fee7763770d6d2df1d6c19ec3f005dbcbf02210b668578b098cf123eb,2d1ee18fee7763770d6d2df1d6c19ec3f005dbcbf02210b668578b098cf123eb,false,false,true,no_top_level_print,"{""assert_literal_entrypoint_selftest"":false,""assert_matches_public_selftest"":false,""assert_remains_top_level"":false,""builtin_print_unshadowed"":false,""entrypoint_unique"":true,""exactly_one_top_level_assert"":true,""exactly_one_top_level_print"":false,""extraction_unambiguous"":true,""function_segments_unchanged"":false,""no_other_unclassified_top_level_calls"":false,""output_parseable"":false,""print_adjacent_to_assert"":false,""print_arguments_safe"":false,""print_removed_from_top_level"":false,""source_complete"":true,""source_parseable"":true}",fail,true
9B_complete_development300,96100fc34a3d7d966100d85aa1a6106f4775e1084eec9f59dd77252e811a65f4,166,96100fc34a3d7d966100d85aa1a6106f4775e1084eec9f59dd77252e811a65f4,Mbpp/787,11,Candidate_B_H0,qwen3.5:9b,text_match_three,55808c239a98be724bcfc0041d8a3bcf49d5635d78e60909d5372b22e480dc7e,55808c239a98be724bcfc0041d8a3bcf49d5635d78e60909d5372b22e480dc7e,true,false,true,top_level_print_count_not_one,"{""assert_literal_entrypoint_selftest"":false,""assert_matches_public_selftest"":false,""assert_remains_top_level"":false,""builtin_print_unshadowed"":false,""entrypoint_unique"":true,""exactly_one_top_level_assert"":true,""exactly_one_top_level_print"":false,""extraction_unambiguous"":true,""function_segments_unchanged"":false,""no_other_unclassified_top_level_calls"":false,""output_parseable"":false,""print_adjacent_to_assert"":false,""print_arguments_safe"":false,""print_removed_from_top_level"":false,""source_complete"":true,""source_parseable"":true}",pass,true
9B_complete_development300,d376056d9b2bd014706b5b4f86569dac0d63a02611cde239bd85029774a2620a,167,d376056d9b2bd014706b5b4f86569dac0d63a02611cde239bd85029774a2620a,Mbpp/787,22,Candidate_B_H0,qwen3.5:9b,text_match_three,b9b13ec5b750e91c5e771b3e61826981f63483721e2ceb583cd4c883592a2618,b9b13ec5b750e91c5e771b3e61826981f63483721e2ceb583cd4c883592a2618,true,false,true,top_level_print_count_not_one,"{""assert_literal_entrypoint_selftest"":false,""assert_matches_public_selftest"":false,""assert_remains_top_level"":false,""builtin_print_unshadowed"":false,""entrypoint_unique"":true,""exactly_one_top_level_assert"":true,""exactly_one_top_level_print"":false,""extraction_unambiguous"":true,""function_segments_unchanged"":false,""no_other_unclassified_top_level_calls"":false,""output_parseable"":false,""print_adjacent_to_assert"":false,""print_arguments_safe"":false,""print_removed_from_top_level"":false,""source_complete"":true,""source_parseable"":true}",pass,true
9B_complete_development300,1ed09edb92c4da77d9ccb4eac0e420c2cbd4319a9d8a55e3340ea9f1a20544d8,168,1ed09edb92c4da77d9ccb4eac0e420c2cbd4319a9d8a55e3340ea9f1a20544d8,Mbpp/787,33,Candidate_B_H0,qwen3.5:9b,text_match_three,93e763a6916038e0e019b7d602e32aa1daccaa75365b3a053b1dc89ad7425b1b,6601c8dbc5ae9c8bada22ff64f3f06af8e7642848c0ab641cfb0aa047088ab90,true,true,false,transformed_top_level_demo_print_quarantined,"{""assert_literal_entrypoint_selftest"":true,""assert_matches_public_selftest"":true,""assert_remains_top_level"":true,""builtin_print_unshadowed"":true,""entrypoint_unique"":true,""exactly_one_top_level_assert"":true,""exactly_one_top_level_print"":true,""extraction_unambiguous"":true,""function_segments_unchanged"":true,""no_other_unclassified_top_level_calls"":true,""output_parseable"":true,""print_adjacent_to_assert"":true,""print_arguments_safe"":true,""print_removed_from_top_level"":true,""source_complete"":true,""source_parseable"":true}",fail,true
9B_complete_development300,9851261169622167fefbcae183cf355d20e10102aa8cb181750ec6b73431a70c,169,9851261169622167fefbcae183cf355d20e10102aa8cb181750ec6b73431a70c,Mbpp/787,44,Candidate_B_H0,qwen3.5:9b,text_match_three,b9b13ec5b750e91c5e771b3e61826981f63483721e2ceb583cd4c883592a2618,b9b13ec5b750e91c5e771b3e61826981f63483721e2ceb583cd4c883592a2618,true,false,true,top_level_print_count_not_one,"{""assert_literal_entrypoint_selftest"":false,""assert_matches_public_selftest"":false,""assert_remains_top_level"":false,""builtin_print_unshadowed"":false,""entrypoint_unique"":true,""exactly_one_top_level_assert"":true,""exactly_one_top_level_print"":false,""extraction_unambiguous"":true,""function_segments_unchanged"":false,""no_other_unclassified_top_level_calls"":false,""output_parseable"":false,""print_adjacent_to_assert"":false,""print_arguments_safe"":false,""print_removed_from_top_level"":false,""source_complete"":true,""source_parseable"":true}",pass,true
9B_complete_development300,b02f9d4e10fbf1ae5b6d5d4d0c35d3df7c8f2f660930e67e25934bed0f435ee0,170,b02f9d4e10fbf1ae5b6d5d4d0c35d3df7c8f2f660930e67e25934bed0f435ee0,Mbpp/787,55,Candidate_B_H0,qwen3.5:9b,text_match_three,fa1aecfd4a512d7a9fdea7d7db33753e37151e7bc63e8b01841f7a0c1dffb327,1cb558c5be695990c8f6cbfab3397efab847d7334c20ffb8986172076c3bbeea,true,true,false,transformed_top_level_demo_print_quarantined,"{""assert_literal_entrypoint_selftest"":true,""assert_matches_public_selftest"":true,""assert_remains_top_level"":true,""builtin_print_unshadowed"":true,""entrypoint_unique"":true,""exactly_one_top_level_assert"":true,""exactly_one_top_level_print"":true,""extraction_unambiguous"":true,""function_segments_unchanged"":true,""no_other_unclassified_top_level_calls"":true,""output_parseable"":true,""print_adjacent_to_assert"":true,""print_arguments_safe"":true,""print_removed_from_top_level"":true,""source_complete"":true,""source_parseable"":true}",pass,true
9B_complete_development300,24b1527f11421023266b2d27cf4e595d94ac9f7899dea442a361bba5d87d83b3,171,24b1527f11421023266b2d27cf4e595d94ac9f7899dea442a361bba5d87d83b3,Mbpp/722,11,Candidate_B_H0,qwen3.5:9b,filter_data,c0d3c3231ddafb575c0f7832334d0ee9fbeb493e6639f4a545d4ee26b913ef7d,c0d3c3231ddafb575c0f7832334d0ee9fbeb493e6639f4a545d4ee26b913ef7d,false,false,true,no_top_level_print,"{""assert_literal_entrypoint_selftest"":false,""assert_matches_public_selftest"":false,""assert_remains_top_level"":false,""builtin_print_unshadowed"":false,""entrypoint_unique"":true,""exactly_one_top_level_assert"":false,""exactly_one_top_level_print"":false,""extraction_unambiguous"":true,""function_segments_unchanged"":false,""no_other_unclassified_top_level_calls"":false,""output_parseable"":false,""print_adjacent_to_assert"":false,""print_arguments_safe"":false,""print_removed_from_top_level"":false,""source_complete"":true,""source_parseable"":true}",fail,true
9B_complete_development300,a1f89435d65b81afbd0d0ba1668834d6ab0b9b50a9a57e28e91b1f4e34e7f713,172,a1f89435d65b81afbd0d0ba1668834d6ab0b9b50a9a57e28e91b1f4e34e7f713,Mbpp/722,22,Candidate_B_H0,qwen3.5:9b,filter_data,c0d3c3231ddafb575c0f7832334d0ee9fbeb493e6639f4a545d4ee26b913ef7d,c0d3c3231ddafb575c0f7832334d0ee9fbeb493e6639f4a545d4ee26b913ef7d,false,false,true,no_top_level_print,"{""assert_literal_entrypoint_selftest"":false,""assert_matches_public_selftest"":false,""assert_remains_top_level"":false,""builtin_print_unshadowed"":false,""entrypoint_unique"":true,""exactly_one_top_level_assert"":false,""exactly_one_top_level_print"":false,""extraction_unambiguous"":true,""function_segments_unchanged"":false,""no_other_unclassified_top_level_calls"":false,""output_parseable"":false,""print_adjacent_to_assert"":false,""print_arguments_safe"":false,""print_removed_from_top_level"":false,""source_complete"":true,""source_parseable"":true}",fail,true
9B_complete_development300,488d43e2c4a8008d1e3a26b5867ad156317388c6c86aa94943e4db152e7b1091,173,488d43e2c4a8008d1e3a26b5867ad156317388c6c86aa94943e4db152e7b1091,Mbpp/722,33,Candidate_B_H0,qwen3.5:9b,filter_data,c0d3c3231ddafb575c0f7832334d0ee9fbeb493e6639f4a545d4ee26b913ef7d,c0d3c3231ddafb575c0f7832334d0ee9fbeb493e6639f4a545d4ee26b913ef7d,false,false,true,no_top_level_print,"{""assert_literal_entrypoint_selftest"":false,""assert_matches_public_selftest"":false,""assert_remains_top_level"":false,""builtin_print_unshadowed"":false,""entrypoint_unique"":true,""exactly_one_top_level_assert"":false,""exactly_one_top_level_print"":false,""extraction_unambiguous"":true,""function_segments_unchanged"":false,""no_other_unclassified_top_level_calls"":false,""output_parseable"":false,""print_adjacent_to_assert"":false,""print_arguments_safe"":false,""print_removed_from_top_level"":false,""source_complete"":true,""source_parseable"":true}",fail,true
9B_complete_development300,fe973455ae8aa6d18d84cc677a9789d83520d0257a3d01fa61fa796a4371ac12,174,fe973455ae8aa6d18d84cc677a9789d83520d0257a3d01fa61fa796a4371ac12,Mbpp/722,44,Candidate_B_H0,qwen3.5:9b,filter_data,c0d3c3231ddafb575c0f7832334d0ee9fbeb493e6639f4a545d4ee26b913ef7d,c0d3c3231ddafb575c0f7832334d0ee9fbeb493e6639f4a545d4ee26b913ef7d,false,false,true,no_top_level_print,"{""assert_literal_entrypoint_selftest"":false,""assert_matches_public_selftest"":false,""assert_remains_top_level"":false,""builtin_print_unshadowed"":false,""entrypoint_unique"":true,""exactly_one_top_level_assert"":false,""exactly_one_top_level_print"":false,""extraction_unambiguous"":true,""function_segments_unchanged"":false,""no_other_unclassified_top_level_calls"":false,""output_parseable"":false,""print_adjacent_to_assert"":false,""print_arguments_safe"":false,""print_removed_from_top_level"":false,""source_complete"":true,""source_parseable"":true}",fail,true
9B_complete_development300,125c6e3294d8d8284451ce7aa9cfe85e0fbffe5c6825436ab01e670ea86bd6e4,175,125c6e3294d8d8284451ce7aa9cfe85e0fbffe5c6825436ab01e670ea86bd6e4,Mbpp/722,55,Candidate_B_H0,qwen3.5:9b,filter_data,c0d3c3231ddafb575c0f7832334d0ee9fbeb493e6639f4a545d4ee26b913ef7d,c0d3c3231ddafb575c0f7832334d0ee9fbeb493e6639f4a545d4ee26b913ef7d,false,false,true,no_top_level_print,"{""assert_literal_entrypoint_selftest"":false,""assert_matches_public_selftest"":false,""assert_remains_top_level"":false,""builtin_print_unshadowed"":false,""entrypoint_unique"":true,""exactly_one_top_level_assert"":false,""exactly_one_top_level_print"":false,""extraction_unambiguous"":true,""function_segments_unchanged"":false,""no_other_unclassified_top_level_calls"":false,""output_parseable"":false,""print_adjacent_to_assert"":false,""print_arguments_safe"":false,""print_removed_from_top_level"":false,""source_complete"":true,""source_parseable"":true}",fail,true
9B_complete_development300,002f38fa4d0ccb9361b9aac01339013857631482fe1acac28e17d48d5a46561c,176,002f38fa4d0ccb9361b9aac01339013857631482fe1acac28e17d48d5a46561c,Mbpp/781,11,Candidate_B_H0,qwen3.5:9b,count_divisors,d8df5a571805205dfd395fc079f1c0d24c68993fc83d59c73d37c966c302bcbc,d8df5a571805205dfd395fc079f1c0d24c68993fc83d59c73d37c966c302bcbc,false,false,true,no_top_level_print,"{""assert_literal_entrypoint_selftest"":false,""assert_matches_public_selftest"":false,""assert_remains_top_level"":false,""builtin_print_unshadowed"":false,""entrypoint_unique"":true,""exactly_one_top_level_assert"":false,""exactly_one_top_level_print"":false,""extraction_unambiguous"":true,""function_segments_unchanged"":false,""no_other_unclassified_top_level_calls"":false,""output_parseable"":false,""print_adjacent_to_assert"":false,""print_arguments_safe"":false,""print_removed_from_top_level"":false,""source_complete"":true,""source_parseable"":true}",pass,true
9B_complete_development300,d856c561b38c3e28213677613ea5f3abb7bbb4eb0a3892cfc92213f161d86293,177,d856c561b38c3e28213677613ea5f3abb7bbb4eb0a3892cfc92213f161d86293,Mbpp/781,22,Candidate_B_H0,qwen3.5:9b,count_divisors,d712dcdfc4f256dd338c3fa426e102bd4cba22be6ce901e92a7ddd412f48f249,d712dcdfc4f256dd338c3fa426e102bd4cba22be6ce901e92a7ddd412f48f249,false,false,true,no_top_level_print,"{""assert_literal_entrypoint_selftest"":false,""assert_matches_public_selftest"":false,""assert_remains_top_level"":false,""builtin_print_unshadowed"":false,""entrypoint_unique"":true,""exactly_one_top_level_assert"":true,""exactly_one_top_level_print"":false,""extraction_unambiguous"":true,""function_segments_unchanged"":false,""no_other_unclassified_top_level_calls"":false,""output_parseable"":false,""print_adjacent_to_assert"":false,""print_arguments_safe"":false,""print_removed_from_top_level"":false,""source_complete"":true,""source_parseable"":true}",pass,true
9B_complete_development300,2e0769119511ad9a63bc4aafc8a4ee7c50dab435ca99c5689f4069818c928371,178,2e0769119511ad9a63bc4aafc8a4ee7c50dab435ca99c5689f4069818c928371,Mbpp/781,33,Candidate_B_H0,qwen3.5:9b,count_divisors,e4e0bc8e89e46b517d5aeb4d91128c91108fc9500c01fa7eac4b37e02619f9a1,e4e0bc8e89e46b517d5aeb4d91128c91108fc9500c01fa7eac4b37e02619f9a1,false,false,true,no_top_level_print,"{""assert_literal_entrypoint_selftest"":false,""assert_matches_public_selftest"":false,""assert_remains_top_level"":false,""builtin_print_unshadowed"":false,""entrypoint_unique"":true,""exactly_one_top_level_assert"":true,""exactly_one_top_level_print"":false,""extraction_unambiguous"":true,""function_segments_unchanged"":false,""no_other_unclassified_top_level_calls"":false,""output_parseable"":false,""print_adjacent_to_assert"":false,""print_arguments_safe"":false,""print_removed_from_top_level"":false,""source_complete"":true,""source_parseable"":true}",pass,true
9B_complete_development300,af0b4b7805842df487c65d3e63b89458bfa164a550705f55f15cf764fae4aa76,179,af0b4b7805842df487c65d3e63b89458bfa164a550705f55f15cf764fae4aa76,Mbpp/781,44,Candidate_B_H0,qwen3.5:9b,count_divisors,47f88ad73da7846a7c980d4124a061850c5b50a6fe6e168dedb2df6c9509c4ff,47f88ad73da7846a7c980d4124a061850c5b50a6fe6e168dedb2df6c9509c4ff,false,false,true,no_top_level_print,"{""assert_literal_entrypoint_selftest"":false,""assert_matches_public_selftest"":false,""assert_remains_top_level"":false,""builtin_print_unshadowed"":false,""entrypoint_unique"":true,""exactly_one_top_level_assert"":true,""exactly_one_top_level_print"":false,""extraction_unambiguous"":true,""function_segments_unchanged"":false,""no_other_unclassified_top_level_calls"":false,""output_parseable"":false,""print_adjacent_to_assert"":false,""print_arguments_safe"":false,""print_removed_from_top_level"":false,""source_complete"":true,""source_parseable"":true}",pass,true
9B_complete_development300,23ccf8ecc483d2868f516dff191ab45e9677dea0f362b80bfd4c0659cc4a2c31,180,23ccf8ecc483d2868f516dff191ab45e9677dea0f362b80bfd4c0659cc4a2c31,Mbpp/781,55,Candidate_B_H0,qwen3.5:9b,count_divisors,d712dcdfc4f256dd338c3fa426e102bd4cba22be6ce901e92a7ddd412f48f249,d712dcdfc4f256dd338c3fa426e102bd4cba22be6ce901e92a7ddd412f48f249,false,false,true,no_top_level_print,"{""assert_literal_entrypoint_selftest"":false,""assert_matches_public_selftest"":false,""assert_remains_top_level"":false,""builtin_print_unshadowed"":false,""entrypoint_unique"":true,""exactly_one_top_level_assert"":true,""exactly_one_top_level_print"":false,""extraction_unambiguous"":true,""function_segments_unchanged"":false,""no_other_unclassified_top_level_calls"":false,""output_parseable"":false,""print_adjacent_to_assert"":false,""print_arguments_safe"":false,""print_removed_from_top_level"":false,""source_complete"":true,""source_parseable"":true}",pass,true
9B_complete_development300,d8697d88e8233dbbb610e6740b9ded49ddc74701f7c33f8628731fdd58777019,181,d8697d88e8233dbbb610e6740b9ded49ddc74701f7c33f8628731fdd58777019,Mbpp/622,11,Candidate_B_H0,qwen3.5:9b,get_median,5c07aec78c6a1073d7417639e154b473adb3007a97e320f56c63d0e91af66861,5c07aec78c6a1073d7417639e154b473adb3007a97e320f56c63d0e91af66861,false,false,true,no_top_level_print,"{""assert_literal_entrypoint_selftest"":false,""assert_matches_public_selftest"":false,""assert_remains_top_level"":false,""builtin_print_unshadowed"":false,""entrypoint_unique"":true,""exactly_one_top_level_assert"":false,""exactly_one_top_level_print"":false,""extraction_unambiguous"":true,""function_segments_unchanged"":false,""no_other_unclassified_top_level_calls"":false,""output_parseable"":false,""print_adjacent_to_assert"":false,""print_arguments_safe"":false,""print_removed_from_top_level"":false,""source_complete"":true,""source_parseable"":true}",fail,true
9B_complete_development300,8f2e043d3ef8a94ec9db97c703ff778ec9a46582d481a979e5cf806434f470fc,182,8f2e043d3ef8a94ec9db97c703ff778ec9a46582d481a979e5cf806434f470fc,Mbpp/622,22,Candidate_B_H0,qwen3.5:9b,get_median,2cabf126d33108173ed3369c6a89006e41d9773560104bdc2d6c52f98e3581e1,2cabf126d33108173ed3369c6a89006e41d9773560104bdc2d6c52f98e3581e1,false,false,true,no_top_level_print,"{""assert_literal_entrypoint_selftest"":false,""assert_matches_public_selftest"":false,""assert_remains_top_level"":false,""builtin_print_unshadowed"":false,""entrypoint_unique"":true,""exactly_one_top_level_assert"":false,""exactly_one_top_level_print"":false,""extraction_unambiguous"":true,""function_segments_unchanged"":false,""no_other_unclassified_top_level_calls"":false,""output_parseable"":false,""print_adjacent_to_assert"":false,""print_arguments_safe"":false,""print_removed_from_top_level"":false,""source_complete"":true,""source_parseable"":true}",fail,true
9B_complete_development300,c28319db61e1533961266cde4482f7ff82ea45618db4181d2744e4fc81c0e5df,183,c28319db61e1533961266cde4482f7ff82ea45618db4181d2744e4fc81c0e5df,Mbpp/622,33,Candidate_B_H0,qwen3.5:9b,get_median,b3ad915992b2d94066821c1fe3f333d3e29236968bb987a5a32eccc9f1ee42bf,b3ad915992b2d94066821c1fe3f333d3e29236968bb987a5a32eccc9f1ee42bf,false,false,true,no_top_level_print,"{""assert_literal_entrypoint_selftest"":false,""assert_matches_public_selftest"":false,""assert_remains_top_level"":false,""builtin_print_unshadowed"":false,""entrypoint_unique"":true,""exactly_one_top_level_assert"":false,""exactly_one_top_level_print"":false,""extraction_unambiguous"":true,""function_segments_unchanged"":false,""no_other_unclassified_top_level_calls"":false,""output_parseable"":false,""print_adjacent_to_assert"":false,""print_arguments_safe"":false,""print_removed_from_top_level"":false,""source_complete"":true,""source_parseable"":true}",fail,true
9B_complete_development300,b53eb5394646562e9018fd62140757c361be7e8f56c700b0a93d00b9368a19f9,184,b53eb5394646562e9018fd62140757c361be7e8f56c700b0a93d00b9368a19f9,Mbpp/622,44,Candidate_B_H0,qwen3.5:9b,get_median,3237450387be2b62c8c402e9c2923846805d70e575e4f168fadb87ea972f6eae,3237450387be2b62c8c402e9c2923846805d70e575e4f168fadb87ea972f6eae,false,false,true,no_top_level_print,"{""assert_literal_entrypoint_selftest"":false,""assert_matches_public_selftest"":false,""assert_remains_top_level"":false,""builtin_print_unshadowed"":false,""entrypoint_unique"":true,""exactly_one_top_level_assert"":false,""exactly_one_top_level_print"":false,""extraction_unambiguous"":true,""function_segments_unchanged"":false,""no_other_unclassified_top_level_calls"":false,""output_parseable"":false,""print_adjacent_to_assert"":false,""print_arguments_safe"":false,""print_removed_from_top_level"":false,""source_complete"":true,""source_parseable"":true}",fail,true
9B_complete_development300,3a39e4c2bc18d21f5ef6b152292331c536ec7a9fe591ef819c7ae8f215a015b6,185,3a39e4c2bc18d21f5ef6b152292331c536ec7a9fe591ef819c7ae8f215a015b6,Mbpp/622,55,Candidate_B_H0,qwen3.5:9b,get_median,578aad5b64201860ca8f3788925ff4b3fcd7cf3d437d23cd594bf6e3f04a763c,578aad5b64201860ca8f3788925ff4b3fcd7cf3d437d23cd594bf6e3f04a763c,false,false,true,no_top_level_print,"{""assert_literal_entrypoint_selftest"":false,""assert_matches_public_selftest"":false,""assert_remains_top_level"":false,""builtin_print_unshadowed"":false,""entrypoint_unique"":true,""exactly_one_top_level_assert"":false,""exactly_one_top_level_print"":false,""extraction_unambiguous"":true,""function_segments_unchanged"":false,""no_other_unclassified_top_level_calls"":false,""output_parseable"":false,""print_adjacent_to_assert"":false,""print_arguments_safe"":false,""print_removed_from_top_level"":false,""source_complete"":true,""source_parseable"":true}",fail,true
9B_complete_development300,f5527f2b4eb253be2e76cf5fcfc396820d140845353dd565e498aafddd7899da,186,f5527f2b4eb253be2e76cf5fcfc396820d140845353dd565e498aafddd7899da,Mbpp/607,11,Candidate_B_H0,qwen3.5:9b,find_literals,3af2668cf8cc215f55bfea2ad739e8a521c9353a7957d7843e982f0ba61f21ad,3af2668cf8cc215f55bfea2ad739e8a521c9353a7957d7843e982f0ba61f21ad,false,false,true,no_top_level_print,"{""assert_literal_entrypoint_selftest"":false,""assert_matches_public_selftest"":false,""assert_remains_top_level"":false,""builtin_print_unshadowed"":false,""entrypoint_unique"":true,""exactly_one_top_level_assert"":false,""exactly_one_top_level_print"":false,""extraction_unambiguous"":true,""function_segments_unchanged"":false,""no_other_unclassified_top_level_calls"":false,""output_parseable"":false,""print_adjacent_to_assert"":false,""print_arguments_safe"":false,""print_removed_from_top_level"":false,""source_complete"":true,""source_parseable"":true}",pass,true
9B_complete_development300,b6e2db7b77ea67e9897812741b8ed2e18bd37201bdcee87bfa2eb6548dabaaa2,187,b6e2db7b77ea67e9897812741b8ed2e18bd37201bdcee87bfa2eb6548dabaaa2,Mbpp/607,22,Candidate_B_H0,qwen3.5:9b,find_literals,ea972e176c40625d3417bb06905982b0ed587a88db4de93f9231301d153ead61,ea972e176c40625d3417bb06905982b0ed587a88db4de93f9231301d153ead61,false,false,true,no_top_level_print,"{""assert_literal_entrypoint_selftest"":false,""assert_matches_public_selftest"":false,""assert_remains_top_level"":false,""builtin_print_unshadowed"":false,""entrypoint_unique"":true,""exactly_one_top_level_assert"":false,""exactly_one_top_level_print"":false,""extraction_unambiguous"":true,""function_segments_unchanged"":false,""no_other_unclassified_top_level_calls"":false,""output_parseable"":false,""print_adjacent_to_assert"":false,""print_arguments_safe"":false,""print_removed_from_top_level"":false,""source_complete"":true,""source_parseable"":true}",fail,true
9B_complete_development300,4578457d53ba4645b40c5c046f66308fbb7c6db296b110e467c96b9cc8b58186,188,4578457d53ba4645b40c5c046f66308fbb7c6db296b110e467c96b9cc8b58186,Mbpp/607,33,Candidate_B_H0,qwen3.5:9b,find_literals,3af2668cf8cc215f55bfea2ad739e8a521c9353a7957d7843e982f0ba61f21ad,3af2668cf8cc215f55bfea2ad739e8a521c9353a7957d7843e982f0ba61f21ad,false,false,true,no_top_level_print,"{""assert_literal_entrypoint_selftest"":false,""assert_matches_public_selftest"":false,""assert_remains_top_level"":false,""builtin_print_unshadowed"":false,""entrypoint_unique"":true,""exactly_one_top_level_assert"":false,""exactly_one_top_level_print"":false,""extraction_unambiguous"":true,""function_segments_unchanged"":false,""no_other_unclassified_top_level_calls"":false,""output_parseable"":false,""print_adjacent_to_assert"":false,""print_arguments_safe"":false,""print_removed_from_top_level"":false,""source_complete"":true,""source_parseable"":true}",pass,true
9B_complete_development300,e4ab84558b982451e8edb008d6c149583e5b22879b5d84cc2f62f967e42612e2,189,e4ab84558b982451e8edb008d6c149583e5b22879b5d84cc2f62f967e42612e2,Mbpp/607,44,Candidate_B_H0,qwen3.5:9b,find_literals,3af2668cf8cc215f55bfea2ad739e8a521c9353a7957d7843e982f0ba61f21ad,3af2668cf8cc215f55bfea2ad739e8a521c9353a7957d7843e982f0ba61f21ad,false,false,true,no_top_level_print,"{""assert_literal_entrypoint_selftest"":false,""assert_matches_public_selftest"":false,""assert_remains_top_level"":false,""builtin_print_unshadowed"":false,""entrypoint_unique"":true,""exactly_one_top_level_assert"":false,""exactly_one_top_level_print"":false,""extraction_unambiguous"":true,""function_segments_unchanged"":false,""no_other_unclassified_top_level_calls"":false,""output_parseable"":false,""print_adjacent_to_assert"":false,""print_arguments_safe"":false,""print_removed_from_top_level"":false,""source_complete"":true,""source_parseable"":true}",pass,true
9B_complete_development300,8efb7dab63074d068958eb903bb89b857440f1025c119a6035c2c9a841f50742,190,8efb7dab63074d068958eb903bb89b857440f1025c119a6035c2c9a841f50742,Mbpp/607,55,Candidate_B_H0,qwen3.5:9b,find_literals,274e3346df93eaf83cb270242ba9ad150daa359280f9c2f9cb84a08e090b797a,274e3346df93eaf83cb270242ba9ad150daa359280f9c2f9cb84a08e090b797a,false,false,true,no_top_level_print,"{""assert_literal_entrypoint_selftest"":false,""assert_matches_public_selftest"":false,""assert_remains_top_level"":false,""builtin_print_unshadowed"":false,""entrypoint_unique"":true,""exactly_one_top_level_assert"":false,""exactly_one_top_level_print"":false,""extraction_unambiguous"":true,""function_segments_unchanged"":false,""no_other_unclassified_top_level_calls"":false,""output_parseable"":false,""print_adjacent_to_assert"":false,""print_arguments_safe"":false,""print_removed_from_top_level"":false,""source_complete"":true,""source_parseable"":true}",fail,true
9B_complete_development300,b63e3c913c74a74a79cca769520da9b92a2d6bcb640882d2df8a189812e67ef6,191,b63e3c913c74a74a79cca769520da9b92a2d6bcb640882d2df8a189812e67ef6,Mbpp/410,11,Candidate_B_H0,qwen3.5:9b,min_val,7f61b30cfdadcfc365c6cf6daaa79170942e69f2f3c1dabf2d87ae549cdedefe,7f61b30cfdadcfc365c6cf6daaa79170942e69f2f3c1dabf2d87ae549cdedefe,false,false,true,no_top_level_print,"{""assert_literal_entrypoint_selftest"":false,""assert_matches_public_selftest"":false,""assert_remains_top_level"":false,""builtin_print_unshadowed"":false,""entrypoint_unique"":true,""exactly_one_top_level_assert"":false,""exactly_one_top_level_print"":false,""extraction_unambiguous"":true,""function_segments_unchanged"":false,""no_other_unclassified_top_level_calls"":false,""output_parseable"":false,""print_adjacent_to_assert"":false,""print_arguments_safe"":false,""print_removed_from_top_level"":false,""source_complete"":true,""source_parseable"":true}",fail,true
9B_complete_development300,284533f93cc2a9c9012d005c206eb17d6cc6285ea8b17d997e50cb62fcabeafd,192,284533f93cc2a9c9012d005c206eb17d6cc6285ea8b17d997e50cb62fcabeafd,Mbpp/410,22,Candidate_B_H0,qwen3.5:9b,min_val,06df4b9422e3c6309caa0eeaa120af4869860cc231f29d3fca4b13e79e9ac41c,06df4b9422e3c6309caa0eeaa120af4869860cc231f29d3fca4b13e79e9ac41c,false,false,true,no_top_level_print,"{""assert_literal_entrypoint_selftest"":false,""assert_matches_public_selftest"":false,""assert_remains_top_level"":false,""builtin_print_unshadowed"":false,""entrypoint_unique"":true,""exactly_one_top_level_assert"":false,""exactly_one_top_level_print"":false,""extraction_unambiguous"":true,""function_segments_unchanged"":false,""no_other_unclassified_top_level_calls"":false,""output_parseable"":false,""print_adjacent_to_assert"":false,""print_arguments_safe"":false,""print_removed_from_top_level"":false,""source_complete"":true,""source_parseable"":true}",fail,true
9B_complete_development300,375d13b5bd61ef0ee7c0e92979f8c002d2ac3e98adb41426e8b9d6e27b176399,193,375d13b5bd61ef0ee7c0e92979f8c002d2ac3e98adb41426e8b9d6e27b176399,Mbpp/410,33,Candidate_B_H0,qwen3.5:9b,min_val,6c557f46b5db490955e32255cc5ab37b2fff52bd5cdc5714eca026b54937ae04,6c557f46b5db490955e32255cc5ab37b2fff52bd5cdc5714eca026b54937ae04,false,false,true,no_top_level_print,"{""assert_literal_entrypoint_selftest"":false,""assert_matches_public_selftest"":false,""assert_remains_top_level"":false,""builtin_print_unshadowed"":false,""entrypoint_unique"":true,""exactly_one_top_level_assert"":true,""exactly_one_top_level_print"":false,""extraction_unambiguous"":true,""function_segments_unchanged"":false,""no_other_unclassified_top_level_calls"":false,""output_parseable"":false,""print_adjacent_to_assert"":false,""print_arguments_safe"":false,""print_removed_from_top_level"":false,""source_complete"":true,""source_parseable"":true}",fail,true
9B_complete_development300,ae0ea3edc7597b91f18d21dae1503c2333353a0b9686af9742afd8e1f056e10a,194,ae0ea3edc7597b91f18d21dae1503c2333353a0b9686af9742afd8e1f056e10a,Mbpp/410,44,Candidate_B_H0,qwen3.5:9b,min_val,6598d591b790f2b6274311114905405631f407a001853c917da18151f6211810,6598d591b790f2b6274311114905405631f407a001853c917da18151f6211810,false,false,true,no_top_level_print,"{""assert_literal_entrypoint_selftest"":false,""assert_matches_public_selftest"":false,""assert_remains_top_level"":false,""builtin_print_unshadowed"":false,""entrypoint_unique"":true,""exactly_one_top_level_assert"":false,""exactly_one_top_level_print"":false,""extraction_unambiguous"":true,""function_segments_unchanged"":false,""no_other_unclassified_top_level_calls"":false,""output_parseable"":false,""print_adjacent_to_assert"":false,""print_arguments_safe"":false,""print_removed_from_top_level"":false,""source_complete"":true,""source_parseable"":true}",fail,true
9B_complete_development300,3b027c95ed6970ead1bf34a58e5e5968a842375728129f12e3233a5ef00aed89,195,3b027c95ed6970ead1bf34a58e5e5968a842375728129f12e3233a5ef00aed89,Mbpp/410,55,Candidate_B_H0,qwen3.5:9b,min_val,7f61b30cfdadcfc365c6cf6daaa79170942e69f2f3c1dabf2d87ae549cdedefe,7f61b30cfdadcfc365c6cf6daaa79170942e69f2f3c1dabf2d87ae549cdedefe,false,false,true,no_top_level_print,"{""assert_literal_entrypoint_selftest"":false,""assert_matches_public_selftest"":false,""assert_remains_top_level"":false,""builtin_print_unshadowed"":false,""entrypoint_unique"":true,""exactly_one_top_level_assert"":false,""exactly_one_top_level_print"":false,""extraction_unambiguous"":true,""function_segments_unchanged"":false,""no_other_unclassified_top_level_calls"":false,""output_parseable"":false,""print_adjacent_to_assert"":false,""print_arguments_safe"":false,""print_removed_from_top_level"":false,""source_complete"":true,""source_parseable"":true}",fail,true
9B_complete_development300,a2dc45257f6a71f7d31a1b9dd5c14e57129eefbe2d06e48dfa1ebb6199e88be3,196,a2dc45257f6a71f7d31a1b9dd5c14e57129eefbe2d06e48dfa1ebb6199e88be3,Mbpp/581,11,Candidate_B_H0,qwen3.5:9b,surface_Area,1e100872ddffd60da980697ea0907ac77572d7c8d6446138ba0abfd3b3afb444,1e100872ddffd60da980697ea0907ac77572d7c8d6446138ba0abfd3b3afb444,false,false,true,no_top_level_print,"{""assert_literal_entrypoint_selftest"":false,""assert_matches_public_selftest"":false,""assert_remains_top_level"":false,""builtin_print_unshadowed"":false,""entrypoint_unique"":true,""exactly_one_top_level_assert"":false,""exactly_one_top_level_print"":false,""extraction_unambiguous"":true,""function_segments_unchanged"":false,""no_other_unclassified_top_level_calls"":false,""output_parseable"":false,""print_adjacent_to_assert"":false,""print_arguments_safe"":false,""print_removed_from_top_level"":false,""source_complete"":true,""source_parseable"":true}",fail,true
9B_complete_development300,f59c91131c769f305f410b20a5738e70c14be1ba72df0eba0fb4f7efe6af1987,197,f59c91131c769f305f410b20a5738e70c14be1ba72df0eba0fb4f7efe6af1987,Mbpp/581,22,Candidate_B_H0,qwen3.5:9b,surface_Area,04da78f1936389f6f834710989d360f1991d502ccd72f2494175e0859a8a697b,04da78f1936389f6f834710989d360f1991d502ccd72f2494175e0859a8a697b,false,false,true,no_top_level_print,"{""assert_literal_entrypoint_selftest"":false,""assert_matches_public_selftest"":false,""assert_remains_top_level"":false,""builtin_print_unshadowed"":false,""entrypoint_unique"":true,""exactly_one_top_level_assert"":true,""exactly_one_top_level_print"":false,""extraction_unambiguous"":true,""function_segments_unchanged"":false,""no_other_unclassified_top_level_calls"":false,""output_parseable"":false,""print_adjacent_to_assert"":false,""print_arguments_safe"":false,""print_removed_from_top_level"":false,""source_complete"":true,""source_parseable"":true}",fail,true
9B_complete_development300,1e808b1c61f92345c10814778fbcbd28d5a2234c3503895c07c7e7fd52af0818,198,1e808b1c61f92345c10814778fbcbd28d5a2234c3503895c07c7e7fd52af0818,Mbpp/581,33,Candidate_B_H0,qwen3.5:9b,surface_Area,4502e67982160d2ed533538a8753ab3de0e8057eea4e4e0961287e41c4e80a40,4502e67982160d2ed533538a8753ab3de0e8057eea4e4e0961287e41c4e80a40,false,false,true,no_top_level_print,"{""assert_literal_entrypoint_selftest"":false,""assert_matches_public_selftest"":false,""assert_remains_top_level"":false,""builtin_print_unshadowed"":false,""entrypoint_unique"":true,""exactly_one_top_level_assert"":false,""exactly_one_top_level_print"":false,""extraction_unambiguous"":true,""function_segments_unchanged"":false,""no_other_unclassified_top_level_calls"":false,""output_parseable"":false,""print_adjacent_to_assert"":false,""print_arguments_safe"":false,""print_removed_from_top_level"":false,""source_complete"":true,""source_parseable"":true}",fail,true
9B_complete_development300,225def7e7fc2e4f0bdbede03a1813db354a4eff641e2de7b042c07a5608f106e,199,225def7e7fc2e4f0bdbede03a1813db354a4eff641e2de7b042c07a5608f106e,Mbpp/581,44,Candidate_B_H0,qwen3.5:9b,surface_Area,aacf55bd121e7e6d9321ce41bb5b121081f4f331367f6b0082d5e0b29252a468,aacf55bd121e7e6d9321ce41bb5b121081f4f331367f6b0082d5e0b29252a468,false,false,true,no_top_level_print,"{""assert_literal_entrypoint_selftest"":false,""assert_matches_public_selftest"":false,""assert_remains_top_level"":false,""builtin_print_unshadowed"":false,""entrypoint_unique"":true,""exactly_one_top_level_assert"":true,""exactly_one_top_level_print"":false,""extraction_unambiguous"":true,""function_segments_unchanged"":false,""no_other_unclassified_top_level_calls"":false,""output_parseable"":false,""print_adjacent_to_assert"":false,""print_arguments_safe"":false,""print_removed_from_top_level"":false,""source_complete"":true,""source_parseable"":true}",fail,true
9B_complete_development300,d6cc3d6bdcc0be8b24448e7ba5b9808a9e505adf3b7dccbde8d30259c2d18cad,200,d6cc3d6bdcc0be8b24448e7ba5b9808a9e505adf3b7dccbde8d30259c2d18cad,Mbpp/581,55,Candidate_B_H0,qwen3.5:9b,surface_Area,effee1ae7fc2e727562ee98af5a2181c3f49940bb611e219dfbd25fa4451abef,effee1ae7fc2e727562ee98af5a2181c3f49940bb611e219dfbd25fa4451abef,false,false,true,no_top_level_print,"{""assert_literal_entrypoint_selftest"":false,""assert_matches_public_selftest"":false,""assert_remains_top_level"":false,""builtin_print_unshadowed"":false,""entrypoint_unique"":true,""exactly_one_top_level_assert"":false,""exactly_one_top_level_print"":false,""extraction_unambiguous"":true,""function_segments_unchanged"":false,""no_other_unclassified_top_level_calls"":false,""output_parseable"":false,""print_adjacent_to_assert"":false,""print_arguments_safe"":false,""print_removed_from_top_level"":false,""source_complete"":true,""source_parseable"":true}",fail,true
9B_complete_development300,5019f72d2bc2fb86c03177d80a7816f6902d6a5bc4a087dacc99a57cd63baf06,201,5019f72d2bc2fb86c03177d80a7816f6902d6a5bc4a087dacc99a57cd63baf06,Mbpp/255,11,Candidate_B_H0,qwen3.5:9b,combinations_colors,349de76397309a17646a731b14e78b39492d2a3a967aa4689df993a2cf7b10ae,349de76397309a17646a731b14e78b39492d2a3a967aa4689df993a2cf7b10ae,false,false,true,no_top_level_print,"{""assert_literal_entrypoint_selftest"":false,""assert_matches_public_selftest"":false,""assert_remains_top_level"":false,""builtin_print_unshadowed"":false,""entrypoint_unique"":true,""exactly_one_top_level_assert"":false,""exactly_one_top_level_print"":false,""extraction_unambiguous"":true,""function_segments_unchanged"":false,""no_other_unclassified_top_level_calls"":false,""output_parseable"":false,""print_adjacent_to_assert"":false,""print_arguments_safe"":false,""print_removed_from_top_level"":false,""source_complete"":true,""source_parseable"":true}",fail,true
9B_complete_development300,bdaf6b291abc934fa2ad02af1beddbeba53acd1b5911b00024085d7072919efa,202,bdaf6b291abc934fa2ad02af1beddbeba53acd1b5911b00024085d7072919efa,Mbpp/255,22,Candidate_B_H0,qwen3.5:9b,combinations_colors,fe3b3c8c5938a81091f5b5e370ec5a7331b764eebf92181ead4d7a495e3ddc1f,fe3b3c8c5938a81091f5b5e370ec5a7331b764eebf92181ead4d7a495e3ddc1f,false,false,true,no_top_level_print,"{""assert_literal_entrypoint_selftest"":false,""assert_matches_public_selftest"":false,""assert_remains_top_level"":false,""builtin_print_unshadowed"":false,""entrypoint_unique"":true,""exactly_one_top_level_assert"":false,""exactly_one_top_level_print"":false,""extraction_unambiguous"":true,""function_segments_unchanged"":false,""no_other_unclassified_top_level_calls"":false,""output_parseable"":false,""print_adjacent_to_assert"":false,""print_arguments_safe"":false,""print_removed_from_top_level"":false,""source_complete"":true,""source_parseable"":true}",fail,true
9B_complete_development300,295dfc28979e0fcaa5c908be8ba908d384b224f3ce89dc6044311ca04f12f88f,203,295dfc28979e0fcaa5c908be8ba908d384b224f3ce89dc6044311ca04f12f88f,Mbpp/255,33,Candidate_B_H0,qwen3.5:9b,combinations_colors,4a2379e315b378044cf9e4e5ce8f65592255dacfbd731a351fee7a29a949002d,4a2379e315b378044cf9e4e5ce8f65592255dacfbd731a351fee7a29a949002d,false,false,true,no_top_level_print,"{""assert_literal_entrypoint_selftest"":false,""assert_matches_public_selftest"":false,""assert_remains_top_level"":false,""builtin_print_unshadowed"":false,""entrypoint_unique"":true,""exactly_one_top_level_assert"":false,""exactly_one_top_level_print"":false,""extraction_unambiguous"":true,""function_segments_unchanged"":false,""no_other_unclassified_top_level_calls"":false,""output_parseable"":false,""print_adjacent_to_assert"":false,""print_arguments_safe"":false,""print_removed_from_top_level"":false,""source_complete"":true,""source_parseable"":true}",fail,true
9B_complete_development300,6a3c32bd229b5b4d5db770fba3ef086213563289b97941b9bd12548c149831ec,204,6a3c32bd229b5b4d5db770fba3ef086213563289b97941b9bd12548c149831ec,Mbpp/255,44,Candidate_B_H0,qwen3.5:9b,combinations_colors,1fff051f1a923d81b7495da8b73c0599c1446295ecafa2ba96587ba071477d37,1fff051f1a923d81b7495da8b73c0599c1446295ecafa2ba96587ba071477d37,false,false,true,no_top_level_print,"{""assert_literal_entrypoint_selftest"":false,""assert_matches_public_selftest"":false,""assert_remains_top_level"":false,""builtin_print_unshadowed"":false,""entrypoint_unique"":true,""exactly_one_top_level_assert"":false,""exactly_one_top_level_print"":false,""extraction_unambiguous"":true,""function_segments_unchanged"":false,""no_other_unclassified_top_level_calls"":false,""output_parseable"":false,""print_adjacent_to_assert"":false,""print_arguments_safe"":false,""print_removed_from_top_level"":false,""source_complete"":true,""source_parseable"":true}",fail,true
9B_complete_development300,f47af857ade246797c519ba56642b4e03a657f7e005e46f28e08bc78ee364bac,205,f47af857ade246797c519ba56642b4e03a657f7e005e46f28e08bc78ee364bac,Mbpp/255,55,Candidate_B_H0,qwen3.5:9b,combinations_colors,fe3b3c8c5938a81091f5b5e370ec5a7331b764eebf92181ead4d7a495e3ddc1f,fe3b3c8c5938a81091f5b5e370ec5a7331b764eebf92181ead4d7a495e3ddc1f,false,false,true,no_top_level_print,"{""assert_literal_entrypoint_selftest"":false,""assert_matches_public_selftest"":false,""assert_remains_top_level"":false,""builtin_print_unshadowed"":false,""entrypoint_unique"":true,""exactly_one_top_level_assert"":false,""exactly_one_top_level_print"":false,""extraction_unambiguous"":true,""function_segments_unchanged"":false,""no_other_unclassified_top_level_calls"":false,""output_parseable"":false,""print_adjacent_to_assert"":false,""print_arguments_safe"":false,""print_removed_from_top_level"":false,""source_complete"":true,""source_parseable"":true}",fail,true
9B_complete_development300,c1a7d197c7708b5d9494be779a7ed9b43d38dd7e02feba17c9ca255fa9a9b9df,206,c1a7d197c7708b5d9494be779a7ed9b43d38dd7e02feba17c9ca255fa9a9b9df,Mbpp/99,11,Candidate_B_H0,qwen3.5:9b,decimal_to_binary,5d42e07b73cd94f1566f80d4c314ba907073729b2db4e850e167eb184853b68d,5d42e07b73cd94f1566f80d4c314ba907073729b2db4e850e167eb184853b68d,false,false,true,no_top_level_print,"{""assert_literal_entrypoint_selftest"":false,""assert_matches_public_selftest"":false,""assert_remains_top_level"":false,""builtin_print_unshadowed"":false,""entrypoint_unique"":true,""exactly_one_top_level_assert"":false,""exactly_one_top_level_print"":false,""extraction_unambiguous"":true,""function_segments_unchanged"":false,""no_other_unclassified_top_level_calls"":false,""output_parseable"":false,""print_adjacent_to_assert"":false,""print_arguments_safe"":false,""print_removed_from_top_level"":false,""source_complete"":true,""source_parseable"":true}",fail,true
9B_complete_development300,bf89a824ca07792fc9d14d89cd30b82b2d94122c012226a5b6d6519f19d60cfe,207,bf89a824ca07792fc9d14d89cd30b82b2d94122c012226a5b6d6519f19d60cfe,Mbpp/99,22,Candidate_B_H0,qwen3.5:9b,decimal_to_binary,dcbff47648a49899f678bdd5dc8b310ab600a5f4b0eefda8103982d28506dda0,dcbff47648a49899f678bdd5dc8b310ab600a5f4b0eefda8103982d28506dda0,false,false,true,no_top_level_print,"{""assert_literal_entrypoint_selftest"":false,""assert_matches_public_selftest"":false,""assert_remains_top_level"":false,""builtin_print_unshadowed"":false,""entrypoint_unique"":true,""exactly_one_top_level_assert"":false,""exactly_one_top_level_print"":false,""extraction_unambiguous"":true,""function_segments_unchanged"":false,""no_other_unclassified_top_level_calls"":false,""output_parseable"":false,""print_adjacent_to_assert"":false,""print_arguments_safe"":false,""print_removed_from_top_level"":false,""source_complete"":true,""source_parseable"":true}",fail,true
9B_complete_development300,26a25fbe4008e736db5684337d5d6b744a199a2cc7319535c3ea4dd83c546065,208,26a25fbe4008e736db5684337d5d6b744a199a2cc7319535c3ea4dd83c546065,Mbpp/99,33,Candidate_B_H0,qwen3.5:9b,decimal_to_binary,5d42e07b73cd94f1566f80d4c314ba907073729b2db4e850e167eb184853b68d,5d42e07b73cd94f1566f80d4c314ba907073729b2db4e850e167eb184853b68d,false,false,true,no_top_level_print,"{""assert_literal_entrypoint_selftest"":false,""assert_matches_public_selftest"":false,""assert_remains_top_level"":false,""builtin_print_unshadowed"":false,""entrypoint_unique"":true,""exactly_one_top_level_assert"":false,""exactly_one_top_level_print"":false,""extraction_unambiguous"":true,""function_segments_unchanged"":false,""no_other_unclassified_top_level_calls"":false,""output_parseable"":false,""print_adjacent_to_assert"":false,""print_arguments_safe"":false,""print_removed_from_top_level"":false,""source_complete"":true,""source_parseable"":true}",fail,true
9B_complete_development300,b977ada54f0a13704e4e0f3507761d860242d6b745c9d9f44e0750c972d28e2c,209,b977ada54f0a13704e4e0f3507761d860242d6b745c9d9f44e0750c972d28e2c,Mbpp/99,44,Candidate_B_H0,qwen3.5:9b,decimal_to_binary,5d42e07b73cd94f1566f80d4c314ba907073729b2db4e850e167eb184853b68d,5d42e07b73cd94f1566f80d4c314ba907073729b2db4e850e167eb184853b68d,false,false,true,no_top_level_print,"{""assert_literal_entrypoint_selftest"":false,""assert_matches_public_selftest"":false,""assert_remains_top_level"":false,""builtin_print_unshadowed"":false,""entrypoint_unique"":true,""exactly_one_top_level_assert"":false,""exactly_one_top_level_print"":false,""extraction_unambiguous"":true,""function_segments_unchanged"":false,""no_other_unclassified_top_level_calls"":false,""output_parseable"":false,""print_adjacent_to_assert"":false,""print_arguments_safe"":false,""print_removed_from_top_level"":false,""source_complete"":true,""source_parseable"":true}",fail,true
9B_complete_development300,2c3e0315fdaee4106bde69e7cbb8fdf7a0827cfabb24165dcf6197428338d83b,210,2c3e0315fdaee4106bde69e7cbb8fdf7a0827cfabb24165dcf6197428338d83b,Mbpp/99,55,Candidate_B_H0,qwen3.5:9b,decimal_to_binary,35021f5709c533772fcf66ec1ac1fab8aacaf67229b36f9264c91e9dfb85041d,35021f5709c533772fcf66ec1ac1fab8aacaf67229b36f9264c91e9dfb85041d,false,false,true,no_top_level_print,"{""assert_literal_entrypoint_selftest"":false,""assert_matches_public_selftest"":false,""assert_remains_top_level"":false,""builtin_print_unshadowed"":false,""entrypoint_unique"":true,""exactly_one_top_level_assert"":false,""exactly_one_top_level_print"":false,""extraction_unambiguous"":true,""function_segments_unchanged"":false,""no_other_unclassified_top_level_calls"":false,""output_parseable"":false,""print_adjacent_to_assert"":false,""print_arguments_safe"":false,""print_removed_from_top_level"":false,""source_complete"":true,""source_parseable"":true}",fail,true
9B_complete_development300,59bf3b2536087d405be2241ea0a27d27da508e8388cf80bec413e67f9ab6269d,211,59bf3b2536087d405be2241ea0a27d27da508e8388cf80bec413e67f9ab6269d,Mbpp/103,11,Candidate_B_H0,qwen3.5:9b,eulerian_num,c4e97df34dd7316af448950c3ad713aa1df16c64e92d3f3a012c731bba253618,c4e97df34dd7316af448950c3ad713aa1df16c64e92d3f3a012c731bba253618,false,false,true,source_truncated_or_completion_unknown,"{""assert_literal_entrypoint_selftest"":false,""assert_matches_public_selftest"":false,""assert_remains_top_level"":false,""builtin_print_unshadowed"":false,""entrypoint_unique"":true,""exactly_one_top_level_assert"":false,""exactly_one_top_level_print"":false,""extraction_unambiguous"":true,""function_segments_unchanged"":false,""no_other_unclassified_top_level_calls"":false,""output_parseable"":false,""print_adjacent_to_assert"":false,""print_arguments_safe"":false,""print_removed_from_top_level"":false,""source_complete"":false,""source_parseable"":true}",fail,true
9B_complete_development300,5c195ebd425a3dd8b06b2403e00a815ad2538d6c9f54119448a585dac8c88715,212,5c195ebd425a3dd8b06b2403e00a815ad2538d6c9f54119448a585dac8c88715,Mbpp/103,22,Candidate_B_H0,qwen3.5:9b,eulerian_num,e7f2fff34db2ef051be347d85f4d9ce6aa9491094cdace8bf2dbdccbe205adc8,e7f2fff34db2ef051be347d85f4d9ce6aa9491094cdace8bf2dbdccbe205adc8,false,false,true,no_top_level_print,"{""assert_literal_entrypoint_selftest"":false,""assert_matches_public_selftest"":false,""assert_remains_top_level"":false,""builtin_print_unshadowed"":false,""entrypoint_unique"":true,""exactly_one_top_level_assert"":false,""exactly_one_top_level_print"":false,""extraction_unambiguous"":true,""function_segments_unchanged"":false,""no_other_unclassified_top_level_calls"":false,""output_parseable"":false,""print_adjacent_to_assert"":false,""print_arguments_safe"":false,""print_removed_from_top_level"":false,""source_complete"":true,""source_parseable"":true}",fail,true
9B_complete_development300,29badcaa34166c620978b4f621aa3856859d296e210f7c7a38561b39849fe9cc,213,29badcaa34166c620978b4f621aa3856859d296e210f7c7a38561b39849fe9cc,Mbpp/103,33,Candidate_B_H0,qwen3.5:9b,eulerian_num,952c2d6db457afab04cb8fb4ccfe3652b4a72bf4dd0704748de34b5ac37c3107,952c2d6db457afab04cb8fb4ccfe3652b4a72bf4dd0704748de34b5ac37c3107,false,false,true,no_top_level_print,"{""assert_literal_entrypoint_selftest"":false,""assert_matches_public_selftest"":false,""assert_remains_top_level"":false,""builtin_print_unshadowed"":false,""entrypoint_unique"":true,""exactly_one_top_level_assert"":false,""exactly_one_top_level_print"":false,""extraction_unambiguous"":true,""function_segments_unchanged"":false,""no_other_unclassified_top_level_calls"":false,""output_parseable"":false,""print_adjacent_to_assert"":false,""print_arguments_safe"":false,""print_removed_from_top_level"":false,""source_complete"":true,""source_parseable"":true}",fail,true
9B_complete_development300,bfa80269cd8ac74c1987bbbac1e79a24054e0e85f65cf1a4afe972f89b56e57b,214,bfa80269cd8ac74c1987bbbac1e79a24054e0e85f65cf1a4afe972f89b56e57b,Mbpp/103,44,Candidate_B_H0,qwen3.5:9b,eulerian_num,ee91cbd1e4e843a20ad5e517135995220881374956c3be0191c2a442ddafbd77,ee91cbd1e4e843a20ad5e517135995220881374956c3be0191c2a442ddafbd77,false,false,true,no_top_level_print,"{""assert_literal_entrypoint_selftest"":false,""assert_matches_public_selftest"":false,""assert_remains_top_level"":false,""builtin_print_unshadowed"":false,""entrypoint_unique"":true,""exactly_one_top_level_assert"":false,""exactly_one_top_level_print"":false,""extraction_unambiguous"":true,""function_segments_unchanged"":false,""no_other_unclassified_top_level_calls"":false,""output_parseable"":false,""print_adjacent_to_assert"":false,""print_arguments_safe"":false,""print_removed_from_top_level"":false,""source_complete"":true,""source_parseable"":true}",fail,true
9B_complete_development300,ad4c43603b9f8b7f5b6a3a777940c6c799881fc2fb043e193e3237bcaf3af7f9,215,ad4c43603b9f8b7f5b6a3a777940c6c799881fc2fb043e193e3237bcaf3af7f9,Mbpp/103,55,Candidate_B_H0,qwen3.5:9b,eulerian_num,c528903756f472e1fe7154bdef2d19b3f23b851ca42f5a0d0ff04856cc685faa,c528903756f472e1fe7154bdef2d19b3f23b851ca42f5a0d0ff04856cc685faa,false,false,true,no_top_level_print,"{""assert_literal_entrypoint_selftest"":false,""assert_matches_public_selftest"":false,""assert_remains_top_level"":false,""builtin_print_unshadowed"":false,""entrypoint_unique"":true,""exactly_one_top_level_assert"":false,""exactly_one_top_level_print"":false,""extraction_unambiguous"":true,""function_segments_unchanged"":false,""no_other_unclassified_top_level_calls"":false,""output_parseable"":false,""print_adjacent_to_assert"":false,""print_arguments_safe"":false,""print_removed_from_top_level"":false,""source_complete"":true,""source_parseable"":true}",fail,true
9B_complete_development300,81cd6f1d055d47e781e3d08c914571b1959ebc39655a00f7ecfd110508503b4e,216,81cd6f1d055d47e781e3d08c914571b1959ebc39655a00f7ecfd110508503b4e,Mbpp/427,11,Candidate_B_H0,qwen3.5:9b,change_date_format,e620cba770bcd2fb047bc27efae8eed206cb95f8f0a5e89631dd65d5fbda3d34,e620cba770bcd2fb047bc27efae8eed206cb95f8f0a5e89631dd65d5fbda3d34,false,false,true,no_top_level_print,"{""assert_literal_entrypoint_selftest"":false,""assert_matches_public_selftest"":false,""assert_remains_top_level"":false,""builtin_print_unshadowed"":false,""entrypoint_unique"":true,""exactly_one_top_level_assert"":false,""exactly_one_top_level_print"":false,""extraction_unambiguous"":true,""function_segments_unchanged"":false,""no_other_unclassified_top_level_calls"":false,""output_parseable"":false,""print_adjacent_to_assert"":false,""print_arguments_safe"":false,""print_removed_from_top_level"":false,""source_complete"":true,""source_parseable"":true}",fail,true
9B_complete_development300,5bf8a1f3934680a03fdc52a96fcca133f19f3a6885bcc6c4f81bd72ef2bdc6b4,217,5bf8a1f3934680a03fdc52a96fcca133f19f3a6885bcc6c4f81bd72ef2bdc6b4,Mbpp/427,22,Candidate_B_H0,qwen3.5:9b,change_date_format,5dae3e96e27121f0eac4379e191a8197de69deac81b535c454ac1bf53a444d06,5dae3e96e27121f0eac4379e191a8197de69deac81b535c454ac1bf53a444d06,false,false,true,no_top_level_print,"{""assert_literal_entrypoint_selftest"":false,""assert_matches_public_selftest"":false,""assert_remains_top_level"":false,""builtin_print_unshadowed"":false,""entrypoint_unique"":true,""exactly_one_top_level_assert"":true,""exactly_one_top_level_print"":false,""extraction_unambiguous"":true,""function_segments_unchanged"":false,""no_other_unclassified_top_level_calls"":false,""output_parseable"":false,""print_adjacent_to_assert"":false,""print_arguments_safe"":false,""print_removed_from_top_level"":false,""source_complete"":true,""source_parseable"":true}",fail,true
9B_complete_development300,d10c4c3a33cf290555e5024a1d00fb1c827d72ea862ad8e9e70f618e6665cdc1,218,d10c4c3a33cf290555e5024a1d00fb1c827d72ea862ad8e9e70f618e6665cdc1,Mbpp/427,33,Candidate_B_H0,qwen3.5:9b,change_date_format,e620cba770bcd2fb047bc27efae8eed206cb95f8f0a5e89631dd65d5fbda3d34,e620cba770bcd2fb047bc27efae8eed206cb95f8f0a5e89631dd65d5fbda3d34,false,false,true,no_top_level_print,"{""assert_literal_entrypoint_selftest"":false,""assert_matches_public_selftest"":false,""assert_remains_top_level"":false,""builtin_print_unshadowed"":false,""entrypoint_unique"":true,""exactly_one_top_level_assert"":false,""exactly_one_top_level_print"":false,""extraction_unambiguous"":true,""function_segments_unchanged"":false,""no_other_unclassified_top_level_calls"":false,""output_parseable"":false,""print_adjacent_to_assert"":false,""print_arguments_safe"":false,""print_removed_from_top_level"":false,""source_complete"":true,""source_parseable"":true}",fail,true
9B_complete_development300,988e14a3191e7bc858a23195cd2356a37acd3408f288a68fe062cc838aa4d738,219,988e14a3191e7bc858a23195cd2356a37acd3408f288a68fe062cc838aa4d738,Mbpp/427,44,Candidate_B_H0,qwen3.5:9b,change_date_format,e620cba770bcd2fb047bc27efae8eed206cb95f8f0a5e89631dd65d5fbda3d34,e620cba770bcd2fb047bc27efae8eed206cb95f8f0a5e89631dd65d5fbda3d34,false,false,true,no_top_level_print,"{""assert_literal_entrypoint_selftest"":false,""assert_matches_public_selftest"":false,""assert_remains_top_level"":false,""builtin_print_unshadowed"":false,""entrypoint_unique"":true,""exactly_one_top_level_assert"":false,""exactly_one_top_level_print"":false,""extraction_unambiguous"":true,""function_segments_unchanged"":false,""no_other_unclassified_top_level_calls"":false,""output_parseable"":false,""print_adjacent_to_assert"":false,""print_arguments_safe"":false,""print_removed_from_top_level"":false,""source_complete"":true,""source_parseable"":true}",fail,true
9B_complete_development300,fecb44add792a30c7498be505f3bddc0c50ecf8b0f769420488d6743ed2158c8,220,fecb44add792a30c7498be505f3bddc0c50ecf8b0f769420488d6743ed2158c8,Mbpp/427,55,Candidate_B_H0,qwen3.5:9b,change_date_format,e620cba770bcd2fb047bc27efae8eed206cb95f8f0a5e89631dd65d5fbda3d34,e620cba770bcd2fb047bc27efae8eed206cb95f8f0a5e89631dd65d5fbda3d34,false,false,true,no_top_level_print,"{""assert_literal_entrypoint_selftest"":false,""assert_matches_public_selftest"":false,""assert_remains_top_level"":false,""builtin_print_unshadowed"":false,""entrypoint_unique"":true,""exactly_one_top_level_assert"":false,""exactly_one_top_level_print"":false,""extraction_unambiguous"":true,""function_segments_unchanged"":false,""no_other_unclassified_top_level_calls"":false,""output_parseable"":false,""print_adjacent_to_assert"":false,""print_arguments_safe"":false,""print_removed_from_top_level"":false,""source_complete"":true,""source_parseable"":true}",fail,true
9B_complete_development300,1b26199872a76b46f6ad00d891cabeddbd7c8ec670c1feab88df829674832005,221,1b26199872a76b46f6ad00d891cabeddbd7c8ec670c1feab88df829674832005,Mbpp/6,11,Candidate_B_H0,qwen3.5:9b,differ_At_One_Bit_Pos,3844ebc4b5a042969528b08d4e1bd11031660c4d9bc18d11c360a5ba267e1366,3844ebc4b5a042969528b08d4e1bd11031660c4d9bc18d11c360a5ba267e1366,false,false,true,no_top_level_print,"{""assert_literal_entrypoint_selftest"":false,""assert_matches_public_selftest"":false,""assert_remains_top_level"":false,""builtin_print_unshadowed"":false,""entrypoint_unique"":true,""exactly_one_top_level_assert"":true,""exactly_one_top_level_print"":false,""extraction_unambiguous"":true,""function_segments_unchanged"":false,""no_other_unclassified_top_level_calls"":false,""output_parseable"":false,""print_adjacent_to_assert"":false,""print_arguments_safe"":false,""print_removed_from_top_level"":false,""source_complete"":true,""source_parseable"":true}",pass,true
9B_complete_development300,0fc7d818e475f9452afeff5e0f819100e5135b0fe1fe9a7e1c47f2f1f3bed197,222,0fc7d818e475f9452afeff5e0f819100e5135b0fe1fe9a7e1c47f2f1f3bed197,Mbpp/6,22,Candidate_B_H0,qwen3.5:9b,differ_At_One_Bit_Pos,3d1bf5c412afbb25ba9c50cf8bc4fae911148b1b15842fe8fc178d3094cb7bd8,3d1bf5c412afbb25ba9c50cf8bc4fae911148b1b15842fe8fc178d3094cb7bd8,false,false,true,no_top_level_print,"{""assert_literal_entrypoint_selftest"":false,""assert_matches_public_selftest"":false,""assert_remains_top_level"":false,""builtin_print_unshadowed"":false,""entrypoint_unique"":true,""exactly_one_top_level_assert"":false,""exactly_one_top_level_print"":false,""extraction_unambiguous"":true,""function_segments_unchanged"":false,""no_other_unclassified_top_level_calls"":false,""output_parseable"":false,""print_adjacent_to_assert"":false,""print_arguments_safe"":false,""print_removed_from_top_level"":false,""source_complete"":true,""source_parseable"":true}",pass,true
9B_complete_development300,0e7b2692c7ca83eab4e0eff73e381c207af1fbb0f184fc17999a82354b87ba56,223,0e7b2692c7ca83eab4e0eff73e381c207af1fbb0f184fc17999a82354b87ba56,Mbpp/6,33,Candidate_B_H0,qwen3.5:9b,differ_At_One_Bit_Pos,3844ebc4b5a042969528b08d4e1bd11031660c4d9bc18d11c360a5ba267e1366,3844ebc4b5a042969528b08d4e1bd11031660c4d9bc18d11c360a5ba267e1366,false,false,true,no_top_level_print,"{""assert_literal_entrypoint_selftest"":false,""assert_matches_public_selftest"":false,""assert_remains_top_level"":false,""builtin_print_unshadowed"":false,""entrypoint_unique"":true,""exactly_one_top_level_assert"":true,""exactly_one_top_level_print"":false,""extraction_unambiguous"":true,""function_segments_unchanged"":false,""no_other_unclassified_top_level_calls"":false,""output_parseable"":false,""print_adjacent_to_assert"":false,""print_arguments_safe"":false,""print_removed_from_top_level"":false,""source_complete"":true,""source_parseable"":true}",pass,true
9B_complete_development300,db1237af0ac01dc3e8fe96bcfbb9185f506f94b3be17e75e226fd72ad978d6fe,224,db1237af0ac01dc3e8fe96bcfbb9185f506f94b3be17e75e226fd72ad978d6fe,Mbpp/6,44,Candidate_B_H0,qwen3.5:9b,differ_At_One_Bit_Pos,96d78297ba4620e923110ba1ec5e0e481402a95a9d9dcdbc24953f54d1756d18,96d78297ba4620e923110ba1ec5e0e481402a95a9d9dcdbc24953f54d1756d18,false,false,true,no_top_level_print,"{""assert_literal_entrypoint_selftest"":false,""assert_matches_public_selftest"":false,""assert_remains_top_level"":false,""builtin_print_unshadowed"":false,""entrypoint_unique"":true,""exactly_one_top_level_assert"":true,""exactly_one_top_level_print"":false,""extraction_unambiguous"":true,""function_segments_unchanged"":false,""no_other_unclassified_top_level_calls"":false,""output_parseable"":false,""print_adjacent_to_assert"":false,""print_arguments_safe"":false,""print_removed_from_top_level"":false,""source_complete"":true,""source_parseable"":true}",pass,true
9B_complete_development300,c86bb5c0bac6ad826b8336d3b4a820869c8f6b56430cc436e7b4bb834a4553c8,225,c86bb5c0bac6ad826b8336d3b4a820869c8f6b56430cc436e7b4bb834a4553c8,Mbpp/6,55,Candidate_B_H0,qwen3.5:9b,differ_At_One_Bit_Pos,ed878e4c11f03d6b05e25e897d0156c8436a0b446dd43ef342bae50200ab797d,ed878e4c11f03d6b05e25e897d0156c8436a0b446dd43ef342bae50200ab797d,false,false,true,no_top_level_print,"{""assert_literal_entrypoint_selftest"":false,""assert_matches_public_selftest"":false,""assert_remains_top_level"":false,""builtin_print_unshadowed"":false,""entrypoint_unique"":true,""exactly_one_top_level_assert"":true,""exactly_one_top_level_print"":false,""extraction_unambiguous"":true,""function_segments_unchanged"":false,""no_other_unclassified_top_level_calls"":false,""output_parseable"":false,""print_adjacent_to_assert"":false,""print_arguments_safe"":false,""print_removed_from_top_level"":false,""source_complete"":true,""source_parseable"":true}",pass,true
9B_complete_development300,0d1b40c698eb61156fcd8273761fdde26c3a55ea65bd7874bf4c5dfa7bb15b57,226,0d1b40c698eb61156fcd8273761fdde26c3a55ea65bd7874bf4c5dfa7bb15b57,Mbpp/771,11,Candidate_B_H0,qwen3.5:9b,check_expression,37940ebd2d5fa967f199890cbfd470ea482e27a0bbd8ec818d6fe6a10d072dff,37940ebd2d5fa967f199890cbfd470ea482e27a0bbd8ec818d6fe6a10d072dff,false,false,true,no_top_level_print,"{""assert_literal_entrypoint_selftest"":false,""assert_matches_public_selftest"":false,""assert_remains_top_level"":false,""builtin_print_unshadowed"":false,""entrypoint_unique"":true,""exactly_one_top_level_assert"":false,""exactly_one_top_level_print"":false,""extraction_unambiguous"":true,""function_segments_unchanged"":false,""no_other_unclassified_top_level_calls"":false,""output_parseable"":false,""print_adjacent_to_assert"":false,""print_arguments_safe"":false,""print_removed_from_top_level"":false,""source_complete"":true,""source_parseable"":true}",fail,true
9B_complete_development300,f577c29f018779bba4ba02e683fcf7b285700559c10036f5f262d3580b694455,227,f577c29f018779bba4ba02e683fcf7b285700559c10036f5f262d3580b694455,Mbpp/771,22,Candidate_B_H0,qwen3.5:9b,check_expression,c2e0f9035e3c95667299ee69a78ea21f52b32cfc77fa1c870f729e4257524dca,c2e0f9035e3c95667299ee69a78ea21f52b32cfc77fa1c870f729e4257524dca,false,false,true,no_top_level_print,"{""assert_literal_entrypoint_selftest"":false,""assert_matches_public_selftest"":false,""assert_remains_top_level"":false,""builtin_print_unshadowed"":false,""entrypoint_unique"":true,""exactly_one_top_level_assert"":false,""exactly_one_top_level_print"":false,""extraction_unambiguous"":true,""function_segments_unchanged"":false,""no_other_unclassified_top_level_calls"":false,""output_parseable"":false,""print_adjacent_to_assert"":false,""print_arguments_safe"":false,""print_removed_from_top_level"":false,""source_complete"":true,""source_parseable"":true}",fail,true
9B_complete_development300,f3b152a48d3151267f448c854339f602b1fd0606d6e2fe4e20a774f029079bbb,228,f3b152a48d3151267f448c854339f602b1fd0606d6e2fe4e20a774f029079bbb,Mbpp/771,33,Candidate_B_H0,qwen3.5:9b,check_expression,37940ebd2d5fa967f199890cbfd470ea482e27a0bbd8ec818d6fe6a10d072dff,37940ebd2d5fa967f199890cbfd470ea482e27a0bbd8ec818d6fe6a10d072dff,false,false,true,no_top_level_print,"{""assert_literal_entrypoint_selftest"":false,""assert_matches_public_selftest"":false,""assert_remains_top_level"":false,""builtin_print_unshadowed"":false,""entrypoint_unique"":true,""exactly_one_top_level_assert"":false,""exactly_one_top_level_print"":false,""extraction_unambiguous"":true,""function_segments_unchanged"":false,""no_other_unclassified_top_level_calls"":false,""output_parseable"":false,""print_adjacent_to_assert"":false,""print_arguments_safe"":false,""print_removed_from_top_level"":false,""source_complete"":true,""source_parseable"":true}",fail,true
9B_complete_development300,1538fce8f0da403922caeaebb8afd96d129f6faf80378266f3b689bcdfd7231c,229,1538fce8f0da403922caeaebb8afd96d129f6faf80378266f3b689bcdfd7231c,Mbpp/771,44,Candidate_B_H0,qwen3.5:9b,check_expression,c2e0f9035e3c95667299ee69a78ea21f52b32cfc77fa1c870f729e4257524dca,c2e0f9035e3c95667299ee69a78ea21f52b32cfc77fa1c870f729e4257524dca,false,false,true,no_top_level_print,"{""assert_literal_entrypoint_selftest"":false,""assert_matches_public_selftest"":false,""assert_remains_top_level"":false,""builtin_print_unshadowed"":false,""entrypoint_unique"":true,""exactly_one_top_level_assert"":false,""exactly_one_top_level_print"":false,""extraction_unambiguous"":true,""function_segments_unchanged"":false,""no_other_unclassified_top_level_calls"":false,""output_parseable"":false,""print_adjacent_to_assert"":false,""print_arguments_safe"":false,""print_removed_from_top_level"":false,""source_complete"":true,""source_parseable"":true}",fail,true
9B_complete_development300,6107650d8a56ae0107d45b67e7571175e6698d84bc9f0ede8dff58f8f4929424,230,6107650d8a56ae0107d45b67e7571175e6698d84bc9f0ede8dff58f8f4929424,Mbpp/771,55,Candidate_B_H0,qwen3.5:9b,check_expression,5af1260a6ecd5d94add9345805c9ef88fdec3c3c72bf4d09fe95eb196a4262ab,5af1260a6ecd5d94add9345805c9ef88fdec3c3c72bf4d09fe95eb196a4262ab,false,false,true,no_top_level_print,"{""assert_literal_entrypoint_selftest"":false,""assert_matches_public_selftest"":false,""assert_remains_top_level"":false,""builtin_print_unshadowed"":false,""entrypoint_unique"":true,""exactly_one_top_level_assert"":false,""exactly_one_top_level_print"":false,""extraction_unambiguous"":true,""function_segments_unchanged"":false,""no_other_unclassified_top_level_calls"":false,""output_parseable"":false,""print_adjacent_to_assert"":false,""print_arguments_safe"":false,""print_removed_from_top_level"":false,""source_complete"":true,""source_parseable"":true}",fail,true
9B_complete_development300,cf0c6d0f8d7e472b1e011fcf12576e50f7b139a0640058124ea02a4fe4181669,231,cf0c6d0f8d7e472b1e011fcf12576e50f7b139a0640058124ea02a4fe4181669,Mbpp/119,11,Candidate_B_H0,qwen3.5:9b,search,315fa4f1171862a0b9d90e16bdf8cbb8556a56741b332dce742156b88ec01699,315fa4f1171862a0b9d90e16bdf8cbb8556a56741b332dce742156b88ec01699,false,false,true,source_unparseable,"{""assert_literal_entrypoint_selftest"":false,""assert_matches_public_selftest"":false,""assert_remains_top_level"":false,""builtin_print_unshadowed"":false,""entrypoint_unique"":false,""exactly_one_top_level_assert"":false,""exactly_one_top_level_print"":false,""extraction_unambiguous"":true,""function_segments_unchanged"":false,""no_other_unclassified_top_level_calls"":false,""output_parseable"":false,""print_adjacent_to_assert"":false,""print_arguments_safe"":false,""print_removed_from_top_level"":false,""source_complete"":true,""source_parseable"":false}",fail,true
9B_complete_development300,a6f3b32f10e03fb5ebe7025f863b1bff932bf5459b3d9aae070a3497d37ed62a,232,a6f3b32f10e03fb5ebe7025f863b1bff932bf5459b3d9aae070a3497d37ed62a,Mbpp/119,22,Candidate_B_H0,qwen3.5:9b,search,375577b78614df12d4d2d234df1242cdd765157a3899a860380824d84bfb7e45,375577b78614df12d4d2d234df1242cdd765157a3899a860380824d84bfb7e45,false,false,true,no_top_level_print,"{""assert_literal_entrypoint_selftest"":false,""assert_matches_public_selftest"":false,""assert_remains_top_level"":false,""builtin_print_unshadowed"":false,""entrypoint_unique"":true,""exactly_one_top_level_assert"":false,""exactly_one_top_level_print"":false,""extraction_unambiguous"":true,""function_segments_unchanged"":false,""no_other_unclassified_top_level_calls"":false,""output_parseable"":false,""print_adjacent_to_assert"":false,""print_arguments_safe"":false,""print_removed_from_top_level"":false,""source_complete"":true,""source_parseable"":true}",fail,true
9B_complete_development300,6f38684ffaadcde4e2165ae9043a98afe30f777b49c3752269cec0e18417fdff,233,6f38684ffaadcde4e2165ae9043a98afe30f777b49c3752269cec0e18417fdff,Mbpp/119,33,Candidate_B_H0,qwen3.5:9b,search,60870ee332e2674fc416867fbd981763c188953312014fec5a7bf842592101a7,60870ee332e2674fc416867fbd981763c188953312014fec5a7bf842592101a7,false,false,true,no_top_level_print,"{""assert_literal_entrypoint_selftest"":false,""assert_matches_public_selftest"":false,""assert_remains_top_level"":false,""builtin_print_unshadowed"":false,""entrypoint_unique"":true,""exactly_one_top_level_assert"":false,""exactly_one_top_level_print"":false,""extraction_unambiguous"":true,""function_segments_unchanged"":false,""no_other_unclassified_top_level_calls"":false,""output_parseable"":false,""print_adjacent_to_assert"":false,""print_arguments_safe"":false,""print_removed_from_top_level"":false,""source_complete"":true,""source_parseable"":true}",fail,true
9B_complete_development300,883bb5c2baf15a50049994e7df5f032221d1b0808f589b20d4fb13c62a50e6a6,234,883bb5c2baf15a50049994e7df5f032221d1b0808f589b20d4fb13c62a50e6a6,Mbpp/119,44,Candidate_B_H0,qwen3.5:9b,search,3ad649afe9b5a11632191cd516a88a78ef476566f9c51188e4c74062d19ac291,3ad649afe9b5a11632191cd516a88a78ef476566f9c51188e4c74062d19ac291,false,false,true,source_unparseable,"{""assert_literal_entrypoint_selftest"":false,""assert_matches_public_selftest"":false,""assert_remains_top_level"":false,""builtin_print_unshadowed"":false,""entrypoint_unique"":false,""exactly_one_top_level_assert"":false,""exactly_one_top_level_print"":false,""extraction_unambiguous"":true,""function_segments_unchanged"":false,""no_other_unclassified_top_level_calls"":false,""output_parseable"":false,""print_adjacent_to_assert"":false,""print_arguments_safe"":false,""print_removed_from_top_level"":false,""source_complete"":false,""source_parseable"":false}",fail,true
9B_complete_development300,e34035942f49279e74cc7c14da61099ae2325ec0c816ed64d6e8c2d44e9ad594,235,e34035942f49279e74cc7c14da61099ae2325ec0c816ed64d6e8c2d44e9ad594,Mbpp/119,55,Candidate_B_H0,qwen3.5:9b,search,a28904e41029dfb063340305696545d26df38a84db1be4c9d30f81baf63d9131,a28904e41029dfb063340305696545d26df38a84db1be4c9d30f81baf63d9131,false,false,true,no_top_level_print,"{""assert_literal_entrypoint_selftest"":false,""assert_matches_public_selftest"":false,""assert_remains_top_level"":false,""builtin_print_unshadowed"":false,""entrypoint_unique"":true,""exactly_one_top_level_assert"":false,""exactly_one_top_level_print"":false,""extraction_unambiguous"":true,""function_segments_unchanged"":false,""no_other_unclassified_top_level_calls"":false,""output_parseable"":false,""print_adjacent_to_assert"":false,""print_arguments_safe"":false,""print_removed_from_top_level"":false,""source_complete"":true,""source_parseable"":true}",fail,true
9B_complete_development300,6176106538687d5327c5324d7ca778b88d8ab7bc8321ee89ed496343872f5730,236,6176106538687d5327c5324d7ca778b88d8ab7bc8321ee89ed496343872f5730,Mbpp/306,11,Candidate_B_H0,qwen3.5:9b,max_sum_increasing_subseq,af0b4b889da05950350fefdcbb7e61401692d92231e74d05f8b9774b47dc19f6,af0b4b889da05950350fefdcbb7e61401692d92231e74d05f8b9774b47dc19f6,false,false,true,source_unparseable,"{""assert_literal_entrypoint_selftest"":false,""assert_matches_public_selftest"":false,""assert_remains_top_level"":false,""builtin_print_unshadowed"":false,""entrypoint_unique"":false,""exactly_one_top_level_assert"":false,""exactly_one_top_level_print"":false,""extraction_unambiguous"":true,""function_segments_unchanged"":false,""no_other_unclassified_top_level_calls"":false,""output_parseable"":false,""print_adjacent_to_assert"":false,""print_arguments_safe"":false,""print_removed_from_top_level"":false,""source_complete"":false,""source_parseable"":false}",fail,true
9B_complete_development300,cb934845788a474d7284412b317fba5ee72b46f512cb41d3bc36cec38c6063f8,237,cb934845788a474d7284412b317fba5ee72b46f512cb41d3bc36cec38c6063f8,Mbpp/306,22,Candidate_B_H0,qwen3.5:9b,max_sum_increasing_subseq,2115f73f4c5931c9d038a445913673a6682587249e078a117d9b292d6647e633,2115f73f4c5931c9d038a445913673a6682587249e078a117d9b292d6647e633,false,false,true,source_unparseable,"{""assert_literal_entrypoint_selftest"":false,""assert_matches_public_selftest"":false,""assert_remains_top_level"":false,""builtin_print_unshadowed"":false,""entrypoint_unique"":false,""exactly_one_top_level_assert"":false,""exactly_one_top_level_print"":false,""extraction_unambiguous"":true,""function_segments_unchanged"":false,""no_other_unclassified_top_level_calls"":false,""output_parseable"":false,""print_adjacent_to_assert"":false,""print_arguments_safe"":false,""print_removed_from_top_level"":false,""source_complete"":false,""source_parseable"":false}",fail,true
9B_complete_development300,3cf47aa8adce9205cb1fed04cb11ab7bc944e4bfe1b37c3c11de23ab46c1d725,238,3cf47aa8adce9205cb1fed04cb11ab7bc944e4bfe1b37c3c11de23ab46c1d725,Mbpp/306,33,Candidate_B_H0,qwen3.5:9b,max_sum_increasing_subseq,fa25d6c1d6712e6507ce5ab83e053292d39a603c6b12c61c6783aedc20a57c82,fa25d6c1d6712e6507ce5ab83e053292d39a603c6b12c61c6783aedc20a57c82,false,false,true,source_unparseable,"{""assert_literal_entrypoint_selftest"":false,""assert_matches_public_selftest"":false,""assert_remains_top_level"":false,""builtin_print_unshadowed"":false,""entrypoint_unique"":false,""exactly_one_top_level_assert"":false,""exactly_one_top_level_print"":false,""extraction_unambiguous"":true,""function_segments_unchanged"":false,""no_other_unclassified_top_level_calls"":false,""output_parseable"":false,""print_adjacent_to_assert"":false,""print_arguments_safe"":false,""print_removed_from_top_level"":false,""source_complete"":false,""source_parseable"":false}",fail,true
9B_complete_development300,cc7ac5528930c0b87e56e668e726acaedf188ae8401e2ab5c7371e9180b382d4,239,cc7ac5528930c0b87e56e668e726acaedf188ae8401e2ab5c7371e9180b382d4,Mbpp/306,44,Candidate_B_H0,qwen3.5:9b,max_sum_increasing_subseq,a8d4b72f0e4ae5aa85251f3bf50c0946d10353712731b602bde316556c35ae66,a8d4b72f0e4ae5aa85251f3bf50c0946d10353712731b602bde316556c35ae66,false,false,true,source_unparseable,"{""assert_literal_entrypoint_selftest"":false,""assert_matches_public_selftest"":false,""assert_remains_top_level"":false,""builtin_print_unshadowed"":false,""entrypoint_unique"":false,""exactly_one_top_level_assert"":false,""exactly_one_top_level_print"":false,""extraction_unambiguous"":true,""function_segments_unchanged"":false,""no_other_unclassified_top_level_calls"":false,""output_parseable"":false,""print_adjacent_to_assert"":false,""print_arguments_safe"":false,""print_removed_from_top_level"":false,""source_complete"":false,""source_parseable"":false}",fail,true
9B_complete_development300,9fbaeb2fde2f5269cb095adec1f0eb429ea5be3f8a121443e93c221d146fc561,240,9fbaeb2fde2f5269cb095adec1f0eb429ea5be3f8a121443e93c221d146fc561,Mbpp/306,55,Candidate_B_H0,qwen3.5:9b,max_sum_increasing_subseq,8bf550981435226f0c041f37aa5b9f3e6737c81d99a317d1369f57bebbbf1268,8bf550981435226f0c041f37aa5b9f3e6737c81d99a317d1369f57bebbbf1268,false,false,true,source_unparseable,"{""assert_literal_entrypoint_selftest"":false,""assert_matches_public_selftest"":false,""assert_remains_top_level"":false,""builtin_print_unshadowed"":false,""entrypoint_unique"":false,""exactly_one_top_level_assert"":false,""exactly_one_top_level_print"":false,""extraction_unambiguous"":true,""function_segments_unchanged"":false,""no_other_unclassified_top_level_calls"":false,""output_parseable"":false,""print_adjacent_to_assert"":false,""print_arguments_safe"":false,""print_removed_from_top_level"":false,""source_complete"":false,""source_parseable"":false}",fail,true
9B_complete_development300,faa92ffdc441f230379bf7175f22c7be6f3c25340f9473e28d57a579698c3b6d,241,faa92ffdc441f230379bf7175f22c7be6f3c25340f9473e28d57a579698c3b6d,Mbpp/620,11,Candidate_B_H0,qwen3.5:9b,largest_subset,e242d575d211c60ca6582fd48ef5a1942d6e9654dad49fd698d9413a0c13236b,e242d575d211c60ca6582fd48ef5a1942d6e9654dad49fd698d9413a0c13236b,false,false,true,no_top_level_print,"{""assert_literal_entrypoint_selftest"":false,""assert_matches_public_selftest"":false,""assert_remains_top_level"":false,""builtin_print_unshadowed"":false,""entrypoint_unique"":true,""exactly_one_top_level_assert"":false,""exactly_one_top_level_print"":false,""extraction_unambiguous"":true,""function_segments_unchanged"":false,""no_other_unclassified_top_level_calls"":false,""output_parseable"":false,""print_adjacent_to_assert"":false,""print_arguments_safe"":false,""print_removed_from_top_level"":false,""source_complete"":true,""source_parseable"":true}",fail,true
9B_complete_development300,20e7e05126b8791a578d7bd5b571a0d4a21265d714e192333d199593b175f57d,242,20e7e05126b8791a578d7bd5b571a0d4a21265d714e192333d199593b175f57d,Mbpp/620,22,Candidate_B_H0,qwen3.5:9b,largest_subset,df3f564793f204821d2ad71c3b98f6682a6225b620b0da4e878e393a84ba0599,df3f564793f204821d2ad71c3b98f6682a6225b620b0da4e878e393a84ba0599,false,false,true,source_unparseable,"{""assert_literal_entrypoint_selftest"":false,""assert_matches_public_selftest"":false,""assert_remains_top_level"":false,""builtin_print_unshadowed"":false,""entrypoint_unique"":false,""exactly_one_top_level_assert"":false,""exactly_one_top_level_print"":false,""extraction_unambiguous"":true,""function_segments_unchanged"":false,""no_other_unclassified_top_level_calls"":false,""output_parseable"":false,""print_adjacent_to_assert"":false,""print_arguments_safe"":false,""print_removed_from_top_level"":false,""source_complete"":false,""source_parseable"":false}",fail,true
9B_complete_development300,adabb72ada06cf013110e50516822d955a8f47fa44f7bd6af35ce4eec55bfff0,243,adabb72ada06cf013110e50516822d955a8f47fa44f7bd6af35ce4eec55bfff0,Mbpp/620,33,Candidate_B_H0,qwen3.5:9b,largest_subset,5342e1eff57781141222fb7f932379e7157e2525f28104cc40f8e555213b6832,5342e1eff57781141222fb7f932379e7157e2525f28104cc40f8e555213b6832,false,false,true,source_unparseable,"{""assert_literal_entrypoint_selftest"":false,""assert_matches_public_selftest"":false,""assert_remains_top_level"":false,""builtin_print_unshadowed"":false,""entrypoint_unique"":false,""exactly_one_top_level_assert"":false,""exactly_one_top_level_print"":false,""extraction_unambiguous"":true,""function_segments_unchanged"":false,""no_other_unclassified_top_level_calls"":false,""output_parseable"":false,""print_adjacent_to_assert"":false,""print_arguments_safe"":false,""print_removed_from_top_level"":false,""source_complete"":false,""source_parseable"":false}",fail,true
9B_complete_development300,9cecbec0d7bbabf0c9111cd5a25e8a8bf100bd34a82e191b68129e9bbef557a3,244,9cecbec0d7bbabf0c9111cd5a25e8a8bf100bd34a82e191b68129e9bbef557a3,Mbpp/620,44,Candidate_B_H0,qwen3.5:9b,largest_subset,836fcfdf6d445da2563a21a147687e11df7eac6ae4f9fffd26710f42d632f976,836fcfdf6d445da2563a21a147687e11df7eac6ae4f9fffd26710f42d632f976,false,false,true,no_top_level_print,"{""assert_literal_entrypoint_selftest"":false,""assert_matches_public_selftest"":false,""assert_remains_top_level"":false,""builtin_print_unshadowed"":false,""entrypoint_unique"":true,""exactly_one_top_level_assert"":false,""exactly_one_top_level_print"":false,""extraction_unambiguous"":true,""function_segments_unchanged"":false,""no_other_unclassified_top_level_calls"":false,""output_parseable"":false,""print_adjacent_to_assert"":false,""print_arguments_safe"":false,""print_removed_from_top_level"":false,""source_complete"":true,""source_parseable"":true}",fail,true
9B_complete_development300,d0e24140080d838b0fa411a6c6fbf72fd3607bd41044aa70a54a3dc5a2652917,245,d0e24140080d838b0fa411a6c6fbf72fd3607bd41044aa70a54a3dc5a2652917,Mbpp/620,55,Candidate_B_H0,qwen3.5:9b,largest_subset,31bc00bc41dcd58298694791e3316d4bc07d45ff1fe767ac8dd03f0e24c2a7c3,31bc00bc41dcd58298694791e3316d4bc07d45ff1fe767ac8dd03f0e24c2a7c3,true,false,true,no_top_level_assert,"{""assert_literal_entrypoint_selftest"":false,""assert_matches_public_selftest"":false,""assert_remains_top_level"":false,""builtin_print_unshadowed"":false,""entrypoint_unique"":true,""exactly_one_top_level_assert"":false,""exactly_one_top_level_print"":true,""extraction_unambiguous"":true,""function_segments_unchanged"":false,""no_other_unclassified_top_level_calls"":false,""output_parseable"":false,""print_adjacent_to_assert"":false,""print_arguments_safe"":false,""print_removed_from_top_level"":false,""source_complete"":true,""source_parseable"":true}",fail,true
9B_complete_development300,94ad97956f46bf1c8310acc9ba772d28e446fd47a066ac3a10c19733cdb80eb5,246,94ad97956f46bf1c8310acc9ba772d28e446fd47a066ac3a10c19733cdb80eb5,Mbpp/237,11,Candidate_B_H0,qwen3.5:9b,check_occurences,4232a0988257265f142d08fb6513e8204bbcc3ad620c2ada06b255b92b695d62,4232a0988257265f142d08fb6513e8204bbcc3ad620c2ada06b255b92b695d62,false,false,true,no_top_level_print,"{""assert_literal_entrypoint_selftest"":false,""assert_matches_public_selftest"":false,""assert_remains_top_level"":false,""builtin_print_unshadowed"":false,""entrypoint_unique"":true,""exactly_one_top_level_assert"":false,""exactly_one_top_level_print"":false,""extraction_unambiguous"":true,""function_segments_unchanged"":false,""no_other_unclassified_top_level_calls"":false,""output_parseable"":false,""print_adjacent_to_assert"":false,""print_arguments_safe"":false,""print_removed_from_top_level"":false,""source_complete"":true,""source_parseable"":true}",fail,true
9B_complete_development300,af469fe5ae58e9b111c2a5b1d78741fe0dfb9ed0d54b43f939e23ae28c87bcea,247,af469fe5ae58e9b111c2a5b1d78741fe0dfb9ed0d54b43f939e23ae28c87bcea,Mbpp/237,22,Candidate_B_H0,qwen3.5:9b,check_occurences,c133f830767237f66da751a597b7ec3b19c7039eb88edb13dc9611bd5b9dca0b,c133f830767237f66da751a597b7ec3b19c7039eb88edb13dc9611bd5b9dca0b,false,false,true,no_top_level_print,"{""assert_literal_entrypoint_selftest"":false,""assert_matches_public_selftest"":false,""assert_remains_top_level"":false,""builtin_print_unshadowed"":false,""entrypoint_unique"":true,""exactly_one_top_level_assert"":true,""exactly_one_top_level_print"":false,""extraction_unambiguous"":true,""function_segments_unchanged"":false,""no_other_unclassified_top_level_calls"":false,""output_parseable"":false,""print_adjacent_to_assert"":false,""print_arguments_safe"":false,""print_removed_from_top_level"":false,""source_complete"":true,""source_parseable"":true}",fail,true
9B_complete_development300,ba78506a3e44c95de2ee2e90bcfbebfc58b91703227e9ec65aaf922d046c31cd,248,ba78506a3e44c95de2ee2e90bcfbebfc58b91703227e9ec65aaf922d046c31cd,Mbpp/237,33,Candidate_B_H0,qwen3.5:9b,check_occurences,4232a0988257265f142d08fb6513e8204bbcc3ad620c2ada06b255b92b695d62,4232a0988257265f142d08fb6513e8204bbcc3ad620c2ada06b255b92b695d62,false,false,true,no_top_level_print,"{""assert_literal_entrypoint_selftest"":false,""assert_matches_public_selftest"":false,""assert_remains_top_level"":false,""builtin_print_unshadowed"":false,""entrypoint_unique"":true,""exactly_one_top_level_assert"":false,""exactly_one_top_level_print"":false,""extraction_unambiguous"":true,""function_segments_unchanged"":false,""no_other_unclassified_top_level_calls"":false,""output_parseable"":false,""print_adjacent_to_assert"":false,""print_arguments_safe"":false,""print_removed_from_top_level"":false,""source_complete"":true,""source_parseable"":true}",fail,true
9B_complete_development300,70f586aba6f3965fb1463303753ecf4040872364230be73de4b4e51b340b8fb9,249,70f586aba6f3965fb1463303753ecf4040872364230be73de4b4e51b340b8fb9,Mbpp/237,44,Candidate_B_H0,qwen3.5:9b,check_occurences,4232a0988257265f142d08fb6513e8204bbcc3ad620c2ada06b255b92b695d62,4232a0988257265f142d08fb6513e8204bbcc3ad620c2ada06b255b92b695d62,false,false,true,no_top_level_print,"{""assert_literal_entrypoint_selftest"":false,""assert_matches_public_selftest"":false,""assert_remains_top_level"":false,""builtin_print_unshadowed"":false,""entrypoint_unique"":true,""exactly_one_top_level_assert"":false,""exactly_one_top_level_print"":false,""extraction_unambiguous"":true,""function_segments_unchanged"":false,""no_other_unclassified_top_level_calls"":false,""output_parseable"":false,""print_adjacent_to_assert"":false,""print_arguments_safe"":false,""print_removed_from_top_level"":false,""source_complete"":true,""source_parseable"":true}",fail,true
9B_complete_development300,e20c3fb73759ea13d9ef3f60125bb1cbffb65ce442d305984a4026dde7b46e8e,250,e20c3fb73759ea13d9ef3f60125bb1cbffb65ce442d305984a4026dde7b46e8e,Mbpp/237,55,Candidate_B_H0,qwen3.5:9b,check_occurences,4232a0988257265f142d08fb6513e8204bbcc3ad620c2ada06b255b92b695d62,4232a0988257265f142d08fb6513e8204bbcc3ad620c2ada06b255b92b695d62,false,false,true,no_top_level_print,"{""assert_literal_entrypoint_selftest"":false,""assert_matches_public_selftest"":false,""assert_remains_top_level"":false,""builtin_print_unshadowed"":false,""entrypoint_unique"":true,""exactly_one_top_level_assert"":false,""exactly_one_top_level_print"":false,""extraction_unambiguous"":true,""function_segments_unchanged"":false,""no_other_unclassified_top_level_calls"":false,""output_parseable"":false,""print_adjacent_to_assert"":false,""print_arguments_safe"":false,""print_removed_from_top_level"":false,""source_complete"":true,""source_parseable"":true}",fail,true
9B_complete_development300,111a968cb6674525f58b26a0484603b9765056f5566cec9589d61af3733bc4c1,251,111a968cb6674525f58b26a0484603b9765056f5566cec9589d61af3733bc4c1,Mbpp/440,11,Candidate_B_H0,qwen3.5:9b,find_adverb_position,dc943ef95d04a59e3682e93a8c2ede79a765139112fbf9357e0c9a35291578da,dc943ef95d04a59e3682e93a8c2ede79a765139112fbf9357e0c9a35291578da,false,false,true,no_top_level_print,"{""assert_literal_entrypoint_selftest"":false,""assert_matches_public_selftest"":false,""assert_remains_top_level"":false,""builtin_print_unshadowed"":false,""entrypoint_unique"":true,""exactly_one_top_level_assert"":true,""exactly_one_top_level_print"":false,""extraction_unambiguous"":true,""function_segments_unchanged"":false,""no_other_unclassified_top_level_calls"":false,""output_parseable"":false,""print_adjacent_to_assert"":false,""print_arguments_safe"":false,""print_removed_from_top_level"":false,""source_complete"":true,""source_parseable"":true}",fail,true
9B_complete_development300,6367b7adf0dcc6a964ff129d3713184a0bf42b89530700ec8c0e33b1d14d5849,252,6367b7adf0dcc6a964ff129d3713184a0bf42b89530700ec8c0e33b1d14d5849,Mbpp/440,22,Candidate_B_H0,qwen3.5:9b,find_adverb_position,b80bd515d629d8a323914574ad78d7c737e88ae476d8059f88c3cfa02fb67205,b80bd515d629d8a323914574ad78d7c737e88ae476d8059f88c3cfa02fb67205,false,false,true,no_top_level_print,"{""assert_literal_entrypoint_selftest"":false,""assert_matches_public_selftest"":false,""assert_remains_top_level"":false,""builtin_print_unshadowed"":false,""entrypoint_unique"":true,""exactly_one_top_level_assert"":true,""exactly_one_top_level_print"":false,""extraction_unambiguous"":true,""function_segments_unchanged"":false,""no_other_unclassified_top_level_calls"":false,""output_parseable"":false,""print_adjacent_to_assert"":false,""print_arguments_safe"":false,""print_removed_from_top_level"":false,""source_complete"":true,""source_parseable"":true}",fail,true
9B_complete_development300,0490b9359595e547cd1f19b993b279e4771e6b010b486895ef005aa327ec6ba5,253,0490b9359595e547cd1f19b993b279e4771e6b010b486895ef005aa327ec6ba5,Mbpp/440,33,Candidate_B_H0,qwen3.5:9b,find_adverb_position,7b858336dd34fc3f518696fbb9ebda4548ae1080a0a66589c0b3ee5edbe57c30,7b858336dd34fc3f518696fbb9ebda4548ae1080a0a66589c0b3ee5edbe57c30,false,false,true,no_top_level_print,"{""assert_literal_entrypoint_selftest"":false,""assert_matches_public_selftest"":false,""assert_remains_top_level"":false,""builtin_print_unshadowed"":false,""entrypoint_unique"":true,""exactly_one_top_level_assert"":true,""exactly_one_top_level_print"":false,""extraction_unambiguous"":true,""function_segments_unchanged"":false,""no_other_unclassified_top_level_calls"":false,""output_parseable"":false,""print_adjacent_to_assert"":false,""print_arguments_safe"":false,""print_removed_from_top_level"":false,""source_complete"":true,""source_parseable"":true}",fail,true
9B_complete_development300,c5205b61792bc8d1b4ae598ca5eea776d7dad6fc09bff9c87954b0320111dfda,254,c5205b61792bc8d1b4ae598ca5eea776d7dad6fc09bff9c87954b0320111dfda,Mbpp/440,44,Candidate_B_H0,qwen3.5:9b,find_adverb_position,f0a96952af9232eed407cbaac3dc7c4f0880cda693a689de3c0103367bcadb9d,f0a96952af9232eed407cbaac3dc7c4f0880cda693a689de3c0103367bcadb9d,false,false,true,source_unparseable,"{""assert_literal_entrypoint_selftest"":false,""assert_matches_public_selftest"":false,""assert_remains_top_level"":false,""builtin_print_unshadowed"":false,""entrypoint_unique"":false,""exactly_one_top_level_assert"":false,""exactly_one_top_level_print"":false,""extraction_unambiguous"":true,""function_segments_unchanged"":false,""no_other_unclassified_top_level_calls"":false,""output_parseable"":false,""print_adjacent_to_assert"":false,""print_arguments_safe"":false,""print_removed_from_top_level"":false,""source_complete"":false,""source_parseable"":false}",fail,true
9B_complete_development300,fa5a49bae5aacc269bbba5a927d4839d1c04e0afa4d2d508cfc95d34df05c877,255,fa5a49bae5aacc269bbba5a927d4839d1c04e0afa4d2d508cfc95d34df05c877,Mbpp/440,55,Candidate_B_H0,qwen3.5:9b,find_adverb_position,bb30959fb0a47aa934bafbeec2462fb951ca6e43cfd2c451757797fff62d60ad,bb30959fb0a47aa934bafbeec2462fb951ca6e43cfd2c451757797fff62d60ad,false,false,true,no_top_level_print,"{""assert_literal_entrypoint_selftest"":false,""assert_matches_public_selftest"":false,""assert_remains_top_level"":false,""builtin_print_unshadowed"":false,""entrypoint_unique"":true,""exactly_one_top_level_assert"":false,""exactly_one_top_level_print"":false,""extraction_unambiguous"":true,""function_segments_unchanged"":false,""no_other_unclassified_top_level_calls"":false,""output_parseable"":false,""print_adjacent_to_assert"":false,""print_arguments_safe"":false,""print_removed_from_top_level"":false,""source_complete"":true,""source_parseable"":true}",fail,true
9B_complete_development300,f90638b27370d89e32cca07adec58c6bef94dca1444c6fd08ee91d45f7eb1db8,256,f90638b27370d89e32cca07adec58c6bef94dca1444c6fd08ee91d45f7eb1db8,Mbpp/392,11,Candidate_B_H0,qwen3.5:9b,get_max_sum,3671aa609f8a3af9df9a18c03cf13a39dde6985ad7414dac8da837f735067714,3671aa609f8a3af9df9a18c03cf13a39dde6985ad7414dac8da837f735067714,false,false,true,no_top_level_print,"{""assert_literal_entrypoint_selftest"":false,""assert_matches_public_selftest"":false,""assert_remains_top_level"":false,""builtin_print_unshadowed"":false,""entrypoint_unique"":true,""exactly_one_top_level_assert"":true,""exactly_one_top_level_print"":false,""extraction_unambiguous"":true,""function_segments_unchanged"":false,""no_other_unclassified_top_level_calls"":false,""output_parseable"":false,""print_adjacent_to_assert"":false,""print_arguments_safe"":false,""print_removed_from_top_level"":false,""source_complete"":true,""source_parseable"":true}",pass,true
9B_complete_development300,0d1c85446913ee31f6b3c07c9237a4baf8360966d558d569222a0ce4ec32fe97,257,0d1c85446913ee31f6b3c07c9237a4baf8360966d558d569222a0ce4ec32fe97,Mbpp/392,22,Candidate_B_H0,qwen3.5:9b,get_max_sum,b0cf3be01b5b97c362ec3a31678304cc0b3bc300ce54351892208e6e29f562a8,b0cf3be01b5b97c362ec3a31678304cc0b3bc300ce54351892208e6e29f562a8,false,false,true,no_top_level_print,"{""assert_literal_entrypoint_selftest"":false,""assert_matches_public_selftest"":false,""assert_remains_top_level"":false,""builtin_print_unshadowed"":false,""entrypoint_unique"":true,""exactly_one_top_level_assert"":true,""exactly_one_top_level_print"":false,""extraction_unambiguous"":true,""function_segments_unchanged"":false,""no_other_unclassified_top_level_calls"":false,""output_parseable"":false,""print_adjacent_to_assert"":false,""print_arguments_safe"":false,""print_removed_from_top_level"":false,""source_complete"":true,""source_parseable"":true}",pass,true
9B_complete_development300,4c9a166e93e640e118695d68dd3c1f3ed8141ede35b9249870c7839f4dc6e1c7,258,4c9a166e93e640e118695d68dd3c1f3ed8141ede35b9249870c7839f4dc6e1c7,Mbpp/392,33,Candidate_B_H0,qwen3.5:9b,get_max_sum,e44fa81138f6979c89d10afd69c4f3bba23585902b148e24c7d67b94cd13412e,e44fa81138f6979c89d10afd69c4f3bba23585902b148e24c7d67b94cd13412e,false,false,true,no_top_level_print,"{""assert_literal_entrypoint_selftest"":false,""assert_matches_public_selftest"":false,""assert_remains_top_level"":false,""builtin_print_unshadowed"":false,""entrypoint_unique"":true,""exactly_one_top_level_assert"":true,""exactly_one_top_level_print"":false,""extraction_unambiguous"":true,""function_segments_unchanged"":false,""no_other_unclassified_top_level_calls"":false,""output_parseable"":false,""print_adjacent_to_assert"":false,""print_arguments_safe"":false,""print_removed_from_top_level"":false,""source_complete"":true,""source_parseable"":true}",pass,true
9B_complete_development300,514af575a3487fbad89a199d31a39abbf53427d7ced08dcd75e8fadca18fc752,259,514af575a3487fbad89a199d31a39abbf53427d7ced08dcd75e8fadca18fc752,Mbpp/392,44,Candidate_B_H0,qwen3.5:9b,get_max_sum,b0cf3be01b5b97c362ec3a31678304cc0b3bc300ce54351892208e6e29f562a8,b0cf3be01b5b97c362ec3a31678304cc0b3bc300ce54351892208e6e29f562a8,false,false,true,no_top_level_print,"{""assert_literal_entrypoint_selftest"":false,""assert_matches_public_selftest"":false,""assert_remains_top_level"":false,""builtin_print_unshadowed"":false,""entrypoint_unique"":true,""exactly_one_top_level_assert"":true,""exactly_one_top_level_print"":false,""extraction_unambiguous"":true,""function_segments_unchanged"":false,""no_other_unclassified_top_level_calls"":false,""output_parseable"":false,""print_adjacent_to_assert"":false,""print_arguments_safe"":false,""print_removed_from_top_level"":false,""source_complete"":true,""source_parseable"":true}",pass,true
9B_complete_development300,51dcfac8b2fad1a6721973c882fb77c5adfa5cc5fb17a0ad18314bfdb4964524,260,51dcfac8b2fad1a6721973c882fb77c5adfa5cc5fb17a0ad18314bfdb4964524,Mbpp/392,55,Candidate_B_H0,qwen3.5:9b,get_max_sum,f2a350db374c31c8fa991db770832ed146c9e03dcbc50919121c42a2a930ec16,f2a350db374c31c8fa991db770832ed146c9e03dcbc50919121c42a2a930ec16,false,false,true,no_top_level_print,"{""assert_literal_entrypoint_selftest"":false,""assert_matches_public_selftest"":false,""assert_remains_top_level"":false,""builtin_print_unshadowed"":false,""entrypoint_unique"":true,""exactly_one_top_level_assert"":false,""exactly_one_top_level_print"":false,""extraction_unambiguous"":true,""function_segments_unchanged"":false,""no_other_unclassified_top_level_calls"":false,""output_parseable"":false,""print_adjacent_to_assert"":false,""print_arguments_safe"":false,""print_removed_from_top_level"":false,""source_complete"":true,""source_parseable"":true}",pass,true
9B_complete_development300,6fd71b5c7a9a5e448d850504f6d4d05808b5cfdac361085c02c50adf0124c45d,261,6fd71b5c7a9a5e448d850504f6d4d05808b5cfdac361085c02c50adf0124c45d,Mbpp/406,11,Candidate_B_H0,qwen3.5:9b,find_Parity,ed1fdf9a804c29430335dfbc8584a3f3a1ee73ceb063c56ef9523bd02baf74e9,20fce5c4bfb385edb74730ebbd616d5c76c6b4ea552bea6aff8953f8b39714c8,true,true,false,transformed_top_level_demo_print_quarantined,"{""assert_literal_entrypoint_selftest"":true,""assert_matches_public_selftest"":true,""assert_remains_top_level"":true,""builtin_print_unshadowed"":true,""entrypoint_unique"":true,""exactly_one_top_level_assert"":true,""exactly_one_top_level_print"":true,""extraction_unambiguous"":true,""function_segments_unchanged"":true,""no_other_unclassified_top_level_calls"":true,""output_parseable"":true,""print_adjacent_to_assert"":true,""print_arguments_safe"":true,""print_removed_from_top_level"":true,""source_complete"":true,""source_parseable"":true}",pass,true
9B_complete_development300,9773f629dc4cb0e1128ca367513fcfa0d6a9077cdc2c784478e4994319ee9620,262,9773f629dc4cb0e1128ca367513fcfa0d6a9077cdc2c784478e4994319ee9620,Mbpp/406,22,Candidate_B_H0,qwen3.5:9b,find_Parity,ed1fdf9a804c29430335dfbc8584a3f3a1ee73ceb063c56ef9523bd02baf74e9,20fce5c4bfb385edb74730ebbd616d5c76c6b4ea552bea6aff8953f8b39714c8,true,true,false,transformed_top_level_demo_print_quarantined,"{""assert_literal_entrypoint_selftest"":true,""assert_matches_public_selftest"":true,""assert_remains_top_level"":true,""builtin_print_unshadowed"":true,""entrypoint_unique"":true,""exactly_one_top_level_assert"":true,""exactly_one_top_level_print"":true,""extraction_unambiguous"":true,""function_segments_unchanged"":true,""no_other_unclassified_top_level_calls"":true,""output_parseable"":true,""print_adjacent_to_assert"":true,""print_arguments_safe"":true,""print_removed_from_top_level"":true,""source_complete"":true,""source_parseable"":true}",pass,true
9B_complete_development300,df475f5815ceb40f12f7c7781c32a3dec640b1cd3180b7ec9837181c8a8c0fee,263,df475f5815ceb40f12f7c7781c32a3dec640b1cd3180b7ec9837181c8a8c0fee,Mbpp/406,33,Candidate_B_H0,qwen3.5:9b,find_Parity,ed1fdf9a804c29430335dfbc8584a3f3a1ee73ceb063c56ef9523bd02baf74e9,20fce5c4bfb385edb74730ebbd616d5c76c6b4ea552bea6aff8953f8b39714c8,true,true,false,transformed_top_level_demo_print_quarantined,"{""assert_literal_entrypoint_selftest"":true,""assert_matches_public_selftest"":true,""assert_remains_top_level"":true,""builtin_print_unshadowed"":true,""entrypoint_unique"":true,""exactly_one_top_level_assert"":true,""exactly_one_top_level_print"":true,""extraction_unambiguous"":true,""function_segments_unchanged"":true,""no_other_unclassified_top_level_calls"":true,""output_parseable"":true,""print_adjacent_to_assert"":true,""print_arguments_safe"":true,""print_removed_from_top_level"":true,""source_complete"":true,""source_parseable"":true}",pass,true
9B_complete_development300,c0109939a9a7fb7c2d4ebe1ba7d898b4faef5f16f8208011451446682c1095fd,264,c0109939a9a7fb7c2d4ebe1ba7d898b4faef5f16f8208011451446682c1095fd,Mbpp/406,44,Candidate_B_H0,qwen3.5:9b,find_Parity,ed1fdf9a804c29430335dfbc8584a3f3a1ee73ceb063c56ef9523bd02baf74e9,20fce5c4bfb385edb74730ebbd616d5c76c6b4ea552bea6aff8953f8b39714c8,true,true,false,transformed_top_level_demo_print_quarantined,"{""assert_literal_entrypoint_selftest"":true,""assert_matches_public_selftest"":true,""assert_remains_top_level"":true,""builtin_print_unshadowed"":true,""entrypoint_unique"":true,""exactly_one_top_level_assert"":true,""exactly_one_top_level_print"":true,""extraction_unambiguous"":true,""function_segments_unchanged"":true,""no_other_unclassified_top_level_calls"":true,""output_parseable"":true,""print_adjacent_to_assert"":true,""print_arguments_safe"":true,""print_removed_from_top_level"":true,""source_complete"":true,""source_parseable"":true}",pass,true
9B_complete_development300,39f168298a3099b289e79861508fef3e2352fb69aea562a95b9b1dec809f2077,265,39f168298a3099b289e79861508fef3e2352fb69aea562a95b9b1dec809f2077,Mbpp/406,55,Candidate_B_H0,qwen3.5:9b,find_Parity,ed1fdf9a804c29430335dfbc8584a3f3a1ee73ceb063c56ef9523bd02baf74e9,20fce5c4bfb385edb74730ebbd616d5c76c6b4ea552bea6aff8953f8b39714c8,true,true,false,transformed_top_level_demo_print_quarantined,"{""assert_literal_entrypoint_selftest"":true,""assert_matches_public_selftest"":true,""assert_remains_top_level"":true,""builtin_print_unshadowed"":true,""entrypoint_unique"":true,""exactly_one_top_level_assert"":true,""exactly_one_top_level_print"":true,""extraction_unambiguous"":true,""function_segments_unchanged"":true,""no_other_unclassified_top_level_calls"":true,""output_parseable"":true,""print_adjacent_to_assert"":true,""print_arguments_safe"":true,""print_removed_from_top_level"":true,""source_complete"":true,""source_parseable"":true}",pass,true
9B_complete_development300,f2c08e3929440eb14934ac9910780921c326669f3146cf48b4bb0e5c382cf8ff,266,f2c08e3929440eb14934ac9910780921c326669f3146cf48b4bb0e5c382cf8ff,Mbpp/419,11,Candidate_B_H0,qwen3.5:9b,round_and_sum,b247b63535f7d324d2667208cfcacc9a934b61f440fb84a1403c0ad337aaf77c,b247b63535f7d324d2667208cfcacc9a934b61f440fb84a1403c0ad337aaf77c,false,false,true,no_top_level_print,"{""assert_literal_entrypoint_selftest"":false,""assert_matches_public_selftest"":false,""assert_remains_top_level"":false,""builtin_print_unshadowed"":false,""entrypoint_unique"":true,""exactly_one_top_level_assert"":false,""exactly_one_top_level_print"":false,""extraction_unambiguous"":true,""function_segments_unchanged"":false,""no_other_unclassified_top_level_calls"":false,""output_parseable"":false,""print_adjacent_to_assert"":false,""print_arguments_safe"":false,""print_removed_from_top_level"":false,""source_complete"":true,""source_parseable"":true}",pass,true
9B_complete_development300,d509610d7e8893bf037aa0afbd81cac8011b39c6eb9a23388662f8752fdf738d,267,d509610d7e8893bf037aa0afbd81cac8011b39c6eb9a23388662f8752fdf738d,Mbpp/419,22,Candidate_B_H0,qwen3.5:9b,round_and_sum,b20b6e0a4563a6acb7a42d98ad4d095cf53a84202dd15b548e44a04e23d2c6c3,b20b6e0a4563a6acb7a42d98ad4d095cf53a84202dd15b548e44a04e23d2c6c3,false,false,true,no_top_level_print,"{""assert_literal_entrypoint_selftest"":false,""assert_matches_public_selftest"":false,""assert_remains_top_level"":false,""builtin_print_unshadowed"":false,""entrypoint_unique"":true,""exactly_one_top_level_assert"":false,""exactly_one_top_level_print"":false,""extraction_unambiguous"":true,""function_segments_unchanged"":false,""no_other_unclassified_top_level_calls"":false,""output_parseable"":false,""print_adjacent_to_assert"":false,""print_arguments_safe"":false,""print_removed_from_top_level"":false,""source_complete"":true,""source_parseable"":true}",pass,true
9B_complete_development300,465f61a2a6f13055aa3afe3f52d3d3b0ae9bf2e6523cec28d923a1a44b034e72,268,465f61a2a6f13055aa3afe3f52d3d3b0ae9bf2e6523cec28d923a1a44b034e72,Mbpp/419,33,Candidate_B_H0,qwen3.5:9b,round_and_sum,bfc85b68b45f723ccbed795408e950b7cdd776c4ef265485a8915ce713292929,bfc85b68b45f723ccbed795408e950b7cdd776c4ef265485a8915ce713292929,false,false,true,no_top_level_print,"{""assert_literal_entrypoint_selftest"":false,""assert_matches_public_selftest"":false,""assert_remains_top_level"":false,""builtin_print_unshadowed"":false,""entrypoint_unique"":true,""exactly_one_top_level_assert"":false,""exactly_one_top_level_print"":false,""extraction_unambiguous"":true,""function_segments_unchanged"":false,""no_other_unclassified_top_level_calls"":false,""output_parseable"":false,""print_adjacent_to_assert"":false,""print_arguments_safe"":false,""print_removed_from_top_level"":false,""source_complete"":true,""source_parseable"":true}",pass,true
9B_complete_development300,bb9d8a4ddfdd995c69dc6a8ebfcc7bfe02ee8c24f57006ad8e71e85b2d7dd2fa,269,bb9d8a4ddfdd995c69dc6a8ebfcc7bfe02ee8c24f57006ad8e71e85b2d7dd2fa,Mbpp/419,44,Candidate_B_H0,qwen3.5:9b,round_and_sum,e03bc1431ce86db4806982380ebc4679929edc383d0f217b2a75ef0c5d8cd326,e03bc1431ce86db4806982380ebc4679929edc383d0f217b2a75ef0c5d8cd326,false,false,true,no_top_level_print,"{""assert_literal_entrypoint_selftest"":false,""assert_matches_public_selftest"":false,""assert_remains_top_level"":false,""builtin_print_unshadowed"":false,""entrypoint_unique"":true,""exactly_one_top_level_assert"":false,""exactly_one_top_level_print"":false,""extraction_unambiguous"":true,""function_segments_unchanged"":false,""no_other_unclassified_top_level_calls"":false,""output_parseable"":false,""print_adjacent_to_assert"":false,""print_arguments_safe"":false,""print_removed_from_top_level"":false,""source_complete"":true,""source_parseable"":true}",pass,true
9B_complete_development300,d9c87ab3a4da92c1523171814de0f85c10f6cc37d9a4cca1fd42a425b73c7393,270,d9c87ab3a4da92c1523171814de0f85c10f6cc37d9a4cca1fd42a425b73c7393,Mbpp/419,55,Candidate_B_H0,qwen3.5:9b,round_and_sum,b247b63535f7d324d2667208cfcacc9a934b61f440fb84a1403c0ad337aaf77c,b247b63535f7d324d2667208cfcacc9a934b61f440fb84a1403c0ad337aaf77c,false,false,true,no_top_level_print,"{""assert_literal_entrypoint_selftest"":false,""assert_matches_public_selftest"":false,""assert_remains_top_level"":false,""builtin_print_unshadowed"":false,""entrypoint_unique"":true,""exactly_one_top_level_assert"":false,""exactly_one_top_level_print"":false,""extraction_unambiguous"":true,""function_segments_unchanged"":false,""no_other_unclassified_top_level_calls"":false,""output_parseable"":false,""print_adjacent_to_assert"":false,""print_arguments_safe"":false,""print_removed_from_top_level"":false,""source_complete"":true,""source_parseable"":true}",pass,true
9B_complete_development300,7a42d5510092e63637c51173576a5bbdd091d9fb18fbc36627f0cd73a6dc86a9,271,7a42d5510092e63637c51173576a5bbdd091d9fb18fbc36627f0cd73a6dc86a9,Mbpp/786,11,Candidate_B_H0,qwen3.5:9b,right_insertion,c56bec069269094d467466bfb56701887b576de490367dddb8baaa35815182d9,c56bec069269094d467466bfb56701887b576de490367dddb8baaa35815182d9,false,false,true,no_top_level_print,"{""assert_literal_entrypoint_selftest"":false,""assert_matches_public_selftest"":false,""assert_remains_top_level"":false,""builtin_print_unshadowed"":false,""entrypoint_unique"":true,""exactly_one_top_level_assert"":true,""exactly_one_top_level_print"":false,""extraction_unambiguous"":true,""function_segments_unchanged"":false,""no_other_unclassified_top_level_calls"":false,""output_parseable"":false,""print_adjacent_to_assert"":false,""print_arguments_safe"":false,""print_removed_from_top_level"":false,""source_complete"":true,""source_parseable"":true}",fail,true
9B_complete_development300,15e92b97d59405977ea60125b6561bc1d30dd262ffe10eef4db8220e844f0345,272,15e92b97d59405977ea60125b6561bc1d30dd262ffe10eef4db8220e844f0345,Mbpp/786,22,Candidate_B_H0,qwen3.5:9b,right_insertion,c56bec069269094d467466bfb56701887b576de490367dddb8baaa35815182d9,c56bec069269094d467466bfb56701887b576de490367dddb8baaa35815182d9,false,false,true,no_top_level_print,"{""assert_literal_entrypoint_selftest"":false,""assert_matches_public_selftest"":false,""assert_remains_top_level"":false,""builtin_print_unshadowed"":false,""entrypoint_unique"":true,""exactly_one_top_level_assert"":true,""exactly_one_top_level_print"":false,""extraction_unambiguous"":true,""function_segments_unchanged"":false,""no_other_unclassified_top_level_calls"":false,""output_parseable"":false,""print_adjacent_to_assert"":false,""print_arguments_safe"":false,""print_removed_from_top_level"":false,""source_complete"":true,""source_parseable"":true}",fail,true
9B_complete_development300,53e1494c968d9de1060a6f2704a8ca57d68b803f0afb1ab122539dfdb36dd039,273,53e1494c968d9de1060a6f2704a8ca57d68b803f0afb1ab122539dfdb36dd039,Mbpp/786,33,Candidate_B_H0,qwen3.5:9b,right_insertion,f05986f0c81f3760c08b797b209b852d23dfa5ed46513e9659009857313f509d,f05986f0c81f3760c08b797b209b852d23dfa5ed46513e9659009857313f509d,false,false,true,no_top_level_print,"{""assert_literal_entrypoint_selftest"":false,""assert_matches_public_selftest"":false,""assert_remains_top_level"":false,""builtin_print_unshadowed"":false,""entrypoint_unique"":true,""exactly_one_top_level_assert"":true,""exactly_one_top_level_print"":false,""extraction_unambiguous"":true,""function_segments_unchanged"":false,""no_other_unclassified_top_level_calls"":false,""output_parseable"":false,""print_adjacent_to_assert"":false,""print_arguments_safe"":false,""print_removed_from_top_level"":false,""source_complete"":true,""source_parseable"":true}",fail,true
9B_complete_development300,6d29dd4ee79a526d569748360106a53eb4e80487bd7e69eefe2cb8e0e714aed7,274,6d29dd4ee79a526d569748360106a53eb4e80487bd7e69eefe2cb8e0e714aed7,Mbpp/786,44,Candidate_B_H0,qwen3.5:9b,right_insertion,56944df173dec29fc7dd4a7db739aad9aa2db83cf0a6c4e405e26c40777b1624,56944df173dec29fc7dd4a7db739aad9aa2db83cf0a6c4e405e26c40777b1624,false,false,true,no_top_level_print,"{""assert_literal_entrypoint_selftest"":false,""assert_matches_public_selftest"":false,""assert_remains_top_level"":false,""builtin_print_unshadowed"":false,""entrypoint_unique"":true,""exactly_one_top_level_assert"":false,""exactly_one_top_level_print"":false,""extraction_unambiguous"":true,""function_segments_unchanged"":false,""no_other_unclassified_top_level_calls"":false,""output_parseable"":false,""print_adjacent_to_assert"":false,""print_arguments_safe"":false,""print_removed_from_top_level"":false,""source_complete"":true,""source_parseable"":true}",fail,true
9B_complete_development300,a6b26635210ce9147ed93f1b67d5770d814ac10f06a4819332de022287d457a8,275,a6b26635210ce9147ed93f1b67d5770d814ac10f06a4819332de022287d457a8,Mbpp/786,55,Candidate_B_H0,qwen3.5:9b,right_insertion,4c96bec37a7b887ab6b25f6083598a27fc0ab5b2b6a8a04b794ace9247bc93f5,4c96bec37a7b887ab6b25f6083598a27fc0ab5b2b6a8a04b794ace9247bc93f5,false,false,true,no_top_level_print,"{""assert_literal_entrypoint_selftest"":false,""assert_matches_public_selftest"":false,""assert_remains_top_level"":false,""builtin_print_unshadowed"":false,""entrypoint_unique"":true,""exactly_one_top_level_assert"":true,""exactly_one_top_level_print"":false,""extraction_unambiguous"":true,""function_segments_unchanged"":false,""no_other_unclassified_top_level_calls"":false,""output_parseable"":false,""print_adjacent_to_assert"":false,""print_arguments_safe"":false,""print_removed_from_top_level"":false,""source_complete"":true,""source_parseable"":true}",fail,true
9B_complete_development300,fb762e37725ef76332c7c76243702f91d0378326ba55e4bba0db5890ecbc0cc1,276,fb762e37725ef76332c7c76243702f91d0378326ba55e4bba0db5890ecbc0cc1,Mbpp/16,11,Candidate_B_H0,qwen3.5:9b,text_lowercase_underscore,c4fef65f6be0aae7561e73b6d870b8cf4135b337f64021c18d0e75095acf4719,c4fef65f6be0aae7561e73b6d870b8cf4135b337f64021c18d0e75095acf4719,false,false,true,no_top_level_print,"{""assert_literal_entrypoint_selftest"":false,""assert_matches_public_selftest"":false,""assert_remains_top_level"":false,""builtin_print_unshadowed"":false,""entrypoint_unique"":true,""exactly_one_top_level_assert"":false,""exactly_one_top_level_print"":false,""extraction_unambiguous"":true,""function_segments_unchanged"":false,""no_other_unclassified_top_level_calls"":false,""output_parseable"":false,""print_adjacent_to_assert"":false,""print_arguments_safe"":false,""print_removed_from_top_level"":false,""source_complete"":true,""source_parseable"":true}",fail,true
9B_complete_development300,e85ead3e256d45a98dff7ed90ae9a1eb27937f9afe035676cc884f01ae13669a,277,e85ead3e256d45a98dff7ed90ae9a1eb27937f9afe035676cc884f01ae13669a,Mbpp/16,22,Candidate_B_H0,qwen3.5:9b,text_lowercase_underscore,d15d4edc70c54f81e92cb072b1661a325d33768fe011b3348b1df66ae0a3107a,d15d4edc70c54f81e92cb072b1661a325d33768fe011b3348b1df66ae0a3107a,false,false,true,no_top_level_print,"{""assert_literal_entrypoint_selftest"":false,""assert_matches_public_selftest"":false,""assert_remains_top_level"":false,""builtin_print_unshadowed"":false,""entrypoint_unique"":true,""exactly_one_top_level_assert"":false,""exactly_one_top_level_print"":false,""extraction_unambiguous"":true,""function_segments_unchanged"":false,""no_other_unclassified_top_level_calls"":false,""output_parseable"":false,""print_adjacent_to_assert"":false,""print_arguments_safe"":false,""print_removed_from_top_level"":false,""source_complete"":true,""source_parseable"":true}",fail,true
9B_complete_development300,cefff3d8a490047c757f7779c27204cf684a5b89df2223e5b7b447475b3f30af,278,cefff3d8a490047c757f7779c27204cf684a5b89df2223e5b7b447475b3f30af,Mbpp/16,33,Candidate_B_H0,qwen3.5:9b,text_lowercase_underscore,0c9c6d018c5f879ed65f6d09d29f100d7f5e8a7f6af06aade78a0db7203aba1a,0c9c6d018c5f879ed65f6d09d29f100d7f5e8a7f6af06aade78a0db7203aba1a,false,false,true,no_top_level_print,"{""assert_literal_entrypoint_selftest"":false,""assert_matches_public_selftest"":false,""assert_remains_top_level"":false,""builtin_print_unshadowed"":false,""entrypoint_unique"":true,""exactly_one_top_level_assert"":false,""exactly_one_top_level_print"":false,""extraction_unambiguous"":true,""function_segments_unchanged"":false,""no_other_unclassified_top_level_calls"":false,""output_parseable"":false,""print_adjacent_to_assert"":false,""print_arguments_safe"":false,""print_removed_from_top_level"":false,""source_complete"":true,""source_parseable"":true}",fail,true
9B_complete_development300,bbcfbf7cb6786406b7dde275f718e2fcc2b980043166bfc200703d5cbef2b8dc,279,bbcfbf7cb6786406b7dde275f718e2fcc2b980043166bfc200703d5cbef2b8dc,Mbpp/16,44,Candidate_B_H0,qwen3.5:9b,text_lowercase_underscore,d15d4edc70c54f81e92cb072b1661a325d33768fe011b3348b1df66ae0a3107a,d15d4edc70c54f81e92cb072b1661a325d33768fe011b3348b1df66ae0a3107a,false,false,true,no_top_level_print,"{""assert_literal_entrypoint_selftest"":false,""assert_matches_public_selftest"":false,""assert_remains_top_level"":false,""builtin_print_unshadowed"":false,""entrypoint_unique"":true,""exactly_one_top_level_assert"":false,""exactly_one_top_level_print"":false,""extraction_unambiguous"":true,""function_segments_unchanged"":false,""no_other_unclassified_top_level_calls"":false,""output_parseable"":false,""print_adjacent_to_assert"":false,""print_arguments_safe"":false,""print_removed_from_top_level"":false,""source_complete"":true,""source_parseable"":true}",fail,true
9B_complete_development300,4e8e311abbfa06697db20b02b810ed3b5556d46c5c19274bd64ba2b9a2766f73,280,4e8e311abbfa06697db20b02b810ed3b5556d46c5c19274bd64ba2b9a2766f73,Mbpp/16,55,Candidate_B_H0,qwen3.5:9b,text_lowercase_underscore,716f60b65445f9d7c81fe2ce79f2b25037c78000af9f95ca7160718f0e6dc89d,716f60b65445f9d7c81fe2ce79f2b25037c78000af9f95ca7160718f0e6dc89d,false,false,true,no_top_level_print,"{""assert_literal_entrypoint_selftest"":false,""assert_matches_public_selftest"":false,""assert_remains_top_level"":false,""builtin_print_unshadowed"":false,""entrypoint_unique"":true,""exactly_one_top_level_assert"":false,""exactly_one_top_level_print"":false,""extraction_unambiguous"":true,""function_segments_unchanged"":false,""no_other_unclassified_top_level_calls"":false,""output_parseable"":false,""print_adjacent_to_assert"":false,""print_arguments_safe"":false,""print_removed_from_top_level"":false,""source_complete"":true,""source_parseable"":true}",fail,true
9B_complete_development300,83b0f95093eb347659aaf335ea129890f0d3be93e35b8a532e0d7968f916e795,281,83b0f95093eb347659aaf335ea129890f0d3be93e35b8a532e0d7968f916e795,Mbpp/576,11,Candidate_B_H0,qwen3.5:9b,is_Sub_Array,8d185875060d8ecc20021eea582a378ccd00e2a5901105f471ee9928748a11d5,8d185875060d8ecc20021eea582a378ccd00e2a5901105f471ee9928748a11d5,false,false,true,no_top_level_print,"{""assert_literal_entrypoint_selftest"":false,""assert_matches_public_selftest"":false,""assert_remains_top_level"":false,""builtin_print_unshadowed"":false,""entrypoint_unique"":true,""exactly_one_top_level_assert"":false,""exactly_one_top_level_print"":false,""extraction_unambiguous"":true,""function_segments_unchanged"":false,""no_other_unclassified_top_level_calls"":false,""output_parseable"":false,""print_adjacent_to_assert"":false,""print_arguments_safe"":false,""print_removed_from_top_level"":false,""source_complete"":true,""source_parseable"":true}",fail,true
9B_complete_development300,8ef0641f265717551638f61f1daf725c93f863842cab36e6f422970e23d7f298,282,8ef0641f265717551638f61f1daf725c93f863842cab36e6f422970e23d7f298,Mbpp/576,22,Candidate_B_H0,qwen3.5:9b,is_Sub_Array,33d72f31564d3871f89a913a9c97c8b1c6a859511ba048de77018a77b86ce99b,33d72f31564d3871f89a913a9c97c8b1c6a859511ba048de77018a77b86ce99b,false,false,true,no_top_level_print,"{""assert_literal_entrypoint_selftest"":false,""assert_matches_public_selftest"":false,""assert_remains_top_level"":false,""builtin_print_unshadowed"":false,""entrypoint_unique"":true,""exactly_one_top_level_assert"":false,""exactly_one_top_level_print"":false,""extraction_unambiguous"":true,""function_segments_unchanged"":false,""no_other_unclassified_top_level_calls"":false,""output_parseable"":false,""print_adjacent_to_assert"":false,""print_arguments_safe"":false,""print_removed_from_top_level"":false,""source_complete"":true,""source_parseable"":true}",fail,true
9B_complete_development300,a6a4398773853bd405ef18d191a8182c599b3467aabc2b417f070a11fc93044b,283,a6a4398773853bd405ef18d191a8182c599b3467aabc2b417f070a11fc93044b,Mbpp/576,33,Candidate_B_H0,qwen3.5:9b,is_Sub_Array,33d72f31564d3871f89a913a9c97c8b1c6a859511ba048de77018a77b86ce99b,33d72f31564d3871f89a913a9c97c8b1c6a859511ba048de77018a77b86ce99b,false,false,true,no_top_level_print,"{""assert_literal_entrypoint_selftest"":false,""assert_matches_public_selftest"":false,""assert_remains_top_level"":false,""builtin_print_unshadowed"":false,""entrypoint_unique"":true,""exactly_one_top_level_assert"":false,""exactly_one_top_level_print"":false,""extraction_unambiguous"":true,""function_segments_unchanged"":false,""no_other_unclassified_top_level_calls"":false,""output_parseable"":false,""print_adjacent_to_assert"":false,""print_arguments_safe"":false,""print_removed_from_top_level"":false,""source_complete"":true,""source_parseable"":true}",fail,true
9B_complete_development300,6d322d7901db24de0d45c8ba71525e66d011932474ab8aeae274058d5f8def35,284,6d322d7901db24de0d45c8ba71525e66d011932474ab8aeae274058d5f8def35,Mbpp/576,44,Candidate_B_H0,qwen3.5:9b,is_Sub_Array,33d72f31564d3871f89a913a9c97c8b1c6a859511ba048de77018a77b86ce99b,33d72f31564d3871f89a913a9c97c8b1c6a859511ba048de77018a77b86ce99b,false,false,true,no_top_level_print,"{""assert_literal_entrypoint_selftest"":false,""assert_matches_public_selftest"":false,""assert_remains_top_level"":false,""builtin_print_unshadowed"":false,""entrypoint_unique"":true,""exactly_one_top_level_assert"":false,""exactly_one_top_level_print"":false,""extraction_unambiguous"":true,""function_segments_unchanged"":false,""no_other_unclassified_top_level_calls"":false,""output_parseable"":false,""print_adjacent_to_assert"":false,""print_arguments_safe"":false,""print_removed_from_top_level"":false,""source_complete"":true,""source_parseable"":true}",fail,true
9B_complete_development300,00227845900dfa7dd96b61bef5d30b83f583ff6576a9846c8b20c41fbbf5ffc0,285,00227845900dfa7dd96b61bef5d30b83f583ff6576a9846c8b20c41fbbf5ffc0,Mbpp/576,55,Candidate_B_H0,qwen3.5:9b,is_Sub_Array,bde4ba2e207bf521bcdc12231fabb9fdddbf28da3ed14bc182bb9cbafe04bef7,bde4ba2e207bf521bcdc12231fabb9fdddbf28da3ed14bc182bb9cbafe04bef7,false,false,true,no_top_level_print,"{""assert_literal_entrypoint_selftest"":false,""assert_matches_public_selftest"":false,""assert_remains_top_level"":false,""builtin_print_unshadowed"":false,""entrypoint_unique"":true,""exactly_one_top_level_assert"":false,""exactly_one_top_level_print"":false,""extraction_unambiguous"":true,""function_segments_unchanged"":false,""no_other_unclassified_top_level_calls"":false,""output_parseable"":false,""print_adjacent_to_assert"":false,""print_arguments_safe"":false,""print_removed_from_top_level"":false,""source_complete"":true,""source_parseable"":true}",fail,true
9B_complete_development300,6506b97c4ccc67b559237e0cfcf77b26f6d81133da3f17bc6b822a1e1b61e666,286,6506b97c4ccc67b559237e0cfcf77b26f6d81133da3f17bc6b822a1e1b61e666,Mbpp/118,11,Candidate_B_H0,qwen3.5:9b,string_to_list,a64c3006ab3a5c18687fe1ca571dfd45ab96177e33a6e358b2492cbb14458e53,a64c3006ab3a5c18687fe1ca571dfd45ab96177e33a6e358b2492cbb14458e53,false,false,true,no_top_level_print,"{""assert_literal_entrypoint_selftest"":false,""assert_matches_public_selftest"":false,""assert_remains_top_level"":false,""builtin_print_unshadowed"":false,""entrypoint_unique"":true,""exactly_one_top_level_assert"":true,""exactly_one_top_level_print"":false,""extraction_unambiguous"":true,""function_segments_unchanged"":false,""no_other_unclassified_top_level_calls"":false,""output_parseable"":false,""print_adjacent_to_assert"":false,""print_arguments_safe"":false,""print_removed_from_top_level"":false,""source_complete"":true,""source_parseable"":true}",pass,true
9B_complete_development300,1557456a8864298828a0227a9eef943980993c791af12874a23e2aaa1721a858,287,1557456a8864298828a0227a9eef943980993c791af12874a23e2aaa1721a858,Mbpp/118,22,Candidate_B_H0,qwen3.5:9b,string_to_list,dda16829121ca6511c58a35c5ac0414f105fbdf300d7a1204fa195a11134e56d,dda16829121ca6511c58a35c5ac0414f105fbdf300d7a1204fa195a11134e56d,false,false,true,no_top_level_print,"{""assert_literal_entrypoint_selftest"":false,""assert_matches_public_selftest"":false,""assert_remains_top_level"":false,""builtin_print_unshadowed"":false,""entrypoint_unique"":true,""exactly_one_top_level_assert"":false,""exactly_one_top_level_print"":false,""extraction_unambiguous"":true,""function_segments_unchanged"":false,""no_other_unclassified_top_level_calls"":false,""output_parseable"":false,""print_adjacent_to_assert"":false,""print_arguments_safe"":false,""print_removed_from_top_level"":false,""source_complete"":true,""source_parseable"":true}",pass,true
9B_complete_development300,794b418dfbb6d97af9e2062fff770e1a4c2f85140a9b42ec6cc6b6fa589eb937,288,794b418dfbb6d97af9e2062fff770e1a4c2f85140a9b42ec6cc6b6fa589eb937,Mbpp/118,33,Candidate_B_H0,qwen3.5:9b,string_to_list,79ddde1f1c4fb93383183e049d1e502948d9f354d7c75226d644a9d40472e542,79ddde1f1c4fb93383183e049d1e502948d9f354d7c75226d644a9d40472e542,false,false,true,no_top_level_print,"{""assert_literal_entrypoint_selftest"":false,""assert_matches_public_selftest"":false,""assert_remains_top_level"":false,""builtin_print_unshadowed"":false,""entrypoint_unique"":true,""exactly_one_top_level_assert"":true,""exactly_one_top_level_print"":false,""extraction_unambiguous"":true,""function_segments_unchanged"":false,""no_other_unclassified_top_level_calls"":false,""output_parseable"":false,""print_adjacent_to_assert"":false,""print_arguments_safe"":false,""print_removed_from_top_level"":false,""source_complete"":true,""source_parseable"":true}",fail,true
9B_complete_development300,da3b306e10fbd0e391950f9383ce978a7f07519334207d52f0738fadb1c4b7f6,289,da3b306e10fbd0e391950f9383ce978a7f07519334207d52f0738fadb1c4b7f6,Mbpp/118,44,Candidate_B_H0,qwen3.5:9b,string_to_list,79ddde1f1c4fb93383183e049d1e502948d9f354d7c75226d644a9d40472e542,79ddde1f1c4fb93383183e049d1e502948d9f354d7c75226d644a9d40472e542,false,false,true,no_top_level_print,"{""assert_literal_entrypoint_selftest"":false,""assert_matches_public_selftest"":false,""assert_remains_top_level"":false,""builtin_print_unshadowed"":false,""entrypoint_unique"":true,""exactly_one_top_level_assert"":true,""exactly_one_top_level_print"":false,""extraction_unambiguous"":true,""function_segments_unchanged"":false,""no_other_unclassified_top_level_calls"":false,""output_parseable"":false,""print_adjacent_to_assert"":false,""print_arguments_safe"":false,""print_removed_from_top_level"":false,""source_complete"":true,""source_parseable"":true}",fail,true
9B_complete_development300,db6592a40dbe296fe0c5ef7aa66b4edf71413687f98873c150d5d219000b5280,290,db6592a40dbe296fe0c5ef7aa66b4edf71413687f98873c150d5d219000b5280,Mbpp/118,55,Candidate_B_H0,qwen3.5:9b,string_to_list,dda16829121ca6511c58a35c5ac0414f105fbdf300d7a1204fa195a11134e56d,dda16829121ca6511c58a35c5ac0414f105fbdf300d7a1204fa195a11134e56d,false,false,true,no_top_level_print,"{""assert_literal_entrypoint_selftest"":false,""assert_matches_public_selftest"":false,""assert_remains_top_level"":false,""builtin_print_unshadowed"":false,""entrypoint_unique"":true,""exactly_one_top_level_assert"":false,""exactly_one_top_level_print"":false,""extraction_unambiguous"":true,""function_segments_unchanged"":false,""no_other_unclassified_top_level_calls"":false,""output_parseable"":false,""print_adjacent_to_assert"":false,""print_arguments_safe"":false,""print_removed_from_top_level"":false,""source_complete"":true,""source_parseable"":true}",pass,true
9B_complete_development300,67bb0a715bef627d5cfee1ef1d264236b521326aae40796ed497b905e52a2938,291,67bb0a715bef627d5cfee1ef1d264236b521326aae40796ed497b905e52a2938,Mbpp/615,11,Candidate_B_H0,qwen3.5:9b,average_tuple,ca412e8dce1022bee8cf8262556c7529fffb87d158ac85ffae23af3695d911d1,ca412e8dce1022bee8cf8262556c7529fffb87d158ac85ffae23af3695d911d1,false,false,true,no_top_level_print,"{""assert_literal_entrypoint_selftest"":false,""assert_matches_public_selftest"":false,""assert_remains_top_level"":false,""builtin_print_unshadowed"":false,""entrypoint_unique"":true,""exactly_one_top_level_assert"":false,""exactly_one_top_level_print"":false,""extraction_unambiguous"":true,""function_segments_unchanged"":false,""no_other_unclassified_top_level_calls"":false,""output_parseable"":false,""print_adjacent_to_assert"":false,""print_arguments_safe"":false,""print_removed_from_top_level"":false,""source_complete"":true,""source_parseable"":true}",fail,true
9B_complete_development300,a89776d747b376e8bde41df0d5026a882931a14a9669e84814607c6153de428f,292,a89776d747b376e8bde41df0d5026a882931a14a9669e84814607c6153de428f,Mbpp/615,22,Candidate_B_H0,qwen3.5:9b,average_tuple,ca412e8dce1022bee8cf8262556c7529fffb87d158ac85ffae23af3695d911d1,ca412e8dce1022bee8cf8262556c7529fffb87d158ac85ffae23af3695d911d1,false,false,true,no_top_level_print,"{""assert_literal_entrypoint_selftest"":false,""assert_matches_public_selftest"":false,""assert_remains_top_level"":false,""builtin_print_unshadowed"":false,""entrypoint_unique"":true,""exactly_one_top_level_assert"":false,""exactly_one_top_level_print"":false,""extraction_unambiguous"":true,""function_segments_unchanged"":false,""no_other_unclassified_top_level_calls"":false,""output_parseable"":false,""print_adjacent_to_assert"":false,""print_arguments_safe"":false,""print_removed_from_top_level"":false,""source_complete"":true,""source_parseable"":true}",fail,true
9B_complete_development300,318497f8b86f8aaf0ef2932e45dc33bcae8c9676c2df067bf1f27cd2f067510b,293,318497f8b86f8aaf0ef2932e45dc33bcae8c9676c2df067bf1f27cd2f067510b,Mbpp/615,33,Candidate_B_H0,qwen3.5:9b,average_tuple,ca412e8dce1022bee8cf8262556c7529fffb87d158ac85ffae23af3695d911d1,ca412e8dce1022bee8cf8262556c7529fffb87d158ac85ffae23af3695d911d1,false,false,true,no_top_level_print,"{""assert_literal_entrypoint_selftest"":false,""assert_matches_public_selftest"":false,""assert_remains_top_level"":false,""builtin_print_unshadowed"":false,""entrypoint_unique"":true,""exactly_one_top_level_assert"":false,""exactly_one_top_level_print"":false,""extraction_unambiguous"":true,""function_segments_unchanged"":false,""no_other_unclassified_top_level_calls"":false,""output_parseable"":false,""print_adjacent_to_assert"":false,""print_arguments_safe"":false,""print_removed_from_top_level"":false,""source_complete"":true,""source_parseable"":true}",fail,true
9B_complete_development300,0575f9422adac73031c6aa632aa3843f8adf64069665039333e799ae196a2906,294,0575f9422adac73031c6aa632aa3843f8adf64069665039333e799ae196a2906,Mbpp/615,44,Candidate_B_H0,qwen3.5:9b,average_tuple,ca412e8dce1022bee8cf8262556c7529fffb87d158ac85ffae23af3695d911d1,ca412e8dce1022bee8cf8262556c7529fffb87d158ac85ffae23af3695d911d1,false,false,true,no_top_level_print,"{""assert_literal_entrypoint_selftest"":false,""assert_matches_public_selftest"":false,""assert_remains_top_level"":false,""builtin_print_unshadowed"":false,""entrypoint_unique"":true,""exactly_one_top_level_assert"":false,""exactly_one_top_level_print"":false,""extraction_unambiguous"":true,""function_segments_unchanged"":false,""no_other_unclassified_top_level_calls"":false,""output_parseable"":false,""print_adjacent_to_assert"":false,""print_arguments_safe"":false,""print_removed_from_top_level"":false,""source_complete"":true,""source_parseable"":true}",fail,true
9B_complete_development300,c0c06f6fcb5b4dee869e572fda5e23ee98116f5e4c3d5d6a3d3cc96161a7bab0,295,c0c06f6fcb5b4dee869e572fda5e23ee98116f5e4c3d5d6a3d3cc96161a7bab0,Mbpp/615,55,Candidate_B_H0,qwen3.5:9b,average_tuple,3f4d4e68d77afc383b671a50c33730f1475fa2d7c6ac12a4ae689949db8924df,3f4d4e68d77afc383b671a50c33730f1475fa2d7c6ac12a4ae689949db8924df,false,false,true,no_top_level_print,"{""assert_literal_entrypoint_selftest"":false,""assert_matches_public_selftest"":false,""assert_remains_top_level"":false,""builtin_print_unshadowed"":false,""entrypoint_unique"":true,""exactly_one_top_level_assert"":false,""exactly_one_top_level_print"":false,""extraction_unambiguous"":true,""function_segments_unchanged"":false,""no_other_unclassified_top_level_calls"":false,""output_parseable"":false,""print_adjacent_to_assert"":false,""print_arguments_safe"":false,""print_removed_from_top_level"":false,""source_complete"":true,""source_parseable"":true}",fail,true
9B_complete_development300,a63f9d97cba10e46cb00cd363e9f3de9cec93661af43258ddfd7f9deda1dae91,296,a63f9d97cba10e46cb00cd363e9f3de9cec93661af43258ddfd7f9deda1dae91,Mbpp/287,11,Candidate_B_H0,qwen3.5:9b,square_Sum,ae6c09a25f6362175124006d4d507dc906c10e2c73d4e38ef11e338b56ead6e8,ae6c09a25f6362175124006d4d507dc906c10e2c73d4e38ef11e338b56ead6e8,false,false,true,no_top_level_print,"{""assert_literal_entrypoint_selftest"":false,""assert_matches_public_selftest"":false,""assert_remains_top_level"":false,""builtin_print_unshadowed"":false,""entrypoint_unique"":true,""exactly_one_top_level_assert"":true,""exactly_one_top_level_print"":false,""extraction_unambiguous"":true,""function_segments_unchanged"":false,""no_other_unclassified_top_level_calls"":false,""output_parseable"":false,""print_adjacent_to_assert"":false,""print_arguments_safe"":false,""print_removed_from_top_level"":false,""source_complete"":true,""source_parseable"":true}",fail,true
9B_complete_development300,32d57f4a3d936a6e9c655af0f10d9b2a06578a1adedc54df98892a4d6b795bd3,297,32d57f4a3d936a6e9c655af0f10d9b2a06578a1adedc54df98892a4d6b795bd3,Mbpp/287,22,Candidate_B_H0,qwen3.5:9b,square_Sum,30ae6b411b35d14943e1c54f2237883ff7cbb0ddaf655800fa9500ea0168ef9e,30ae6b411b35d14943e1c54f2237883ff7cbb0ddaf655800fa9500ea0168ef9e,false,false,true,no_top_level_print,"{""assert_literal_entrypoint_selftest"":false,""assert_matches_public_selftest"":false,""assert_remains_top_level"":false,""builtin_print_unshadowed"":false,""entrypoint_unique"":true,""exactly_one_top_level_assert"":false,""exactly_one_top_level_print"":false,""extraction_unambiguous"":true,""function_segments_unchanged"":false,""no_other_unclassified_top_level_calls"":false,""output_parseable"":false,""print_adjacent_to_assert"":false,""print_arguments_safe"":false,""print_removed_from_top_level"":false,""source_complete"":true,""source_parseable"":true}",fail,true
9B_complete_development300,2ce918fcbdb6d00efd2ed40243b601a3efbc5a849c1391961daf9b03717c7fba,298,2ce918fcbdb6d00efd2ed40243b601a3efbc5a849c1391961daf9b03717c7fba,Mbpp/287,33,Candidate_B_H0,qwen3.5:9b,square_Sum,ae6c09a25f6362175124006d4d507dc906c10e2c73d4e38ef11e338b56ead6e8,ae6c09a25f6362175124006d4d507dc906c10e2c73d4e38ef11e338b56ead6e8,false,false,true,no_top_level_print,"{""assert_literal_entrypoint_selftest"":false,""assert_matches_public_selftest"":false,""assert_remains_top_level"":false,""builtin_print_unshadowed"":false,""entrypoint_unique"":true,""exactly_one_top_level_assert"":true,""exactly_one_top_level_print"":false,""extraction_unambiguous"":true,""function_segments_unchanged"":false,""no_other_unclassified_top_level_calls"":false,""output_parseable"":false,""print_adjacent_to_assert"":false,""print_arguments_safe"":false,""print_removed_from_top_level"":false,""source_complete"":true,""source_parseable"":true}",fail,true
9B_complete_development300,5ed7bb37b7f3170d75713428f8354054a4844c9100019b561eb00fc00144aba2,299,5ed7bb37b7f3170d75713428f8354054a4844c9100019b561eb00fc00144aba2,Mbpp/287,44,Candidate_B_H0,qwen3.5:9b,square_Sum,ae6c09a25f6362175124006d4d507dc906c10e2c73d4e38ef11e338b56ead6e8,ae6c09a25f6362175124006d4d507dc906c10e2c73d4e38ef11e338b56ead6e8,false,false,true,no_top_level_print,"{""assert_literal_entrypoint_selftest"":false,""assert_matches_public_selftest"":false,""assert_remains_top_level"":false,""builtin_print_unshadowed"":false,""entrypoint_unique"":true,""exactly_one_top_level_assert"":true,""exactly_one_top_level_print"":false,""extraction_unambiguous"":true,""function_segments_unchanged"":false,""no_other_unclassified_top_level_calls"":false,""output_parseable"":false,""print_adjacent_to_assert"":false,""print_arguments_safe"":false,""print_removed_from_top_level"":false,""source_complete"":true,""source_parseable"":true}",fail,true
9B_complete_development300,2c7db8ef79f3fb6f4877e45429a281e98b645f377f94b6d7912fb3d66f5847df,300,2c7db8ef79f3fb6f4877e45429a281e98b645f377f94b6d7912fb3d66f5847df,Mbpp/287,55,Candidate_B_H0,qwen3.5:9b,square_Sum,ae6c09a25f6362175124006d4d507dc906c10e2c73d4e38ef11e338b56ead6e8,ae6c09a25f6362175124006d4d507dc906c10e2c73d4e38ef11e338b56ead6e8,false,false,true,no_top_level_print,"{""assert_literal_entrypoint_selftest"":false,""assert_matches_public_selftest"":false,""assert_remains_top_level"":false,""builtin_print_unshadowed"":false,""entrypoint_unique"":true,""exactly_one_top_level_assert"":true,""exactly_one_top_level_print"":false,""extraction_unambiguous"":true,""function_segments_unchanged"":false,""no_other_unclassified_top_level_calls"":false,""output_parseable"":false,""print_adjacent_to_assert"":false,""print_arguments_safe"":false,""print_removed_from_top_level"":false,""source_complete"":true,""source_parseable"":true}",fail,true
