cell_identity,task_id,condition,output_source_sha256,has_output_source
5317198be6c180a7b5cd43bd8c2bbf78abfbc7641700fded9fefd570a9565660,HumanEval/0,Ab1-Raw,dd47d6416e81b5cf707d250fb255ff74f86f582f0eebbad45f1f47deed5afc55,True
091e0f9fb5eb752892c892894280360cbe055c95e233aa7ac77092fda592fef7,HumanEval/0,Ab1-H2,dd47d6416e81b5cf707d250fb255ff74f86f582f0eebbad45f1f47deed5afc55,True
4b4c930ad5191d024c6f8928bb913971554f23053f840278bec09f02db7965db,HumanEval/0,Ab2g-Raw,6249de7ccfe1aa755e1766c8bf3467e411ba42d1149ee232920020a9369819da,True
653a60e6b12541faf84a6d097dcd446100c1bd088add320f8ff4731b1c27b19b,HumanEval/0,Ab2g-H2,6249de7ccfe1aa755e1766c8bf3467e411ba42d1149ee232920020a9369819da,True
28139675c133937d56fe918f18e00fd02d797da9e78b29a3f8febeb433167e26,HumanEval/1,Ab1-Raw,a315bf281d0c1845636c575320add3242f399cb6ed49bf8f25c48ce8891a6dde,True
ad4ad8cb5e4595c80901ab3cb33305f319652ba878ddf2d78f91262a291ee8ae,HumanEval/1,Ab1-H2,a315bf281d0c1845636c575320add3242f399cb6ed49bf8f25c48ce8891a6dde,True
0a230f7d7041fa239bf8bb8f5657763306d633f9e3fcc97687048fa1398cf5e1,HumanEval/1,Ab2g-Raw,df39364aa88a94ad258c651770025a80c8e06c087fd9078d1f618cc048780ede,True
0d57b1f26f6c396b1409b39dfcee34c9e923874acaa18aa8a9411b719bc4ef71,HumanEval/1,Ab2g-H2,df39364aa88a94ad258c651770025a80c8e06c087fd9078d1f618cc048780ede,True
f547b0b510b0dbebc6d5ef1f21349d05cafadfadb4992b89baaf22745b007825,HumanEval/2,Ab1-Raw,0c0603abae0f8e43c961238c83b87096a6de4ba237091139db1c859be4a734f5,True
46eda754c3199596cc900ee2ac5f6d333fb1a5591739f5df6a7912dfb159e70e,HumanEval/2,Ab1-H2,0c0603abae0f8e43c961238c83b87096a6de4ba237091139db1c859be4a734f5,True
90a66732ebb63ef10e97c461499f02da53d6cc7dd7636539efa957d40ab886a8,HumanEval/2,Ab2g-Raw,6785b92bf5ebff14732ea258b824e39b07868e217376522c33c1e2d4313ba8df,True
a68734f95c484a716e4d274adf953c5780a3bbdae895faa554a3bf17832965b4,HumanEval/2,Ab2g-H2,6785b92bf5ebff14732ea258b824e39b07868e217376522c33c1e2d4313ba8df,True
1c8de287e613c0ec724199a57c0161dbf7d83d77cf2fc3cd5f065cf7e7f0095c,HumanEval/3,Ab1-Raw,933800f9ab32b191187bbf46b2fa1379292c10ddb529f501d91d23733975b47d,True
1fbd08958ba65c7c132a5295f5a6d9cefa1412a6de8e0db339086eb3dc142c2b,HumanEval/3,Ab1-H2,933800f9ab32b191187bbf46b2fa1379292c10ddb529f501d91d23733975b47d,True
a40037590c20a1cac4aa50148d80d46a4f208f9760da3b099b253b60732eefc0,HumanEval/3,Ab2g-Raw,b05cd7c53cda9a2ef678936dcd919108f7a42bbd53240a6fb4cb932ba33a02fb,True
3ebd01919db56b0d3cfa878c7bd1c8c9a0d36a895822c152a1f29022a7eb90a1,HumanEval/3,Ab2g-H2,b05cd7c53cda9a2ef678936dcd919108f7a42bbd53240a6fb4cb932ba33a02fb,True
051102b6d654ad11bb98bd1ba985758164e27c31b29fe5f6e5bce6a7efb3367e,HumanEval/4,Ab1-Raw,0c55fd759b60f00224ef505138e48f67d195c80afdcb241ea8f9064cb528695a,True
4ce9a57aaab2db436f73beeb059c16cc1f8d346e994302c1c2d448d2209143f6,HumanEval/4,Ab1-H2,0c55fd759b60f00224ef505138e48f67d195c80afdcb241ea8f9064cb528695a,True
5672bc2a279e983b53052993f5df7ed7211674875b71d9c4c680b69a8d2fe071,HumanEval/4,Ab2g-Raw,d06d4ed1be5241f91633b9bad20ca4b37f1c107f11edf3576b698ae8546c8e67,True
ee0ec0e4cfa9872de50e08510cdf75e916394576b9e1a4a8d0f933e2d5be937c,HumanEval/4,Ab2g-H2,d06d4ed1be5241f91633b9bad20ca4b37f1c107f11edf3576b698ae8546c8e67,True
72447822688d0371fe792444b95d60335aa0aa4baf61f294e426a9d30a26679e,HumanEval/5,Ab1-Raw,d297f0d183bc02ce63edf31bc25936998208757df209866d586a4b2875558980,True
5b0f05504ea856bb9b2eb6673759fd05618e27c0c0408f31249e0b0e296a9d33,HumanEval/5,Ab1-H2,d297f0d183bc02ce63edf31bc25936998208757df209866d586a4b2875558980,True
7aec5c2e1fabd097cee7d2ecd91e559b8bbdbc36537da7bae43cd2eeceab9ade,HumanEval/5,Ab2g-Raw,d054ad85d79c31e30878d721782e8e8c1bc311a9b5b0a070dc88fbaf55546c51,True
1b854362c59b698a25f173f93f8af2ef5dcf143957c333e676ad0d3ee1af06da,HumanEval/5,Ab2g-H2,d054ad85d79c31e30878d721782e8e8c1bc311a9b5b0a070dc88fbaf55546c51,True
9a658d52479e01e4cbd06bc853154ed0d14d43d551002898d3ce15528f0ab09a,HumanEval/6,Ab1-Raw,e59d5f834e8a970f9e6a3ec389093d1f591ffcf5a9ebf78b0c41e87d9a988d78,True
24945e128759d590d3a93ebca93f20a7a544ce7a0b7b4d77763bbb29cb73faf2,HumanEval/6,Ab1-H2,e59d5f834e8a970f9e6a3ec389093d1f591ffcf5a9ebf78b0c41e87d9a988d78,True
e4a709d48fd3081a1fbbe85e6a46b472f009b5b3cb21d59af94b39a2b6bf96d9,HumanEval/6,Ab2g-Raw,f0ebbc5ba14c907516008b024ac8e4e346e25def972d55887babbd8aa028ba5d,True
bbe38dffbb22bafebee819608817df2d11a26ce5f0c24d9639702ecef0f583cc,HumanEval/6,Ab2g-H2,f0ebbc5ba14c907516008b024ac8e4e346e25def972d55887babbd8aa028ba5d,True
3545c09bb0cc91aba401d22855c56997a15871034ef5564a333b6b013d3e5a2a,HumanEval/7,Ab1-Raw,1d96de364e5f690a79a5dcb9778addd76be10e2e3d0d224db006d1933fde6679,True
ef33b9ed8cb2c6a130517a8b42a0af5b7401d4bcc4119fe4868a8b624a691bd5,HumanEval/7,Ab1-H2,1d96de364e5f690a79a5dcb9778addd76be10e2e3d0d224db006d1933fde6679,True
5ad1a3d050365471e588ff03e0a22035edc9670f4517d26a074152d10639de5a,HumanEval/7,Ab2g-Raw,17c65f5bf04d3080c2063359137f1b2eb0f1074396c7b95ed9c845ff4eeaf929,True
2d611061d8b3ea60497a79d1786b77aeb841dcc56e07d7cd45293ac3c416e32f,HumanEval/7,Ab2g-H2,17c65f5bf04d3080c2063359137f1b2eb0f1074396c7b95ed9c845ff4eeaf929,True
0c3f83b2c882b6f616700fe204e851d68a437c602547da2cd28b60b34279c80e,HumanEval/8,Ab1-Raw,d79a311a759210cac0b9d69a627aa225855729143a856a39e4d3f14001ac3007,True
32d57ab15c21707ed857de7844088a39a4feb670bd77ce674f207d3a8d69d989,HumanEval/8,Ab1-H2,d79a311a759210cac0b9d69a627aa225855729143a856a39e4d3f14001ac3007,True
fb1f59766f815dd7c93d19ea47beedc75c78fe039cb2cfb756fbb40d16ec5b8c,HumanEval/8,Ab2g-Raw,7cbab574f4fbca8e9293b030320bed7ef75bbd73ae26002dd2408626d3629007,True
8caa879dee1bd9a4e75501d6f776c4f0fc7339d86a2ba4107d07a546bc10616b,HumanEval/8,Ab2g-H2,7cbab574f4fbca8e9293b030320bed7ef75bbd73ae26002dd2408626d3629007,True
bf362395e5396c3e0dae93e8304d1161977c92bcd76b442b97ee7d95a6236857,HumanEval/9,Ab1-Raw,fb8ba7b2658dc3db0013787f759356e466f65719279383379d8e16854770d5c7,True
7bf491b76979073812da5b1595de152932fabb76736eae84434768ec735f4354,HumanEval/9,Ab1-H2,fb8ba7b2658dc3db0013787f759356e466f65719279383379d8e16854770d5c7,True
e2fea456864eb3a367be3f1313de67f9506d88c2799938d6bcdc3f7daa8fd051,HumanEval/9,Ab2g-Raw,817aba483acd16438364c6a63d48d4eff060e2750ab5747a3fd104c4009f21dc,True
5dc2678fae8bef830310ec397acc16643c62bda6dbb9a2a2a0323c12dec77524,HumanEval/9,Ab2g-H2,817aba483acd16438364c6a63d48d4eff060e2750ab5747a3fd104c4009f21dc,True
76f23b2ef0398424860bc46949e9050e4d8a8d5b40710e01bf7a99ff381eb707,HumanEval/10,Ab1-Raw,,False
507403e50b62c03d8f08ef7468289625e75f76c2006d3f0d5b6406fe13f11006,HumanEval/10,Ab1-H2,,False
ab3028a0d573576cdf5c98a22caf3e81d624dd146abb02b72fab1aef0a437ae2,HumanEval/10,Ab2g-Raw,3f9fe210c3bf438e4acec78e3be947f335189822ac068c2cce52c19ac7462193,True
42c22d49c52bc52c1b8a7bcdb6c785b9b46d260347024b06f7a46896e6696e94,HumanEval/10,Ab2g-H2,3f9fe210c3bf438e4acec78e3be947f335189822ac068c2cce52c19ac7462193,True
da900325d534b32aa83b6811f842c6daf810fec90906ecbe68bddf9a111e005d,HumanEval/11,Ab1-Raw,05256eadc19c284e7a0d6a0c292cdaaf46a09c6602833f9435d676553aab8a05,True
14999cd53db32292340861c74af64e12d0f94804d8e5eeef271406a8d2d9ee33,HumanEval/11,Ab1-H2,05256eadc19c284e7a0d6a0c292cdaaf46a09c6602833f9435d676553aab8a05,True
d25b6128dceb8540c6b88997b9bdb7990b5f07237110d7789e2fdfe3d9375df3,HumanEval/11,Ab2g-Raw,6aa6c5a80f8f0bb4fd6b6d5aaa6b19ccbe93cbc9e43d8a57af09a2c592b550d0,True
c99eb789bc42a477e7fbb3d9accc46332dd2d9f1ae8531d6a2f4e907e9ec4ba0,HumanEval/11,Ab2g-H2,6aa6c5a80f8f0bb4fd6b6d5aaa6b19ccbe93cbc9e43d8a57af09a2c592b550d0,True
2c7919b06a2e5e0a29a755105067add6040090ea535755a2685ffab91ab51d79,HumanEval/12,Ab1-Raw,ad4359aa9cdf5ac8bdaf613e736cfda9b19925f0f3f04a26323fffafeb6c4ba6,True
c1b21a7c0d9f6b9c0a5d39355c5abfca9f7b27de1f0f621717cd4ac4c9da4d2c,HumanEval/12,Ab1-H2,ad4359aa9cdf5ac8bdaf613e736cfda9b19925f0f3f04a26323fffafeb6c4ba6,True
1aa35eff681132ffadb9e1298c927947abfe862b30fc130c100c05ac5260d77c,HumanEval/12,Ab2g-Raw,c41c574e3db9e789d4c25156eb8c7aa64ca307b1525ca2b917ca8d94ae21d0d0,True
17ab919014100f79fd8ca1898b7d0983e542558bacb412d9720639499794c9db,HumanEval/12,Ab2g-H2,c41c574e3db9e789d4c25156eb8c7aa64ca307b1525ca2b917ca8d94ae21d0d0,True
fdabd2fafe801b6a7b4f09cdad687e61ce62d273d63ccaf024f801fc1aaf1acd,HumanEval/13,Ab1-Raw,d630604c7ce8469c84b131a2cc0340877d448022deacedb5f6d7df1882bd8b3a,True
36634917537fc10bfe7ceb3810fa4319633a5f0fff4888e6b715f8a559e2ed5d,HumanEval/13,Ab1-H2,d630604c7ce8469c84b131a2cc0340877d448022deacedb5f6d7df1882bd8b3a,True
1ece28c21baceb163f4abc733668805810c582ade9f564965ae368fc25b3ef56,HumanEval/13,Ab2g-Raw,61c84ef74bf3d1e84925bad67011aaab0beee9e9af7a1b977beb2b3357df0445,True
92c006031b0aebe7485bd25ca388f751e523cc82882e07f994f2c91fbaedc43d,HumanEval/13,Ab2g-H2,61c84ef74bf3d1e84925bad67011aaab0beee9e9af7a1b977beb2b3357df0445,True
acaf95054e925a9bf613f8b3ad2c6229e94ca6bb3c4543e0cd4e6a673411e024,HumanEval/14,Ab1-Raw,939dc557b76bfa4892b443bf72e37b7592c026892a1e23fcb7c36d0dceeed32b,True
51371ec0bc45d38ba374d73f9ccb0c41a1aa4b1c574805366b33b41d0a4608ad,HumanEval/14,Ab1-H2,939dc557b76bfa4892b443bf72e37b7592c026892a1e23fcb7c36d0dceeed32b,True
01f4088ea25350d793d223e0c9a303c07fd9ad3a9de6027658b18f5962e70887,HumanEval/14,Ab2g-Raw,a8c0e68460f847f7421b77d3a6d6d0a690904bab5dba9607ba168908da85e924,True
ba89174d3b5d62376e418001f310bd669cd3db9bbf0fc46db297ea7bf3d4e4a0,HumanEval/14,Ab2g-H2,a8c0e68460f847f7421b77d3a6d6d0a690904bab5dba9607ba168908da85e924,True
2eb82053689193b30a6361ef8224ecb1d12b9190d1d9e75b39798c4ed79c3d6e,HumanEval/15,Ab1-Raw,5daf773fd568dedefad13e747dd137928e11c61877ce0a6bbdf797ee03051ae6,True
3f9abc96334a4c265d073f58adaf9960df7e7191c45361f4b0ad7ac471ff6a2c,HumanEval/15,Ab1-H2,5daf773fd568dedefad13e747dd137928e11c61877ce0a6bbdf797ee03051ae6,True
a0e86ec2614e7fe7af553941a079e6ebd3f3aebebe4fb990cb0e6595859c9bf7,HumanEval/15,Ab2g-Raw,3ede3a8b65588db7e5541664b98981b728e9ea1377eeca83f4b6e55d06a839f8,True
9362967b894c82b26f0d1ebb346c2c0f845cf73450267ca1d1df2db413936115,HumanEval/15,Ab2g-H2,3ede3a8b65588db7e5541664b98981b728e9ea1377eeca83f4b6e55d06a839f8,True
47142e254cbd62d21db1bea16e422440f51c583baadb9a7ce8c389b935c501f5,HumanEval/16,Ab1-Raw,3afc7bd701f05821e7651e498e96cb9cefb881cef5aed7054b31cfed5d79b8ba,True
e65799ce38b35f9fdb3382e7d832a64a42c2789cd18b375f4b7bd77f485295a0,HumanEval/16,Ab1-H2,3afc7bd701f05821e7651e498e96cb9cefb881cef5aed7054b31cfed5d79b8ba,True
7cb6d6e6e6e54fb6cd67bf682f05e5941d55dce9b4766325e9de4d0b46b7d401,HumanEval/16,Ab2g-Raw,8cd99915bbc113e1d611158c8b50cdd6618744158f10104e6e408bd5de831ece,True
b22b4ff36286112d77f7fc0fe6314d9c0de41384134d7d36f1aa1814ccdc95fa,HumanEval/16,Ab2g-H2,8cd99915bbc113e1d611158c8b50cdd6618744158f10104e6e408bd5de831ece,True
a08c834fde4bb3c05fed3ad734bb5aab63a362f7b80b33d7b0627957c9bbd1f2,HumanEval/17,Ab1-Raw,affceadbce172834046ebe9bda76af07bb4d04e86af71607587f7119dd293582,True
047b74d87470a29bee11c62fefc97c21756f0347bc726a251d0f2a34294e9ef3,HumanEval/17,Ab1-H2,affceadbce172834046ebe9bda76af07bb4d04e86af71607587f7119dd293582,True
5ddce3a0d95922b21f365caeaf132f4ff7014f7a100f4d106795d0b41f4f1151,HumanEval/17,Ab2g-Raw,d71402b6aadbe0ae60b9bf51f81a4a5bc3ba176b8280b3f7fec02b0d56cd76ff,True
b5faeb37d5f0cbdd373acae29f9a9bdb9fdd6dffb151e44c537aec7ca86f0d7b,HumanEval/17,Ab2g-H2,d71402b6aadbe0ae60b9bf51f81a4a5bc3ba176b8280b3f7fec02b0d56cd76ff,True
d1d291cc287c67219b9f3146f1ac0c8f43d1fad5bcaf122706d1df04b854e86e,HumanEval/18,Ab1-Raw,c22a5aae25352e8686f402268a561db79a67ab7481018fe3869a87d32de52a02,True
b0cee028cc40c51ead8b2165bd7b274538c021754e7d48b7424120ae73f5158e,HumanEval/18,Ab1-H2,c22a5aae25352e8686f402268a561db79a67ab7481018fe3869a87d32de52a02,True
1c0f37396ae7a624b9c82477acee6bf2646742c0b4c3bec814f3230e88a547c3,HumanEval/18,Ab2g-Raw,5c12cce3bbb8c023ac11b6fff06ca6ea8516f43b5fbafafa832b2282e4cc54ee,True
abd225190eff84001cdb0bd5d6ea8438705ccfe6ad96cc1c4dcc8aca001acdf1,HumanEval/18,Ab2g-H2,5c12cce3bbb8c023ac11b6fff06ca6ea8516f43b5fbafafa832b2282e4cc54ee,True
375f4f91f8ca07eaebb3dc08dc0be21b0bc8185fc58d4839b2bc23ce5e17d8f7,HumanEval/19,Ab1-Raw,c24a5d447e41f55c2e655c66821eb378da567e43379723d559f6336fa44b11e5,True
e87269d2ebcda89abc5a118932a80d3219b84f7f646218a0b8c81f9b54a75ddf,HumanEval/19,Ab1-H2,c24a5d447e41f55c2e655c66821eb378da567e43379723d559f6336fa44b11e5,True
427d503a359bd0842b35b68d6aca0d71af5002f748fe5f8a866b96fcf6a53bc8,HumanEval/19,Ab2g-Raw,6a3c3dbd2078cee502fea9322b86daeea1122949ec3e369d868d84363354d4ac,True
8605d1eb50b3ba7c48516dc11eff4b77088ce4aa4cd01c6805bb9c1dff4be7d4,HumanEval/19,Ab2g-H2,6a3c3dbd2078cee502fea9322b86daeea1122949ec3e369d868d84363354d4ac,True
9e7ddf6be9ec21aaa30f21ec86a392f24ae9cd284ff411904f8b6f25e4fa1e60,HumanEval/20,Ab1-Raw,89f21a2440cb16c064ea298f9184b086d1db5558065dac4ff698de9e98542af5,True
d88a67ecc62ac533fc1b2f3d6a407763adf5a90b33ea753275c595a75caf0961,HumanEval/20,Ab1-H2,89f21a2440cb16c064ea298f9184b086d1db5558065dac4ff698de9e98542af5,True
ddb65cb608e15fbb5cea78cc0bb5fc9dd9c93235696aed1cd8b84e59fa147e5a,HumanEval/20,Ab2g-Raw,f9c6e328e0d43d77826c090a7fec01ee10e6840e250ee5ce6855db30bf6ba9c4,True
1aefd69d19cb15dfedbb55c7ee3ca60f067c21fd1638503495f81f766895f7df,HumanEval/20,Ab2g-H2,f9c6e328e0d43d77826c090a7fec01ee10e6840e250ee5ce6855db30bf6ba9c4,True
7cae3c37241f97044c26d7dea2a30fa60be47cf9e2a10a69604b6cc1bdad8dc9,HumanEval/21,Ab1-Raw,451028a3dea2ae9dbe8a4cd5d7c2b38e25ca2b6559ef6d23460e8abf418922b4,True
a4403e1ed2695c6ae7a6cedfb028e83bb99c383f3188550c644ffebc4a7eb842,HumanEval/21,Ab1-H2,451028a3dea2ae9dbe8a4cd5d7c2b38e25ca2b6559ef6d23460e8abf418922b4,True
da0fb48e37ed102aafdb56d7bed7e84703d7d56d7c128e4c3056b24ed448f51a,HumanEval/21,Ab2g-Raw,a9a50d76c648cf75791ac944181db5bd4fcbe6d0a8f4533be43eeecdb6e733cc,True
ac3fd7f644e03bb54af9e536cbf2526cb43c9debe3466a3b4904f5eb8953a737,HumanEval/21,Ab2g-H2,a9a50d76c648cf75791ac944181db5bd4fcbe6d0a8f4533be43eeecdb6e733cc,True
04cc6765425e99c92b7b434acc60423e7f19fd5e3b6a53753847aeb1b3969f09,HumanEval/22,Ab1-Raw,e1368b2410f405b96f5d3c742edd821992f2836d503db676ba5f77bed212ee5a,True
d92409c1395b4abf3e597e3e6dfd4c7d3d4bad3f3d22842034634c35f0c6d7f1,HumanEval/22,Ab1-H2,e1368b2410f405b96f5d3c742edd821992f2836d503db676ba5f77bed212ee5a,True
280d0cbaa3a5b311ca8460dc4b092fbc1e37d0fa2704f44905cb6fb5338ebdb0,HumanEval/22,Ab2g-Raw,5da68e0dc77425db770e53606980b29c463588f3924fea02ff87004f9c675a0b,True
db4ca7d23857c093bb866d185aa9cfbdbf3f8a995ef72f5506bbb8eb3c9dc273,HumanEval/22,Ab2g-H2,5da68e0dc77425db770e53606980b29c463588f3924fea02ff87004f9c675a0b,True
6df465543018b5eab0be924b8cb207520674d11f6f91dd3d5872c2cd8884cdc2,HumanEval/23,Ab1-Raw,277bad60d67b63f9d3f1db066717b6cde8f270044e475b9f918b9fa3d7aeffac,True
c5e10a05534274823cc7c5839cc5b5ceb3fc59dbc7f2633ade28bda57f022752,HumanEval/23,Ab1-H2,277bad60d67b63f9d3f1db066717b6cde8f270044e475b9f918b9fa3d7aeffac,True
ae2f54330947badce95b855b23633270a4352bd9ca77a3396b000ae3ee569221,HumanEval/23,Ab2g-Raw,831c4d6a608f99826ae7fb5dc85b3f25a5aebf7643e2dec1468c8a442c7f751b,True
2f17753846c5b7021364dc3d0fdda788e41547eeacb025e17152692ae69cac40,HumanEval/23,Ab2g-H2,831c4d6a608f99826ae7fb5dc85b3f25a5aebf7643e2dec1468c8a442c7f751b,True
dcab5bd610c9009bea518eedb410af0177ceaf84b0e3df29bc8d70ab1ecd3d1c,HumanEval/24,Ab1-Raw,84d95b4ab0814b79054befaa5123d288f236fcaa606c6f754510f1387d9e7f0a,True
b34403d07f34895b737307a813a6991ba2f8bab00ccbe7a5768e29e566e6a6a3,HumanEval/24,Ab1-H2,84d95b4ab0814b79054befaa5123d288f236fcaa606c6f754510f1387d9e7f0a,True
11e8754f8b258856ea110b1091ba8563e3887c3a9e486cea089ff337091fd5fe,HumanEval/24,Ab2g-Raw,1b9454875e31ba2e85d957b1ff64b7d8ae4464ab98c1e1540b2e2d752c8d8481,True
df58fc97044a2f2142895b6f1eeddebf7fd38de371770d2f6d07f5a0a9309aa1,HumanEval/24,Ab2g-H2,1b9454875e31ba2e85d957b1ff64b7d8ae4464ab98c1e1540b2e2d752c8d8481,True
f735832a1e4a3e6d5c8ad1f7e684bdc465c99274f832da8a135aabd90598100a,HumanEval/25,Ab1-Raw,5832193f4119f0e99dbd46f9d709045a178e42edc1e7164d31dd7ce7281e821f,True
d9aafdd128ae0dfd36fb23b1c8ee55a522476dca7b831e3af042bcdb47cee5cc,HumanEval/25,Ab1-H2,5832193f4119f0e99dbd46f9d709045a178e42edc1e7164d31dd7ce7281e821f,True
a8aacfe7c356e3b34030b74f47b201964da548087471706a5137448820eefc1c,HumanEval/25,Ab2g-Raw,07f38e254be2cbca9200ea5576fbbd3f2aa15981c391347f30dc24e0a586b70d,True
9f805d0c6e6cae7820f1f68ae5e00623b85ede98cfbffd79f3ebae488c199220,HumanEval/25,Ab2g-H2,07f38e254be2cbca9200ea5576fbbd3f2aa15981c391347f30dc24e0a586b70d,True
2a7f1c2e239b85a4e0d9bd387816fe127617720b9a769eef3332576537145298,HumanEval/26,Ab1-Raw,42c58c025821f005c63fe7009e7cc4d754f4cfae85e4a4fc904e67606900290b,True
34610e6acfe21130e4ed9f87a6cce4fc53b5ce49d2e7740450a40991dde700c6,HumanEval/26,Ab1-H2,42c58c025821f005c63fe7009e7cc4d754f4cfae85e4a4fc904e67606900290b,True
c083d8564fbf012f0eb801160f7dd37d5b300c81665fc83b93d17d7bfc0b4984,HumanEval/26,Ab2g-Raw,1676fedae2ea4028352a0d5871578b6c2bc4280d2fff26a1a9cf09a46fd6f7d8,True
681595fd4db7b605b7ca498ba2928e3b0fc9d78d2e3230f9d6230b9d98b3e40c,HumanEval/26,Ab2g-H2,1676fedae2ea4028352a0d5871578b6c2bc4280d2fff26a1a9cf09a46fd6f7d8,True
9a24f1ceff6be8d6a2c142db312d3d5083c464d871ddc55732b63983c3e12a5d,HumanEval/27,Ab1-Raw,acb0660e83f47f0030f03bc21686ba0258359635e99a1bacc2fe7fbeed51f447,True
1893b006f558609cf2f272a2995adfd10777b556d11b63f613da959450380502,HumanEval/27,Ab1-H2,acb0660e83f47f0030f03bc21686ba0258359635e99a1bacc2fe7fbeed51f447,True
d63e57fc17543175ba897cfe104ee531774a4342a305cf7247a7f8f7f7c16c7d,HumanEval/27,Ab2g-Raw,185a90842bc3a90f906985a56f82237c3474c41af8a142714cb06175ec099801,True
9c3a5345a8773c0882ebf092fcbb0301df6546db86e86d043e682c58f1cbf156,HumanEval/27,Ab2g-H2,185a90842bc3a90f906985a56f82237c3474c41af8a142714cb06175ec099801,True
026eadcbf41f2d741133ef79419c24fbc63d49c15f1a57b8a89d86387175b892,HumanEval/28,Ab1-Raw,b92a9fbe217bdfea2537edcf266efa8482f0a5970d1a01a426ffb997c9f42a62,True
48373a918eb9adcbd87a7ef69c470ca60963c5190d8c128cc0e37631af9d59c8,HumanEval/28,Ab1-H2,b92a9fbe217bdfea2537edcf266efa8482f0a5970d1a01a426ffb997c9f42a62,True
a84879cdba33ffca75bf3872a5621ee8de0b7c770a5dda0b725d0a6e87772769,HumanEval/28,Ab2g-Raw,7e994064fef052a422fd10e840a5fb7f356d4537d10bed7a526ae0f98c35b520,True
41df1fa68983848dae8a25c6607b8826deb29eb72cc6a1999f389a42136ac507,HumanEval/28,Ab2g-H2,7e994064fef052a422fd10e840a5fb7f356d4537d10bed7a526ae0f98c35b520,True
823548e613e684cfc70091bfe518485e6f23369d451c22597e907d77e3302588,HumanEval/29,Ab1-Raw,5608521f9821f317d5180556c92ac3b42ff2964fc1d5d4db3cec0128f3ad6996,True
35470c1838c904cb0b0af87b421981230649a57904d997d1731da8d12ff331c5,HumanEval/29,Ab1-H2,5608521f9821f317d5180556c92ac3b42ff2964fc1d5d4db3cec0128f3ad6996,True
b25745cb8a7a398e80d4c3519f99c8ec578d79ca6e1f9360b9bfeba10381dae0,HumanEval/29,Ab2g-Raw,1e2379b1f5fe75e3646cecef180694d3e50befd9b003f872048ef3fdccf24c15,True
d29000b4cd99565eae9db011e91aec437054c33864fd4568d15f5edfabb855d2,HumanEval/29,Ab2g-H2,1e2379b1f5fe75e3646cecef180694d3e50befd9b003f872048ef3fdccf24c15,True
993f0709030d23f06795bf66164434bad6eef48fe5adc7a7b353a095392d457f,HumanEval/30,Ab1-Raw,ecdb4d153eebe25756a76eb3e6d92e9f84341550abaeab0e4bb3cfc79e4ad20b,True
647e43906181868753e7da0d6c8da97e12178a54fb80cca509d4d58249ff15ae,HumanEval/30,Ab1-H2,ecdb4d153eebe25756a76eb3e6d92e9f84341550abaeab0e4bb3cfc79e4ad20b,True
3857ae7ba91262830acd2e5ad9eed4538d409f92765a55cb598658f61d914ac9,HumanEval/30,Ab2g-Raw,6c4739d427079261cbe033406c842c74dd0e86b7dce3549c81d8fcdb69598fce,True
68ab157f27a1d15b8fe4907afb3f9a20bd184a716ae1db3e5b78a7be87c75ecb,HumanEval/30,Ab2g-H2,6c4739d427079261cbe033406c842c74dd0e86b7dce3549c81d8fcdb69598fce,True
f0d19fc48b62e7ee9cfc1043da202b70ce2b3a16b81c9f9278046e201166060d,HumanEval/31,Ab1-Raw,74f3024ac74d205f71305bc3ca753c8b15c962d7d2fec1c09f38d98c5a8ffc36,True
52f35b7a658df6ee115d9695879a8e8de3c1df4c6c11388d496a43e3b63be5a6,HumanEval/31,Ab1-H2,74f3024ac74d205f71305bc3ca753c8b15c962d7d2fec1c09f38d98c5a8ffc36,True
3a94bc395933634f42e1700f5baf5f230ea304f933c90b7a77125e232cd9464e,HumanEval/31,Ab2g-Raw,d29f2a099b51ca66dca84d9bda020539c18dab64a49930792738c3bdb0adfbf7,True
8ec26fe46170fbc75d33d20197977d72baa1765e412659859ff739785068376f,HumanEval/31,Ab2g-H2,d29f2a099b51ca66dca84d9bda020539c18dab64a49930792738c3bdb0adfbf7,True
d8ecbdbde74c4d0c9c7361252cc9c50d54fdd41319bc4d4c931801383d97f3af,HumanEval/32,Ab1-Raw,3e62db5147f361f4f3395081951ddf125ebd0bb471783b8da3c5743ed81d51d6,True
c6eb56806a67747c9b803e751093b686ff51d9154aa728e2eeeeccbbb20149ba,HumanEval/32,Ab1-H2,3e62db5147f361f4f3395081951ddf125ebd0bb471783b8da3c5743ed81d51d6,True
e95db5d889d1676d597e63fef2358c2bc4095ddd7d843836a3cd828d2c1d5e89,HumanEval/32,Ab2g-Raw,55184a3b1cb17f97d3e9a5a536d8e53506537a283ad4c5729d7d0d9374bb6f18,True
b57b8d33511d4c896124fec1a15ad3d7627c8562ac541143f9e4dc0b5409e517,HumanEval/32,Ab2g-H2,55184a3b1cb17f97d3e9a5a536d8e53506537a283ad4c5729d7d0d9374bb6f18,True
272823bf546396acb4d8f786e1ef37c3f04e8331aa7cf3f1858ec8c18089f3f8,HumanEval/33,Ab1-Raw,6ae6e6ab6642adeab33ac0443d792d7e95f66cda1a4de353665c9fd6b59219bc,True
1c54f83b7c6d758b13b7a052ed17ee8e841d97c3594dc5ab70bbd65172017658,HumanEval/33,Ab1-H2,6ae6e6ab6642adeab33ac0443d792d7e95f66cda1a4de353665c9fd6b59219bc,True
97a12e132c3a961440a1d0be994be082bd18dc4af6d35642c3ee3af0c094e416,HumanEval/33,Ab2g-Raw,b7da6cf87cd912886a5aab0a9185f57c4b29b686148a1261496ce9ae78f4c220,True
f5554d79635659200773ac638631a232760f793e1c925feb6967c391f8b3431a,HumanEval/33,Ab2g-H2,b7da6cf87cd912886a5aab0a9185f57c4b29b686148a1261496ce9ae78f4c220,True
a0ed2a70372c2658aa0ddd13d21204e63bbe323fed50a8d412492a8090330fb5,HumanEval/34,Ab1-Raw,64502eef1421cfaf3a7124d0d7a782dad5ca3fc039a8a1d53a370cbe3c6fef93,True
6a43358619c04001769ece7f7b090af82ae0b0d858ede506956cbe3b3260bbb6,HumanEval/34,Ab1-H2,64502eef1421cfaf3a7124d0d7a782dad5ca3fc039a8a1d53a370cbe3c6fef93,True
d98142970dbc75ccaf676201a6a782cea975a4dcdc9e00043229cd5055521f4c,HumanEval/34,Ab2g-Raw,76c2105eece19e4b25f36a090c5b5862fb3f694efdf7d243567f86d39d789120,True
e9f184cdfebe7c61201589c0bf6da0b4798e0d3bcf0f011a86c26d6365213b32,HumanEval/34,Ab2g-H2,76c2105eece19e4b25f36a090c5b5862fb3f694efdf7d243567f86d39d789120,True
9ab301e969d0d19a2442cfa741a45286b3dbaf7ce0cca49c9ba91a382dafcae1,HumanEval/35,Ab1-Raw,1434e376e87aed0effbfceae94d3668736124cbaef740c318dc9a26bf4f5bc95,True
5d30a7f223ca95c9a9967093f5a7d96bf0b2cb7299a226fc31a126fbc3b378d4,HumanEval/35,Ab1-H2,1434e376e87aed0effbfceae94d3668736124cbaef740c318dc9a26bf4f5bc95,True
ccd105fb1dbcc12449b50fea9c0c6d9279d9d3f1b2539a307b8e56e0b5b12497,HumanEval/35,Ab2g-Raw,659fc2d5b611be6fc35c4acdc3319bbdeb6aafc0f9201d2e49e399715e28e8c1,True
25ea5f0afd6789aaec61e04218cbeacaad063b3e8ea4e768d06e9ca8dde8f43d,HumanEval/35,Ab2g-H2,659fc2d5b611be6fc35c4acdc3319bbdeb6aafc0f9201d2e49e399715e28e8c1,True
22f50e9e731d627f54f37d6997b0afa42c4b36fd4e4459567ec1933198f06029,HumanEval/36,Ab1-Raw,712549093efa265e8b9cafd502a4e87daa82155de45c42e24ab94f9dfa1cc2e5,True
29264f1a92da8e2dc515da6c216d4e30df4284bbeb1d1e029a46bba0b702f7b0,HumanEval/36,Ab1-H2,712549093efa265e8b9cafd502a4e87daa82155de45c42e24ab94f9dfa1cc2e5,True
7da05fae1a2a209a38b5ca0f272f0d4fdab2ac41c5954b6c3532f7d795f3f649,HumanEval/36,Ab2g-Raw,dadbc61344481a0a71e4ebf9dbb749d30d5ce53614ac3b22068463a037bedb14,True
b07e9b7bf233b824e2d2f734a9d7fbdac9f773492b0314f1edc04aa7358e4ac3,HumanEval/36,Ab2g-H2,dadbc61344481a0a71e4ebf9dbb749d30d5ce53614ac3b22068463a037bedb14,True
9a4fb9f0f72f06ed9f1733ea2c5666ada815af4474ce2a37aed0e75b5a747066,HumanEval/37,Ab1-Raw,,False
e57c5d211cf6e3c73a96a9ccb833eae945ad612de5b1362ff8b5e5443f8df81d,HumanEval/37,Ab1-H2,,False
82c87b18b063a5940931829f9a60ea397410dbe41a17ea6afff80a4e947b132e,HumanEval/37,Ab2g-Raw,3f969e33852425846283995d181782b3c854532f22d38b52dfc153618c3379db,True
aeb66e6f876c727afc8a12ef2628becd2f9b40d558e2235d1b5639d93fbf5f55,HumanEval/37,Ab2g-H2,3f969e33852425846283995d181782b3c854532f22d38b52dfc153618c3379db,True
799bb2a4b7165ee4c193d6af5f893f5027858b4e2ffde56e0376ab6f9e902247,HumanEval/38,Ab1-Raw,35640d19c57d4e445efdf523d90f1f9529b4d0241b1151a689352488759ec846,True
80bcd9679f4e4adacd7388eb5ef6cc9e497c0c73453870a71f05a298d896eeb5,HumanEval/38,Ab1-H2,35640d19c57d4e445efdf523d90f1f9529b4d0241b1151a689352488759ec846,True
9663ae92fa02c9f44a25285980863a48b8854b41f11f31ab2331baedd02dff72,HumanEval/38,Ab2g-Raw,4e74cad6c1bbb5a06df91db1a723ea24e509af3eb3676f4533ca87b32e6ea3e2,True
7779196b0174d3997ceecbc3f0fde6d99c38db353cb74202ee073cb9497701a7,HumanEval/38,Ab2g-H2,4e74cad6c1bbb5a06df91db1a723ea24e509af3eb3676f4533ca87b32e6ea3e2,True
58435f412ae44d0a724ccd0ef17f916e21338ef75fbed9103ece057695d69133,HumanEval/39,Ab1-Raw,d05f7f208cdd5d8141419efdb80803c43f2c20b486e2fe977328c131e434bb86,True
e33cb7bf1d98f3e1535ac3ab9fdee5af783433e81b87ca45afa7870d5e68c6e7,HumanEval/39,Ab1-H2,d05f7f208cdd5d8141419efdb80803c43f2c20b486e2fe977328c131e434bb86,True
c3da0fe5a8ba404eb483890d3ecb09297a01a4aa7f27ba227006fe8729d817f0,HumanEval/39,Ab2g-Raw,9ef68861300fe903ff720ad6bc577921bb45bd12730ded9b313eeb733fa76b23,True
193ecf82286e2e7eba62564443a03a4af5e80f86cb30f32751c0f9a1983ef88f,HumanEval/39,Ab2g-H2,9ef68861300fe903ff720ad6bc577921bb45bd12730ded9b313eeb733fa76b23,True
38217b0dcfcfc2c586386849193da851d75dbf2b500a3fd991bc04a3917c1cb4,HumanEval/40,Ab1-Raw,76c77dcce8794f38d5301c7765f5b1431c666d3dbc7b3d8b6312212930cdb9b6,True
2e095b0c4028d17c08fb8b328ca6cf47ea3d55558d2da4f228c350d36151bb09,HumanEval/40,Ab1-H2,76c77dcce8794f38d5301c7765f5b1431c666d3dbc7b3d8b6312212930cdb9b6,True
a79d904427419d65d02850c2ea641bce2ed127dcea4a18e8e3bfef3edbcd7a4b,HumanEval/40,Ab2g-Raw,87aef7333addbf49a769eab41adad427b289af63dc2bd6bc4542704ec9516755,True
562f057ae917266eb074d80b8255642e731beb37be4bb070dc2b75afb2c5d6f7,HumanEval/40,Ab2g-H2,87aef7333addbf49a769eab41adad427b289af63dc2bd6bc4542704ec9516755,True
7e5fc5bbd93c0663e050aa86161eed68a06a0e21679c7b81c27f260a876cc376,HumanEval/41,Ab1-Raw,6048ce69a152f4257bfef5813202b829e26697524f40fff107ee424b30ba55f4,True
730d2252499ceb29dd679e5dd8753d957c492e1030b4df85f11e768703de358c,HumanEval/41,Ab1-H2,6048ce69a152f4257bfef5813202b829e26697524f40fff107ee424b30ba55f4,True
1e0d5d99d226c97e76b711ec2f05bbf006025d461b0bc965f2a0c676405eba2f,HumanEval/41,Ab2g-Raw,1a88b7e484983f536cb638a8564b371a05c868aec2169cfa4cd4c13dc074f6aa,True
8f2d1493425988084b77e5444322eb12e4abe4c74c1eccaa22f99dce6997798f,HumanEval/41,Ab2g-H2,1a88b7e484983f536cb638a8564b371a05c868aec2169cfa4cd4c13dc074f6aa,True
01e4edc48cd39f6de27d3194648840fe29ad9432317f2c7c817c2b5ea7a3ae36,HumanEval/42,Ab1-Raw,34dcc1af53cfa10fde5f147616b7f897aac501284dbe56ae72ff7f72b2c5f8ef,True
b7c84cd05aa9b3ec00bc2fa91543f9b694fb8a529b1b2fb0592b4790d1063a5c,HumanEval/42,Ab1-H2,34dcc1af53cfa10fde5f147616b7f897aac501284dbe56ae72ff7f72b2c5f8ef,True
c05eb153a31e3456d3f73e11ed8ea12a289c101051ef8e7a4592020419789f93,HumanEval/42,Ab2g-Raw,16fdab5c89eceeea90aeed004288609dabdcb0835d6aeb6e97c0a5416b335dbf,True
86abe4802b7e536229cd846504b6e872a4b21bec7ba2f721450319468533117d,HumanEval/42,Ab2g-H2,16fdab5c89eceeea90aeed004288609dabdcb0835d6aeb6e97c0a5416b335dbf,True
2a07761e6df3e026f9070d086c0a4f796dd41b324765816df1486dab142914db,HumanEval/43,Ab1-Raw,2fa43f42ebf502ebecf8e27936a8e08986ca7d174d783efa4b04525c9feb3c84,True
58671981a13dae1cc4e61e1af7024307e90275e066aeaa2b25f97970d394d2da,HumanEval/43,Ab1-H2,2fa43f42ebf502ebecf8e27936a8e08986ca7d174d783efa4b04525c9feb3c84,True
436bf57c6d1838afa3cb478fe6a2c34658d3d3ba3699d831100af091057ed432,HumanEval/43,Ab2g-Raw,7d81e5e10a7144470a9f409c576955176b42f61eeee448062e969d1cd34c4bf1,True
65b163edee6fc8679d172dd33555bb00387232d56ca5496164a4f07918b2f28f,HumanEval/43,Ab2g-H2,7d81e5e10a7144470a9f409c576955176b42f61eeee448062e969d1cd34c4bf1,True
e72c2cc5ea14ae1f74614a98dc807ad4ad7ce32a7bc93175d832697d69e3696b,HumanEval/44,Ab1-Raw,b5730e3448c8bc7e76251bfc15a0b862474cd3330a1a11c84b8b210149ee4496,True
f27b375c31b15c763cafe44655ac93b80c47d65be1840b9dedb0202d0e4dbf35,HumanEval/44,Ab1-H2,b5730e3448c8bc7e76251bfc15a0b862474cd3330a1a11c84b8b210149ee4496,True
871d4cea9983cbb402f5dcd8c7e8eb6d1f1e1b2dcffe42658b84e150da088466,HumanEval/44,Ab2g-Raw,52e7742e9e647b824b06b2d1bee07b93d01c0c7863650cfa78fac449f89d64c8,True
db4cbf1f8a406f05b22629f4fb846648d05e9c52b0f9a5754ff43dd7aa8548cf,HumanEval/44,Ab2g-H2,52e7742e9e647b824b06b2d1bee07b93d01c0c7863650cfa78fac449f89d64c8,True
bb5d371046975cab0b95e506cfd6b47aaf860d279998a32da50cea30981093ee,HumanEval/45,Ab1-Raw,13af17a5d837a9ee38e9bcdc206df8204fcdbf58a419a258c339412f910b4267,True
2d14d7fd80e1bef9b17661b9ccf9055bc754fe645f81ee897d2ce185337dce59,HumanEval/45,Ab1-H2,13af17a5d837a9ee38e9bcdc206df8204fcdbf58a419a258c339412f910b4267,True
2458265ff5dc34754bccff6c9070dd0b7ef86404f35ff31deea97503340787ce,HumanEval/45,Ab2g-Raw,5ad2d8cfe820814dd10b3c0fd0a3dddcc5135de03ed398e29d56eab9bf4bc606,True
04c5cc05b9a26001ea9472721ebc5b4d98ee2b3d226996af614e2b5fd5f0be8c,HumanEval/45,Ab2g-H2,5ad2d8cfe820814dd10b3c0fd0a3dddcc5135de03ed398e29d56eab9bf4bc606,True
2045cee49dafd6e06ae167f8a41a0957ba4e971285049ca5297a92cf4501baa2,HumanEval/46,Ab1-Raw,db47ddb213cb0abaff4763111aa8a898fcbb0ae0858bce8ba943f39c7f944b88,True
0c92a20519c0e29af3e6228e6201e215b488889b0810904e4de1e7e7ca2ec650,HumanEval/46,Ab1-H2,db47ddb213cb0abaff4763111aa8a898fcbb0ae0858bce8ba943f39c7f944b88,True
8c0d07674818a7ea75c2c47df9118ed3bfe6f0d27097e6ff83e181fea6bbfab1,HumanEval/46,Ab2g-Raw,7d72a6fad5cc63d9f60e3248d0e4395f4b2ff1b1819c27df934b6ac4a8be928c,True
c7340b6c81fb51bc65ba60f461fcb125aa54c540e5533759208cba5bc575b6ac,HumanEval/46,Ab2g-H2,7d72a6fad5cc63d9f60e3248d0e4395f4b2ff1b1819c27df934b6ac4a8be928c,True
a1efb1e4c7e3e567d830abca27bfb00da51df348372e014955087ee3f57a17e8,HumanEval/47,Ab1-Raw,f9ec94876275f06b6500651a97671011916cf753ee80a4d297fdc7f8e63bafbc,True
74bde59f7bb2948fcbcfe3aa56bb971f755c8be6b4661d605ef27cd862fbc245,HumanEval/47,Ab1-H2,f9ec94876275f06b6500651a97671011916cf753ee80a4d297fdc7f8e63bafbc,True
65173249b58d091f54c91abac78501910e8a42bc894cdbb3524fa8be13ee906c,HumanEval/47,Ab2g-Raw,c9d371b5acd767223cd3e7e8aed7371b286b9f769d60ce1f3c06ba1c92fa4985,True
9fe30fc678a944035ae91ee9a70aa3bf1300ac103064c62ac98412d540256719,HumanEval/47,Ab2g-H2,c9d371b5acd767223cd3e7e8aed7371b286b9f769d60ce1f3c06ba1c92fa4985,True
9f362dcb67254f72e2c5f62567e8e11d68c46109384319255bed127ee53826bc,HumanEval/48,Ab1-Raw,734d19e081ed05f8c0684c6d2d66e69f079fa8a984efac9c838fdb23c202b381,True
3c2675bfff5d13d7c2639762dbcf990ceb52f843deddbc0a360e9f73c251a04e,HumanEval/48,Ab1-H2,734d19e081ed05f8c0684c6d2d66e69f079fa8a984efac9c838fdb23c202b381,True
fde6408ee515329906e6a38e6bddb7f935649e9c3e244e0e0f8f0fb8caf66fc1,HumanEval/48,Ab2g-Raw,e4cb43ebd2e6f731216aed99c694904229de619442b3f0adce14ce0a39e9a031,True
49f02d31caeac82b3732284ed2dd2e426dec44586ddbe5d4d647d40611160ead,HumanEval/48,Ab2g-H2,e4cb43ebd2e6f731216aed99c694904229de619442b3f0adce14ce0a39e9a031,True
7d6496471acda667c07262c32f0a2ce204a3affd8fd5851aadf82bba93d2a9ce,HumanEval/49,Ab1-Raw,e1a03c4f355c2ebe7d61627d88feb9c8f93538c06cdeacda430a4cfcbc66e1b3,True
e53693d018dbd74a750b4dce24826599df052e2ead56b212a67a5a927646408a,HumanEval/49,Ab1-H2,e1a03c4f355c2ebe7d61627d88feb9c8f93538c06cdeacda430a4cfcbc66e1b3,True
4b71430d0968b1cbe4ffe18be21861aab7eab0d5d9dc71d9a32642fa8ca95ddd,HumanEval/49,Ab2g-Raw,9566e41252ccd29a292ac2c8ef3777d5321dc4d21aa1025cf76b338fcd88586b,True
b6f4731063be02cd53715480a8f2f1c469c315c30337406b37bd8eee182be64f,HumanEval/49,Ab2g-H2,9566e41252ccd29a292ac2c8ef3777d5321dc4d21aa1025cf76b338fcd88586b,True
0cf564f1c913f3078e5022b260eb69fc9d504c71588b6ffb8a838b65591035ee,HumanEval/50,Ab1-Raw,5c66155d4b7522fb70aae3c6197d1e10d9e351cfdb9a82b4f1262674fa4e0bfc,True
b3cade4603029db4529f1f6e7e33185cb5097a4a6304f9898dc377add5b2e3e8,HumanEval/50,Ab1-H2,5c66155d4b7522fb70aae3c6197d1e10d9e351cfdb9a82b4f1262674fa4e0bfc,True
9d80920c93d4ffa572f8a9736c5ff629445c47287dc4a5d9c1c9749606bdb406,HumanEval/50,Ab2g-Raw,179a7d0dd415af3b96b02ecf4f655b8fee8eaf69854179655e3b6eabf0622bc8,True
58d15c09d415bc876508fa9460be26236a54432c59ff08597a1b930a70fdcc7b,HumanEval/50,Ab2g-H2,179a7d0dd415af3b96b02ecf4f655b8fee8eaf69854179655e3b6eabf0622bc8,True
ce2460554c212e52ca496fe6acd1d2025aa9d55be1022b238ecb2a59098fec77,HumanEval/51,Ab1-Raw,85d61c2ec35c83ce55665ef9911ad62be6d5848614df3d3444afced393d7991d,True
39dec14d7fc3ab997ff7c89087392bc8c9e70b2a76cb92ce88f6130e471e9cbe,HumanEval/51,Ab1-H2,85d61c2ec35c83ce55665ef9911ad62be6d5848614df3d3444afced393d7991d,True
d9325919760dd7d6d8bb523c74fbed487b6246e3c97cda33ac3056a1f4e876e5,HumanEval/51,Ab2g-Raw,d1de72550e4f5bceb9eccbb0a1df9dbfb95521cc25df9885e36831c54911935a,True
859f6f16c0edcfa5de60005d9932c044fe6b841ba05909f023d6fb6e914a2438,HumanEval/51,Ab2g-H2,d1de72550e4f5bceb9eccbb0a1df9dbfb95521cc25df9885e36831c54911935a,True
8ee07e5234ecc97eb9ccef284cd89a79873acb1fa6846038448a57587e273eda,HumanEval/52,Ab1-Raw,4ce64fb92396a1674053036822ee5d762736e7621f1a56c7d205c56d5fbca4e8,True
aeaedb67390bcf826c3a6d5b03f872080834ab87b82d0fcfc0af143ac8733099,HumanEval/52,Ab1-H2,4ce64fb92396a1674053036822ee5d762736e7621f1a56c7d205c56d5fbca4e8,True
ac5a705bb45ae51cf9322acd16982c669a004d14b61a47d3b8acfb3ef60372c7,HumanEval/52,Ab2g-Raw,61c42dc0f581ab2fe3781594338eae866a317878564df73a39ed3cdb438bbe8f,True
79f277e689ad79610fe1c37dd495efc536ced83776dc8155f933e04dc0380bf3,HumanEval/52,Ab2g-H2,61c42dc0f581ab2fe3781594338eae866a317878564df73a39ed3cdb438bbe8f,True
fea1850c99e985d8a79212f2d2dbd1459bf0bb9e01044cedd93fc90fddc015b0,HumanEval/53,Ab1-Raw,e343d420387202ad4efd4940e34e61845824ab410119cd259fa55e6bffc65419,True
02b93a0600c7ee0d03cd6e64e2b6b398c5fa1a404859124709b317a2b9c09cb0,HumanEval/53,Ab1-H2,e343d420387202ad4efd4940e34e61845824ab410119cd259fa55e6bffc65419,True
7527c3c7f4a7debc73a6eaed7d9f097ed509506470c93d9d0828d9ffa7fb52d7,HumanEval/53,Ab2g-Raw,1acf9060bbcfa6cd0f44158462967f04dd31d08ff3afb00aac42b0eeaddaebab,True
cb023fe7347cad18db55f6ecf28b3b18c99d75462d58f2e7b8348e8dc14b21b9,HumanEval/53,Ab2g-H2,1acf9060bbcfa6cd0f44158462967f04dd31d08ff3afb00aac42b0eeaddaebab,True
6de189ac7bf40d661e6bb47f00ba1e1eacbace7fe3acca72b3c9162edbaed06c,HumanEval/54,Ab1-Raw,0594fb318bfbcc085a4e060c825d193eb4564cd0b2604c8546370a363b0509f5,True
3997c77c8828aa38564da3b1841de8b7ea283b22d8ef09d0ce929e2a92f200c3,HumanEval/54,Ab1-H2,0594fb318bfbcc085a4e060c825d193eb4564cd0b2604c8546370a363b0509f5,True
e1258112d67713d6cb9f75cea0eec0463bf7431c82fd139e8a4b60df45099b99,HumanEval/54,Ab2g-Raw,550ec274c71aa5cf1b4bf25d071af2f7e7c0b1234ae87369b854725365c58405,True
152abf696f171ddb2c2827de7a5cbc76cc1ee47a1a82912801ad5a544795cf6d,HumanEval/54,Ab2g-H2,550ec274c71aa5cf1b4bf25d071af2f7e7c0b1234ae87369b854725365c58405,True
0852a560a15a13aad822741a47a552585832d6aa64b9ed6ef7233e1b3ab71619,HumanEval/55,Ab1-Raw,69fe60e13365af4c0ba9e4125dddb7512a00077cb9a987ed97076b9e47315a72,True
caeed9b09ae9ce7bcead308a54711f700dc607907ff73166a77a06ff59fa16f4,HumanEval/55,Ab1-H2,69fe60e13365af4c0ba9e4125dddb7512a00077cb9a987ed97076b9e47315a72,True
e4a3ef0b3a2107ea40e968e7ec5a6d644bb767f1147a76f2f0af884eca669756,HumanEval/55,Ab2g-Raw,6bc6acaefaf21e76765f01b6eceeb4ad06a1388b0b0f8e595f49a3082cdb6f1c,True
fd26964e293dcf7c782c762d58c2b5b1ad1d8cbc38f59304f4cac58a57fee226,HumanEval/55,Ab2g-H2,6bc6acaefaf21e76765f01b6eceeb4ad06a1388b0b0f8e595f49a3082cdb6f1c,True
b31a4f275d5dd3a31e69b78f5c9e26e83752fe1a01742c44c340fe1a7a8d1223,HumanEval/56,Ab1-Raw,e4d9afa5087015d7a1d865a8774d92c566ef4adb21b8bdb1a8fe4d43acec5daa,True
6cad5cc2b41fbd97e01633fc8a65cc6efe2ce2ef0aa06524997d491b8e9df093,HumanEval/56,Ab1-H2,e4d9afa5087015d7a1d865a8774d92c566ef4adb21b8bdb1a8fe4d43acec5daa,True
2f873373eb7d72e6a97c3a2d5705e4d77f5e3acfa28ab2341d2b8333caa355bc,HumanEval/56,Ab2g-Raw,34539ff94a4049663eac0e691c7ff3d12523f2a73900168daee42a5c66fb2764,True
0c3b0ae0041bd83fa512d3ccc77b5c89976b37ad29279564797257b4cf26e5b2,HumanEval/56,Ab2g-H2,34539ff94a4049663eac0e691c7ff3d12523f2a73900168daee42a5c66fb2764,True
cf9f0e37b11a5d8f50ef1be50af639adfbdec02acd9d14ff4c09e706fce61a39,HumanEval/57,Ab1-Raw,cf2c57220119295968b26ea052c1a2f0406dad6366486c1ba9173a16cbdb183c,True
84de1b1c9dd4432095c3b16df4cae9b0f19d3385b62311b501484ee8213fdb22,HumanEval/57,Ab1-H2,cf2c57220119295968b26ea052c1a2f0406dad6366486c1ba9173a16cbdb183c,True
8478cf72803a7edc7c351fce444434ae82796d8cc7314ff50c78cb48b3ce2008,HumanEval/57,Ab2g-Raw,7462c1c429f41a6334cbb268c5087c61a3c15349e97158f61fa155110d9988e6,True
e9ec802af8ccac643f510d748c114d9085e501d261eea2831855f8af6b8ebddf,HumanEval/57,Ab2g-H2,7462c1c429f41a6334cbb268c5087c61a3c15349e97158f61fa155110d9988e6,True
fb4653e56a64b5d4372757ec1c5edd83d68692a8550d0e7bf09946eef1b9e981,HumanEval/58,Ab1-Raw,bd5bc951387db7a3c3ae538cd6c15c1ad8df5de857cd03721deaed1b6a39c0f1,True
9578d95f927929a6820a4e77ef06ac4df5d7bb95398985a52119923c4a56e6d3,HumanEval/58,Ab1-H2,bd5bc951387db7a3c3ae538cd6c15c1ad8df5de857cd03721deaed1b6a39c0f1,True
122f80c963374265905eb12c53670151e8a7220202773015c217e93203af01f1,HumanEval/58,Ab2g-Raw,43d8e20c2ff31affaede6fb7d1923288a3e2210504acbdd55a1eac966ec6345c,True
30b028a5501d31c20d594b65bc87b53d26fd65231808d1d8a54a8d1674f61a54,HumanEval/58,Ab2g-H2,43d8e20c2ff31affaede6fb7d1923288a3e2210504acbdd55a1eac966ec6345c,True
134b6878f8d926f4c19af7e5ea43f880943215146cf8a8787c13dca93d5e4d62,HumanEval/59,Ab1-Raw,62de076229ca3b8e9813a46649acd66f38b030f7538ebf814db495faf6c00455,True
e4f1d8c92a6b6fa704871f46c7308d388d81a6f9bd2a9220ba2b3c957cdd9530,HumanEval/59,Ab1-H2,62de076229ca3b8e9813a46649acd66f38b030f7538ebf814db495faf6c00455,True
c59d65e3abea5f8dafd864c36bc605b8be17e14bf9c65827ab7f597776566b97,HumanEval/59,Ab2g-Raw,aec249ee8e82374f052ce79577860819ee6c483da10cfccdbd6f857533be289d,True
00147d51b8a91d409de26425edc51031a22c08a1a82928b4579a9f73da19024c,HumanEval/59,Ab2g-H2,aec249ee8e82374f052ce79577860819ee6c483da10cfccdbd6f857533be289d,True
26f2ef60a7abce0a0c2afb45fbdb6273e624b468834d6ca6347779cec7ed25cc,HumanEval/60,Ab1-Raw,d15c7a8b4f933c348261c48defd21e2234bd439ac19af2772a319370a56bdddb,True
b75b22fbc02f5eed6a8f5e963d5b0e028a5c58f106ec6c88bb58ee5b99480f2b,HumanEval/60,Ab1-H2,d15c7a8b4f933c348261c48defd21e2234bd439ac19af2772a319370a56bdddb,True
13df9a40e7f7fb1444a1c98632b7ccc48d9be3474b20c407e68a51b469906b07,HumanEval/60,Ab2g-Raw,3a5ad5f191c3473391d3465890794d1cdd07aeafb4925a2646de5c7812938307,True
47016dd6612ade134c5051a42aaffadde5f3404f524434b376b56df193e2d351,HumanEval/60,Ab2g-H2,3a5ad5f191c3473391d3465890794d1cdd07aeafb4925a2646de5c7812938307,True
584a7e0092d308175038b55f01b6b32a7cad9ae36062fe102dc122a35264725b,HumanEval/61,Ab1-Raw,900f2f940d0f23776b6e58406f9fc7460ebe81e83533e68db466fc33bb0837b2,True
c1c3a539b3826a9260adfe826c41bf1ad0340fb202d8fe8d4b1b8bf22412188b,HumanEval/61,Ab1-H2,900f2f940d0f23776b6e58406f9fc7460ebe81e83533e68db466fc33bb0837b2,True
1bf03c069d68ff580873ab56a632b6756fe3574f52c9aab35143f4aa37b58527,HumanEval/61,Ab2g-Raw,595a16af9434f9f2e302e9024cc2d117c1ddf2144d2c54655714dd03cafcf240,True
a26992c538c62a8afe39683d2e5fb22e9876bee9aa1e4c97996d175269855a00,HumanEval/61,Ab2g-H2,595a16af9434f9f2e302e9024cc2d117c1ddf2144d2c54655714dd03cafcf240,True
4b96cdb7ed81fbe3d0753728c5c1f88a5e318a17b85dd8fef7c8070cfacc92af,HumanEval/62,Ab1-Raw,cb53016b3bdda70dee1e3ad819c5ee4844c3172d02d828cafbad958e9be54a22,True
345cdc4e1e66d45612c60713229e2115891bffd8c218bd0995ff0e9354467583,HumanEval/62,Ab1-H2,cb53016b3bdda70dee1e3ad819c5ee4844c3172d02d828cafbad958e9be54a22,True
44d130224d3312fa088e3626b36c63a47b007ab0aab3dcefe1cb36f402792747,HumanEval/62,Ab2g-Raw,9d283e3071757eff0fff73b6787b62300954871774190ece950edd95903ec912,True
d42e584b2b30b6922539b7e53323bdc650cdae136debc25ca559fbc10972b01c,HumanEval/62,Ab2g-H2,9d283e3071757eff0fff73b6787b62300954871774190ece950edd95903ec912,True
7f5192aa330bd73f53495af0b56e57cff25f06c0b5d88273f4654005c0f7c7a6,HumanEval/63,Ab1-Raw,0c9d495c26f61aee4100ed769ad0e8737c886b70e2cfbcfc8c5c49bbd3011c15,True
6c07be7e7c8e681e2f2cd1fa90c3aea82d2ca3bbd83dcedec7a9d6598e34d665,HumanEval/63,Ab1-H2,0c9d495c26f61aee4100ed769ad0e8737c886b70e2cfbcfc8c5c49bbd3011c15,True
2b931d07444eb82d691bb50e450b46c04eff19bec4b098fda637bf40b290f606,HumanEval/63,Ab2g-Raw,71543ffb7cdfd61e712858a710a5bc0e96dacce99c7b896dc93bca8f243f8341,True
b93826778d74209601dc8c3b2390e75537762f1ef4049b65ca156c60b0054c03,HumanEval/63,Ab2g-H2,71543ffb7cdfd61e712858a710a5bc0e96dacce99c7b896dc93bca8f243f8341,True
33f9009e5e9246808cab363a31f49ecea6331b92b1b98a7d23380c262473cdf0,HumanEval/64,Ab1-Raw,e476104f5f153d354053779af7c0bad42cf77bd02f3ec8274cf3a5cd7e0b97e6,True
e195c71e8efa103c7906d315b8c3e3e3829bcae29ba7971e0134d24407e2332b,HumanEval/64,Ab1-H2,e476104f5f153d354053779af7c0bad42cf77bd02f3ec8274cf3a5cd7e0b97e6,True
f20a9c44a46f53fb8c272d89f61569c2898ad74b68eb3c2c85add33799878358,HumanEval/64,Ab2g-Raw,9d10d4fd0a1b33abd5a2ddc3557e5054d215fb0b0f192575191d96a50af68565,True
22f1ec2980c0992a46ad97203923e15d54f20bdc740eb51955441c1120e36162,HumanEval/64,Ab2g-H2,9d10d4fd0a1b33abd5a2ddc3557e5054d215fb0b0f192575191d96a50af68565,True
eca51f37591e4d8f64b70c28126d7dbb2c77e7412e65d85cd24ffc9e592eae18,HumanEval/65,Ab1-Raw,9e8b7d2fe2c554985ee22733b08e926c0afd3c9b9ce3241591b44d39b7fd7ff1,True
8a3fdc3eaaffca23551f05d7006321522557e7e9d4d0a001bd1f866dd47dd17f,HumanEval/65,Ab1-H2,9e8b7d2fe2c554985ee22733b08e926c0afd3c9b9ce3241591b44d39b7fd7ff1,True
af473917841fad52a5f0d30c1bccfea9cbd725ea4da24644d328b528dd70885c,HumanEval/65,Ab2g-Raw,714bcf5b086d3827422d86ef038395782587c768216b2a424820fa1950647f16,True
e89fd1db7ec631f9fbb37dd6e040992b5037a9dd712762207f30a84722fb802c,HumanEval/65,Ab2g-H2,714bcf5b086d3827422d86ef038395782587c768216b2a424820fa1950647f16,True
d6c951635b6dce67a161a29741fe83b619862673ef2114c854dff6b208b7f4d2,HumanEval/66,Ab1-Raw,472ab11eec67459406931506893a589f542da2ae81dc1cd7962b47eaaaf97374,True
f445548a9ed4ef1d3fa2f75297912bfb628f5703c89eaa8ab7c30382e4d18d06,HumanEval/66,Ab1-H2,472ab11eec67459406931506893a589f542da2ae81dc1cd7962b47eaaaf97374,True
6bc2708f0dbbc5e18b86045986a8fc6e10214f8a89102b12e91d6d4bf17a1b69,HumanEval/66,Ab2g-Raw,a481862b2c8ac565451bb622d546415908cf5d86c75787b5c27423cac59d009e,True
a1882f2c0ee876fa325ecb7661ab17c22e5c237040dd779a55bd826cb3239df0,HumanEval/66,Ab2g-H2,a481862b2c8ac565451bb622d546415908cf5d86c75787b5c27423cac59d009e,True
a6572b386a77d9ecfd2152eda7bbf4600868ced3d592c36f9c90616beb261919,HumanEval/67,Ab1-Raw,5bb02739cd647744b429574514e3dc8930eafba84750bb9556b4a97a00a982fd,True
3ddf748386f742dd1ea4ab6ca853a46b861ed04a0d7d218ebde395376d3990b0,HumanEval/67,Ab1-H2,5bb02739cd647744b429574514e3dc8930eafba84750bb9556b4a97a00a982fd,True
a8fb297b185abaa6c34bc3716bb23b36982db2878c9c54d7c5f332c1e6275a9e,HumanEval/67,Ab2g-Raw,679b2c49d8508e006b117f6859c6e6398d0b2e0b187e12068fb7704a3460ce74,True
cb9b692c28ce52bc840a6d6d0b64f65d935c0e531d2ed5294370e2176fc06a01,HumanEval/67,Ab2g-H2,679b2c49d8508e006b117f6859c6e6398d0b2e0b187e12068fb7704a3460ce74,True
fd858961017379467d5d7eb546a893e97adb94ef1bfab43cf202d6f61ceb9c9f,HumanEval/68,Ab1-Raw,d974f17610a2ecd68b3414614e40f9c0ff613117e2005cb0e143236a83c3e183,True
963fd1e2917ca217f69a543e62f4ff452a2c693fc84d93950680eb7ec68e2e63,HumanEval/68,Ab1-H2,d974f17610a2ecd68b3414614e40f9c0ff613117e2005cb0e143236a83c3e183,True
14183ec5613299a3760f5326c93739ebc0c43ab7d726deaaaff037556deb5ff9,HumanEval/68,Ab2g-Raw,ad0566cb1c34d6feed8d13c20c76b244b78d8d93ecb78e07d6d4052128cff3b4,True
fc55a603db218b6760a32675ddd7ca835a784dc5aec861255969a8f733093bc4,HumanEval/68,Ab2g-H2,ad0566cb1c34d6feed8d13c20c76b244b78d8d93ecb78e07d6d4052128cff3b4,True
d5e396387470f293a387793c4a0ae5f495f759737aed63b7941981d3dc789078,HumanEval/69,Ab1-Raw,517f8109b56731992e5fce51041f3a00d7cd064dac8875be4de709fbacd38280,True
62c42afcb263231e704005aa57d0bdf35e5cc92a4cb7e4157ae2a155585e3427,HumanEval/69,Ab1-H2,517f8109b56731992e5fce51041f3a00d7cd064dac8875be4de709fbacd38280,True
6d3388ac52c3d74a369ff439813d78bb42d682bfed2414218eb108fbf99e229a,HumanEval/69,Ab2g-Raw,578a35be39a249db23542c58426b1657e45e43e21178941432f62f89ca35e0e6,True
a62d473f5f09f842533bee93487b3775eb416cea98e5afae7da7c5d7e456c6fe,HumanEval/69,Ab2g-H2,578a35be39a249db23542c58426b1657e45e43e21178941432f62f89ca35e0e6,True
d093f2397845fe775e1b4a7d4f92be671872f037ad7595facdc49cb749e52452,HumanEval/70,Ab1-Raw,6ddf8f88cabf1bc454accf66c556c1b49a5656b5e63e78edd3d9227ec65b898b,True
0417b0639aea30ac08c9a75670d91ee9749ce39b21524fc0c1dcbc61bb47b116,HumanEval/70,Ab1-H2,6ddf8f88cabf1bc454accf66c556c1b49a5656b5e63e78edd3d9227ec65b898b,True
6b09af7a52572f3ca6fe7bef678234fbed8e6147ae6c13fe2404ae72558211be,HumanEval/70,Ab2g-Raw,03ed20b1fe7b15ba43f883058388128b9dec6a5648964a839f222c6cabea01d6,True
70486326f4cd3025cb46a1cd57a82340bc408dce2904b99f7f05f4938e32a95c,HumanEval/70,Ab2g-H2,03ed20b1fe7b15ba43f883058388128b9dec6a5648964a839f222c6cabea01d6,True
d5d813bc18d21bb4ad01af8d3acd6faa084e022a46a393bbbd4d46090e6d3c0f,HumanEval/71,Ab1-Raw,62282f256eb2c2f36c62b8d29cc2ff46074cc47608c3face21c6c2b355e889eb,True
4c72e92d2676959adcf06637546f187fb682fa93c660c74bbdabf46c62ef6a7a,HumanEval/71,Ab1-H2,62282f256eb2c2f36c62b8d29cc2ff46074cc47608c3face21c6c2b355e889eb,True
6281f5d1862b22e5d30cb9b9a8aa3b7c2fa5029c49196b0a57dd6a3cf4176b0b,HumanEval/71,Ab2g-Raw,d42b70991c599aee2f44a4aa260e72ebbd320ab4f8dd0dbb3b5ce0028366a7cb,True
8404f838d763d80463de8e4d7826cf41506b72c00cd14957439fe47992cca4f6,HumanEval/71,Ab2g-H2,d42b70991c599aee2f44a4aa260e72ebbd320ab4f8dd0dbb3b5ce0028366a7cb,True
294cfbdeb04ffc97c097f1672f9202d445550ee724969654f2ca1f1f594ba528,HumanEval/72,Ab1-Raw,545b1bde68d71af2f48f1ff00fc1336322e446c844cbb4d83c06ecc52a64b425,True
76b034e9780210af16317dc78ba40e1af7db16da405f7aa8ff08b7b51566184c,HumanEval/72,Ab1-H2,545b1bde68d71af2f48f1ff00fc1336322e446c844cbb4d83c06ecc52a64b425,True
4fea140539877d80bf694f489f67f4b1c43a3b5f71563382ffa059aab608b5a4,HumanEval/72,Ab2g-Raw,d0f777c26d20ff7733fd695eebaa749904be5d660e0a925fe61e5f8aa0fc7f6c,True
c0c854bf214595fd748934838aa23e4f171ec92d2ef45b3054d259d0663a3e19,HumanEval/72,Ab2g-H2,d0f777c26d20ff7733fd695eebaa749904be5d660e0a925fe61e5f8aa0fc7f6c,True
9834e1b791ded79c9f477ebef065c35c620975a5d76c5309a96abdbf59c62600,HumanEval/73,Ab1-Raw,a5b77d01cd18fff49490d2f046685d1a6cd07ae0043bac6553f7cc47eeaaa490,True
d99c7b499a48ccab776f3ae156ccac10a04f694a60ee41b30880f4790f6feb06,HumanEval/73,Ab1-H2,a5b77d01cd18fff49490d2f046685d1a6cd07ae0043bac6553f7cc47eeaaa490,True
34c0060f1c611ebe61c76460374115ae084a4fee2a656b4a9c5e73a490528072,HumanEval/73,Ab2g-Raw,255c4bbcd0cb4e53309079e8a942612ef0418772b11db0d6d8333d152637301a,True
4295a55c0ccf0073022eea42168daa89c161eb9f7a5af4525e30944ce672cf0d,HumanEval/73,Ab2g-H2,255c4bbcd0cb4e53309079e8a942612ef0418772b11db0d6d8333d152637301a,True
3e8854d4035815227c74b340075f71e01128c88f9227691466b97ae7318c78f2,HumanEval/74,Ab1-Raw,167e97e3c6d45d7f835bfe055d0bdab35bc4abed9eb88142f92ddc481d372334,True
57989fd2c9ea32ea7d64fd373473ffc914bc64ab3d614197bde0b6eb40e0c818,HumanEval/74,Ab1-H2,167e97e3c6d45d7f835bfe055d0bdab35bc4abed9eb88142f92ddc481d372334,True
f729646a01a9944d10e9dde84520eb75961d96c129b3b67512d012fbbcd568b8,HumanEval/74,Ab2g-Raw,b660aaa1ea096c9755c8f79a4538672574306760926d21e183e0e6e5978ab9db,True
8b9eddd473ed2be10ff293a0c544c92f5e15d913ce0d2a4a07acf63a3794e20f,HumanEval/74,Ab2g-H2,b660aaa1ea096c9755c8f79a4538672574306760926d21e183e0e6e5978ab9db,True
7057ce164bf64fda723eba65f9f402640a2ff8fd15703d5f326723548c78d03b,HumanEval/75,Ab1-Raw,717f762911567ca108311a256ff8b6c7328c6e419af89786d074587f77d945d7,True
76534bd9a5ed4de577fe0d22445d7c0f49ef273bc4a51cf4b9b769d46f9c8863,HumanEval/75,Ab1-H2,717f762911567ca108311a256ff8b6c7328c6e419af89786d074587f77d945d7,True
c1f7b1e34ce7f9ae948d0e4f0115528512b5905a2ebaf1388de2f6e06d3d9bf2,HumanEval/75,Ab2g-Raw,7c71a8f7a5b896807cd808e281b0b9fea4157c838fc6891c130410fd0b335bf1,True
c81fc87c7913056c45c60c464822e10174149696dc85b3e758b7a1e027ea0137,HumanEval/75,Ab2g-H2,7c71a8f7a5b896807cd808e281b0b9fea4157c838fc6891c130410fd0b335bf1,True
b63290b875f22b291edf2b90a4e484b2e0c0bb02c1fa25a42666e77f436a4dc3,HumanEval/76,Ab1-Raw,,False
dbfd0cd7c5684a361d598cc4c4e2f4a88f30fdae4b981fe6502d35d4e93cc1e6,HumanEval/76,Ab1-H2,,False
652a33bc01d3c69d9b7ed62e2461d28bcefa123524c675da8d7484c6210aea4e,HumanEval/76,Ab2g-Raw,f1510cd21ef16e278a70b14af70eaf0984af3a773522aa483bba5a5710e7f4c1,True
9d1785dc56110897306b8d0ea90ddf1f1db63bbf20662e1553a6f2a8fc54231b,HumanEval/76,Ab2g-H2,f1510cd21ef16e278a70b14af70eaf0984af3a773522aa483bba5a5710e7f4c1,True
6373e770e3bd9597bbf12605173b854fb80ec2a15c5f19a4bcb6e9c086c28aff,HumanEval/77,Ab1-Raw,f216350d65b9ca87ce5789bf0e0361a818ec8596c2e0c3fad8477616e8ed82e8,True
d40e3d0bf821c1d9f5c246bdea379cf7e97b2e0ef1711db628d39313c20f5823,HumanEval/77,Ab1-H2,f216350d65b9ca87ce5789bf0e0361a818ec8596c2e0c3fad8477616e8ed82e8,True
b1cfdb16a0453e1b51863fdee777d02d75891490078f3e2ee94ffeb082c62b29,HumanEval/77,Ab2g-Raw,6f3d0582e6a47760f5a330f3af73c6617060ef2e8eff56940350fd6efad357ea,True
c5cad5704160c458648f5ffeb600fc04c5b47a939ed70e86580e9f26e13aafa5,HumanEval/77,Ab2g-H2,6f3d0582e6a47760f5a330f3af73c6617060ef2e8eff56940350fd6efad357ea,True
0e590a6bd15f0199b9d07303d575bed82f7f354ccee89d7484436ea0490a1410,HumanEval/78,Ab1-Raw,55f95357fcf15913493b226dcf8decd8ab7c8deec72ef7d7fab827df66c69af3,True
c5e0e83c2986ccc8ec1587077c1b276be753c1a77ec6a90b328b727369217066,HumanEval/78,Ab1-H2,55f95357fcf15913493b226dcf8decd8ab7c8deec72ef7d7fab827df66c69af3,True
4775875d76b7063396baa1aca15970f605aa7173fd297170793912bb34f4d316,HumanEval/78,Ab2g-Raw,7443f0916b96adbcff377a174eec6f3150d3ec9f93f411f97a6723fb9fc2ba3c,True
591720ecc6e173484319bbc8e8f01f3f9dc5e2faaeefac24c684b9afcd9ffa9c,HumanEval/78,Ab2g-H2,7443f0916b96adbcff377a174eec6f3150d3ec9f93f411f97a6723fb9fc2ba3c,True
a8619be694f0a5a98561418ec405c361a69aab9dbe9ac7e13eb499334ab29d47,HumanEval/79,Ab1-Raw,2a77a09fc0a733d637896755419ddab965b7d6f3da692d37104de2a21c08fc46,True
a1317dbf3a66f65cfe618b7e5f7bd92eb4fbfaed6ca022d50f27f4e9ade8f887,HumanEval/79,Ab1-H2,2a77a09fc0a733d637896755419ddab965b7d6f3da692d37104de2a21c08fc46,True
499aad60d9829ecae83310f0beb31ba68cdfa22f9da26a59f1a62adba5a23c69,HumanEval/79,Ab2g-Raw,a1f8c3e197909fa60504576f3f5dfe7d38e4bc4313836a6e5f8b642f6b3ad9f5,True
6fc63f405f38293f3d643c5d3c076d742de971239b40fd369f1ac99b37cbfd47,HumanEval/79,Ab2g-H2,a1f8c3e197909fa60504576f3f5dfe7d38e4bc4313836a6e5f8b642f6b3ad9f5,True
74e4610e327978905d9dd1f10c8e84eea723cccb4fa87bf9e39cd9209e800d22,HumanEval/80,Ab1-Raw,50d69964b7978d7c9fb377171122991a4ebd07503faa7bdea74047faf8651764,True
1eac183b1f0ea260e5ad245d1bc084eb221ead669a95119ac6f56c15456e0177,HumanEval/80,Ab1-H2,50d69964b7978d7c9fb377171122991a4ebd07503faa7bdea74047faf8651764,True
c1b55d5c7e27438a2f786e923d331fc2f18eb9323f847c5247339958d9567cd6,HumanEval/80,Ab2g-Raw,0bcd54305384a7de89e3fea66dc61f4ae7e2bf2daae6be81e0d0ed67bbaaf56f,True
f635aa979a6d94a203f7ff7af30361033149178f9296971f3d2cc016ff1d7186,HumanEval/80,Ab2g-H2,0bcd54305384a7de89e3fea66dc61f4ae7e2bf2daae6be81e0d0ed67bbaaf56f,True
e75089f9d48ebbf72c1a0078ea344380081e9fbb7e01b1d529bb99a32c0743dd,HumanEval/81,Ab1-Raw,4d1eb1b521bfcc195db74715611061f1db04363a558ed02aaa2da5d361ef7bc8,True
80aea909aae7e9d4b9ad1d2cf38830cfe87b5ef78995eca4701e95be6ddf87d2,HumanEval/81,Ab1-H2,4d1eb1b521bfcc195db74715611061f1db04363a558ed02aaa2da5d361ef7bc8,True
74b9dd342d93cd236dbb4a0ee2a28b95ab78ef829c64718f74de7a519b2262ca,HumanEval/81,Ab2g-Raw,746bdade3a48cdadf462283a16bce2a103d3553648debab31d030ffe3fd5a888,True
647816afbd57786d9135cd9684a51e8310aa30d4a447a80f258a10a2e20107b0,HumanEval/81,Ab2g-H2,746bdade3a48cdadf462283a16bce2a103d3553648debab31d030ffe3fd5a888,True
41dfcfcb5069f93920dcae58d888257a898d49c111ecb2b8c881266b906d570c,HumanEval/82,Ab1-Raw,5e092722635bc9265682d68128a82bc8fabcffb44e7090e38f523d252add664e,True
5f71168c40750db12ae9c0b1f4c7778195e685cd25dc97e508ee20f080ed22e9,HumanEval/82,Ab1-H2,5e092722635bc9265682d68128a82bc8fabcffb44e7090e38f523d252add664e,True
22abd017e4a45db015b9006737e9bef40c86e53c3b77a6fe346ad745f3a081eb,HumanEval/82,Ab2g-Raw,d63eb53d582b39f2e581b0bcfac43bae19d13aaacf9a6cad54047ecfee9c3984,True
e94f2e912c53c8be895b20d7e2b229f8eaae43aa28bb8e31c251ce9eabb4be48,HumanEval/82,Ab2g-H2,d63eb53d582b39f2e581b0bcfac43bae19d13aaacf9a6cad54047ecfee9c3984,True
8861324b6ae10c8537f4b3acba933d973705e0498f2c3ec9d19e1538d507605f,HumanEval/83,Ab1-Raw,8b09a6cf093d84e770071b29ba6e7043ce32398ccfc7ec03b66574ff1266a4a7,True
9549466c8dce501c643626ee180aba63ffad1314f1651fedfb7276fa9c8fdb46,HumanEval/83,Ab1-H2,8b09a6cf093d84e770071b29ba6e7043ce32398ccfc7ec03b66574ff1266a4a7,True
1fe9baf3744a98325c3860307ddf58f751dc58d1db0955fb11d088200e10cdf6,HumanEval/83,Ab2g-Raw,6315e2fd090edc184d3877773b4981ee303d66d09c9a8a8d6326e73e5b28b2f3,True
de2fe1a4a8335510d158b80a87696b27842337ef21b7caebc7f3ac1448dec4ea,HumanEval/83,Ab2g-H2,6315e2fd090edc184d3877773b4981ee303d66d09c9a8a8d6326e73e5b28b2f3,True
3e4ee5211582bd78b410e7eba66378fa90e619bb6b74eaeb06a55c64ba46b0a5,HumanEval/84,Ab1-Raw,dc2bdc2201765a6db52a3eb6976e917885e088698ff2dd902602694d4729106c,True
f75d8a77495411a0ee8095eba743271197e5624e99b34776f63261ff3c35dae0,HumanEval/84,Ab1-H2,dc2bdc2201765a6db52a3eb6976e917885e088698ff2dd902602694d4729106c,True
1a627023de82aa7489a6b2daa0887aff3ad09a64f16826b5b08ed6431d8a7012,HumanEval/84,Ab2g-Raw,5aa37cd4451718219cba058feaaba3a6a2309a4b062db764e5baf591ee7e1f3a,True
b5ffce6b3dd76f0dd16d20330ba982d8c24c8f8a835a9855265a9b87a7c55370,HumanEval/84,Ab2g-H2,5aa37cd4451718219cba058feaaba3a6a2309a4b062db764e5baf591ee7e1f3a,True
efcc9082b481c8e73aacdc8499a3cc645ff70d24ca5069f2e3edd76bda9988aa,HumanEval/85,Ab1-Raw,81cf319a395454fbe2180321b87fb00b85d3a16c6ae73bbc8d4aa508910123f2,True
ef241aab4308b4f65c19e35844646f62842fe200917679b26e4c1b75cb4e2d03,HumanEval/85,Ab1-H2,81cf319a395454fbe2180321b87fb00b85d3a16c6ae73bbc8d4aa508910123f2,True
e6352fb9e89bc4a87fd60a41b87941981992844b5b9e9ce314ccebc93bbd35a4,HumanEval/85,Ab2g-Raw,2ef98fc28b4e10f51c25d55689aadde8cdd317b274bebc2ba86b48556d2d1d80,True
619ebab475c52673dcf41e8ffdb72e003945c2ccf14fbc0d22345a45317fd2f6,HumanEval/85,Ab2g-H2,2ef98fc28b4e10f51c25d55689aadde8cdd317b274bebc2ba86b48556d2d1d80,True
c9da969625d2ffc98f800dba949f29eabfd2b57c762b1dec0cd93e1f7a4284ce,HumanEval/86,Ab1-Raw,a49aae04dbc16b414a8921eff1b6474b7b7ae6d9eb5d2c74f57f8af939b6c0f5,True
a05efeeaae6b6bad05c4e55202425c7218138daa61f3dc23afb998170882e748,HumanEval/86,Ab1-H2,a49aae04dbc16b414a8921eff1b6474b7b7ae6d9eb5d2c74f57f8af939b6c0f5,True
7a016c27ad1754e25fcff43c076293aec4a71ec60cea81e79afbdd2eef626c1b,HumanEval/86,Ab2g-Raw,ac3ae8175c745ffd9f682a6a7dbe1cdaf2582e339497fce24136ef3415d6c251,True
562bc66175834b5a02a8f02e1336f95359f396846c408793f9de52d9bd241b09,HumanEval/86,Ab2g-H2,ac3ae8175c745ffd9f682a6a7dbe1cdaf2582e339497fce24136ef3415d6c251,True
2f422aff1d3da68ee32e8f6bfd0815129bd8284bdc08a2d06520c51aa67a4439,HumanEval/87,Ab1-Raw,00af38be32960de300944204f3746b2b7446e75cd2c1bda4279dc139aafcbc66,True
e6a5268caeb4891d138144c90e9c7ade70bd17263f4de0548cf2bc6039c1fc74,HumanEval/87,Ab1-H2,00af38be32960de300944204f3746b2b7446e75cd2c1bda4279dc139aafcbc66,True
3599e3ffba56ee89ff1c25cdf3a051db9d05a2ae206ec1ac00f061290964a256,HumanEval/87,Ab2g-Raw,90189c705c7b1c61447290b4dea4623f36122b50c5b1e6f52f27e93c2514d473,True
4d47729bef4caa1030bf08883907dbe2409fb38277c0ddb2b093e6675618dc2f,HumanEval/87,Ab2g-H2,90189c705c7b1c61447290b4dea4623f36122b50c5b1e6f52f27e93c2514d473,True
f19ee55c69f675b52d52a6b7a8fcda7c4d18c0c60e45b902af7f2307fad3a8e0,HumanEval/88,Ab1-Raw,63c9c63b0a19b88199f1bf1143d42ab8203fbeb5c1a152bd9b5afa575afd4f74,True
14fd7cbd8dfdf3d4c9906a88db109ac7cf1ac8b4a3df1ae0cc1455a5ae200806,HumanEval/88,Ab1-H2,63c9c63b0a19b88199f1bf1143d42ab8203fbeb5c1a152bd9b5afa575afd4f74,True
505274e1d761b47cf2d5182cad43361cdd169a1b15f316dfd2507fc9eab0088d,HumanEval/88,Ab2g-Raw,bea55fafbbf132a766125d82b90eac7d7cd6447a29fd3bc02a2d46f31703bdcb,True
fbed5208500c8e70eb59e9b44d2304ba7d34effb839b366ccc64eeea5efd0515,HumanEval/88,Ab2g-H2,bea55fafbbf132a766125d82b90eac7d7cd6447a29fd3bc02a2d46f31703bdcb,True
eeaaa535687d228099175b9aeeb9e00355b5dfcda6ae33f59131a9fed2384c15,HumanEval/89,Ab1-Raw,f3312b921dd8c8e6ab1850ff7a8c78e035bc1f91c9a99cb69ca0786c14dbd6f2,True
dfcd67c3d98d1aa8eb64e5b51f4f55718e38f725f77849879b37294473e502a3,HumanEval/89,Ab1-H2,f3312b921dd8c8e6ab1850ff7a8c78e035bc1f91c9a99cb69ca0786c14dbd6f2,True
bb4216b0967e3a07b04b375e59a469a435cd70cbd8a3e6a51dfc19c58d6fbb07,HumanEval/89,Ab2g-Raw,aca1d61db8adaf548033d9102e36c8a073fccd46144dd1a9eed7232b2265af0e,True
cac4e95c5b6b74a0471ce12f42be3d4625186534c7546e08711dc8d60ae8b188,HumanEval/89,Ab2g-H2,aca1d61db8adaf548033d9102e36c8a073fccd46144dd1a9eed7232b2265af0e,True
1b5db150c76fc0ac34f854e0ffffa610c0f1c7ab781d2f8d3f714b5be5c46b54,HumanEval/90,Ab1-Raw,2e526cab85d73627ace2b33cb1cc516afb6bfb55c5afcd1d4a04b8d73ca4aa82,True
759b69460d95b9be7eebdf6420d233403b30d49edd2d82f7b105b34a03c1a5f3,HumanEval/90,Ab1-H2,2e526cab85d73627ace2b33cb1cc516afb6bfb55c5afcd1d4a04b8d73ca4aa82,True
ed5f1e257b1cfb5f442a02154da43ba65e6ec9854a9dd5e07d77fc58a044fc91,HumanEval/90,Ab2g-Raw,6b0f6ec2e4c9b770f44b7a25fd63089a0ac56402f926e4b74891bef4b6cf040e,True
aef3f0e698b8eecd32b893abb7270fb4d9cc071d3947eafd143a69845ea2e107,HumanEval/90,Ab2g-H2,6b0f6ec2e4c9b770f44b7a25fd63089a0ac56402f926e4b74891bef4b6cf040e,True
aad54e07603d1cd9dc96e0da2db158a2b4107acca48fe02cfdac41f90d19dc5a,HumanEval/91,Ab1-Raw,db4918e58eab5999b7a2cf85f6c8fa12f551058cd8e0b8d38571350595ebcc36,True
70abf93921142b29b64cdc79dcaf80301dffcdb50855ad9f081b738e0955459c,HumanEval/91,Ab1-H2,db4918e58eab5999b7a2cf85f6c8fa12f551058cd8e0b8d38571350595ebcc36,True
874ad3a7a4ed28532ca1a0cdd7869d9e397e1ba21e7983a50a607eba1674492c,HumanEval/91,Ab2g-Raw,cc47da323864f6664bd3f0288e6cc17af87f05916d0730b897eb1cdda7e2aec8,True
124ac645f21f172d893d7b9715da6677c8fabe692184fd9068ee3b9478403528,HumanEval/91,Ab2g-H2,cc47da323864f6664bd3f0288e6cc17af87f05916d0730b897eb1cdda7e2aec8,True
86388984bd15fa98f95c8e0b8b9f6213c125f821c55f5450b76a21c6221bf5e5,HumanEval/92,Ab1-Raw,fae230ecca61997e5b4d0d4f36e1260e0a7ad17303b02ea700ee7c52f350b5e6,True
03941faec1b5c2f7843bf5ede147d4dadc6e8aa64a75d8bd7fda54cfc39b2469,HumanEval/92,Ab1-H2,fae230ecca61997e5b4d0d4f36e1260e0a7ad17303b02ea700ee7c52f350b5e6,True
257cf68e74d6802925946a64677beb1d7d6e7dfb0123401c7db4aa70d3f09ae4,HumanEval/92,Ab2g-Raw,e294da4fd666fbd48a3d8e2430d7cf141c0bc65ef4e4fb2c527e826eddc67a8c,True
e7ab377eff135aef90c386ca659a648ffab1b7614b3b9b4b31f81c6e7755727e,HumanEval/92,Ab2g-H2,e294da4fd666fbd48a3d8e2430d7cf141c0bc65ef4e4fb2c527e826eddc67a8c,True
f6dfe6a98104ef21bb0bb4fcebee8af323d966c5b7aa824a4bb7e11d74f6abe5,HumanEval/93,Ab1-Raw,a697d91ff5e216abaa5355865a38c9468a514ff1902ce18e310b6fa0f1527482,True
69114aca720819cd987884585b17caa6ac655c05a7168ddc3f51ce8f3d0d609b,HumanEval/93,Ab1-H2,a697d91ff5e216abaa5355865a38c9468a514ff1902ce18e310b6fa0f1527482,True
c173e50e87cebbd1a2055d220353d086876973fccbd4eacdda2246fce7c52ed0,HumanEval/93,Ab2g-Raw,c04c63f28658f2d365fa6bd77f79c21320fb73e913e3ff1d84ae4d700b9cf80a,True
25866070e3a37f701510a0aec89157806728dfc79a93df91749cae551fa1680f,HumanEval/93,Ab2g-H2,c04c63f28658f2d365fa6bd77f79c21320fb73e913e3ff1d84ae4d700b9cf80a,True
7fcb0788f852c51bf11e985da6b1e4276ee39a91fc3799dfee2240b9ea197f3e,HumanEval/94,Ab1-Raw,,False
37a1286ecc2ba441858de8d3fff02631939055c3038f9b35ff34613962914dfd,HumanEval/94,Ab1-H2,,False
4b1d7e0d6509f72943ecdf3d62add30054f54ff241ea983fff009b5350d10f03,HumanEval/94,Ab2g-Raw,a9c834fd47a6b59274e52314432736c77bfffcf76f6343deaf34d717a9841e88,True
0724da4c090bf9f917fa34bee40aeae99c3a3b5f9f245045e78b6bca180adf09,HumanEval/94,Ab2g-H2,a9c834fd47a6b59274e52314432736c77bfffcf76f6343deaf34d717a9841e88,True
817866ba6df527f19829b5532b957703b53f4a7214194c52cc931e3c68967c74,HumanEval/95,Ab1-Raw,96aa6cd1270c29db7bb6529c686a9dff83410cbc326448bc7509ad523b4a7af9,True
6e28e1c0c13be38327a207090184a3ead57b73a66a9fb9ef8c881c6a58b2c3c3,HumanEval/95,Ab1-H2,96aa6cd1270c29db7bb6529c686a9dff83410cbc326448bc7509ad523b4a7af9,True
b3f60c0b96c3d860c9090483eb6513d203841c7c49f4af24affa946a32a7413b,HumanEval/95,Ab2g-Raw,158a5216378e319134618aa2a1f0c3707e3c84e850c42d73082e1cb2fba058ee,True
faf297825496d8eccd00ae5977c5092e0bf5819649c7f4747877bfd797247325,HumanEval/95,Ab2g-H2,158a5216378e319134618aa2a1f0c3707e3c84e850c42d73082e1cb2fba058ee,True
ee9da2257b9c04c64d7762019430604069fc06fd46afd79dd802fba829820cb8,HumanEval/96,Ab1-Raw,7826a019876d21250379423893a46552865804d410fd46dd650561b23d122527,True
38e41d86140379fe8c29fb4fcf017c3b521f1a75aaf460908d0c355fcefbe9c6,HumanEval/96,Ab1-H2,7826a019876d21250379423893a46552865804d410fd46dd650561b23d122527,True
eae3ceca510410233bba5053fa0d44162c1c51ef6bbacb069ecf0c051b2e6428,HumanEval/96,Ab2g-Raw,622b76dd7823ddac46f02b43047d0ee4785b92eccd87d2b2152d5d41922f929f,True
55ce73f2f208624e75cc234113b74cf202a799715a97cd6b649317185aa0567a,HumanEval/96,Ab2g-H2,622b76dd7823ddac46f02b43047d0ee4785b92eccd87d2b2152d5d41922f929f,True
df2869957f57e5bb3af4cdafad94dee6ca273330313696caa1e9a4bc00877191,HumanEval/97,Ab1-Raw,415d43a15252a2353445fb8e565c0660222f92042cc0f7095c56b694ce16fa77,True
da5666cb7449d94d28f385faf786de74a45a6e6e8c6f761f53162216f23531ba,HumanEval/97,Ab1-H2,415d43a15252a2353445fb8e565c0660222f92042cc0f7095c56b694ce16fa77,True
7c6567e1e3486b2645d690222c0ab9c846de38ff198c04fad84f992ee06ad381,HumanEval/97,Ab2g-Raw,0ffa52868b5968804ee39aebc0181c32622da2b80ac67ca673507bdb39817fa3,True
d1dcac8a70cdcdd26ba21b4e55ebe88ff7640cfc63ca67fbbaf94ad166b20387,HumanEval/97,Ab2g-H2,0ffa52868b5968804ee39aebc0181c32622da2b80ac67ca673507bdb39817fa3,True
fdabe07404d06d82c32c81390c6c22899d6b89c889db75d3f6746d45234f62c9,HumanEval/98,Ab1-Raw,85c16c45331f69c42a0cf0eeb62cb5891615ede51a22092eb93894225890a105,True
541a807baf45e9ef9e7b2de3fec396fbd8361c2f2e0792265f8c16bf39586144,HumanEval/98,Ab1-H2,85c16c45331f69c42a0cf0eeb62cb5891615ede51a22092eb93894225890a105,True
96704b85851cb148284e286ff590c300111d827dabc35660951aaee9baa06e1d,HumanEval/98,Ab2g-Raw,f17507e4e0c2a907ef3340be5baf814b379ea613ae10a9cf4d9931ff117b4732,True
98ce95bb793773d08fc25308ff0517b3c604f41a02fd3f212a2de83b82f1c24d,HumanEval/98,Ab2g-H2,f17507e4e0c2a907ef3340be5baf814b379ea613ae10a9cf4d9931ff117b4732,True
4d27398ddb101fbc5ffd676c44749223f489540efa854246842479b8f2c1f2f0,HumanEval/99,Ab1-Raw,4729b9f8453eb4613d3f2634d2156b777cab0f5840042b1452c83cdf3f684184,True
76c1c22cf0be15cb7965194807b0348c03ad68a0bba6dbfa684e7780cb5899f3,HumanEval/99,Ab1-H2,4729b9f8453eb4613d3f2634d2156b777cab0f5840042b1452c83cdf3f684184,True
0f989409074ad22de446475aada61f3eca336c63e7d5552a4bf132b0f5e83b74,HumanEval/99,Ab2g-Raw,f576bb755aa65aab00b736d654b299cec44996295000922496e0abdcb726a4f3,True
cb5ac3150c3eae86d27bfb36a0c110c9486c3beedb8dda2aaf4447897a905594,HumanEval/99,Ab2g-H2,f576bb755aa65aab00b736d654b299cec44996295000922496e0abdcb726a4f3,True
523ffeceb75df41429df12c8126f1ecd2fa5cfc8b016667bc6fc542451137ca8,HumanEval/100,Ab1-Raw,12b01c849938cd4262e726c38b883dfe1e0e0d1164db8453caaad4eaba861b07,True
6f9e3ef63e65e98b584c9f1f9a8e6ea5a43f47d0ec630a25bf1a90e78590a7e4,HumanEval/100,Ab1-H2,12b01c849938cd4262e726c38b883dfe1e0e0d1164db8453caaad4eaba861b07,True
2e5ebb4a45e4d377f7e08578d1a687e987fee162d7b3bdf5c3ecf6d5ba93861b,HumanEval/100,Ab2g-Raw,81cdc07ae183c7b92f2f94e2de60bb8b7a831f6cfb3fe33ac810f2a849f4468e,True
9d0f81fefe98c116a9410d4a430aba28aa3668f2b0a9a567dbb9df1d288dd8d8,HumanEval/100,Ab2g-H2,81cdc07ae183c7b92f2f94e2de60bb8b7a831f6cfb3fe33ac810f2a849f4468e,True
03b8d79236eba9b68289995cfff9a1e940405960bca6cfd8eeddfa183fb29447,HumanEval/101,Ab1-Raw,4c4be9156738152151da9f3893d2927280237a287d2687fee5ac9489d871f81d,True
3572ef98684c3d880b7ee7a81897c85edd9691bb7c7080f3bcf388d92b085378,HumanEval/101,Ab1-H2,4c4be9156738152151da9f3893d2927280237a287d2687fee5ac9489d871f81d,True
1a25fc22a2a83222e7752ffd73511fab3c851f3d85d24620b89c69f2f906f8d0,HumanEval/101,Ab2g-Raw,16342b3ea824b3c820d4b414e33721e9b30c42a252d53a1e53dd9534e13905ac,True
0b43cfb756b607d551c334c8769863a234ec98672f4b0667932a3c32ae0ba1fe,HumanEval/101,Ab2g-H2,16342b3ea824b3c820d4b414e33721e9b30c42a252d53a1e53dd9534e13905ac,True
b304a03995e6acfc5eefc8785f2cc44bfca58420f3a1fc504b95a504c6b4c028,HumanEval/102,Ab1-Raw,aaa72f3a6bbd9e8537ac2e35e87ac8d29a063153a4620558e26d00de8742487a,True
886ee9d1fdfa005938f89c254778df61ddaa7fe7582bac74f87688f976215326,HumanEval/102,Ab1-H2,aaa72f3a6bbd9e8537ac2e35e87ac8d29a063153a4620558e26d00de8742487a,True
c2c4aefc6eeae810efca88b7d79ba0625980ada710d116b2aa2f1976847ffb50,HumanEval/102,Ab2g-Raw,f2ff8de246bfded7b4fea10537e9f05bc242ed8dae4ebeb7b72465f167151af1,True
84e932da189b2cd8f82ac40b7cea5e7f4a0b3fc043b7e674194ea3783fa56957,HumanEval/102,Ab2g-H2,f2ff8de246bfded7b4fea10537e9f05bc242ed8dae4ebeb7b72465f167151af1,True
a74de1295d229dae039a1101200291423a05c24eb2ba9e090fa19e6a6721a14e,HumanEval/103,Ab1-Raw,0cd6c3eef94fc3da6750ec54d3d0df69334885099c25722569556c8e1c8b2afa,True
4b5ae0120183a6f97a90d95e8ebc06c01381f3078154b037e867367a3d04b6c2,HumanEval/103,Ab1-H2,0cd6c3eef94fc3da6750ec54d3d0df69334885099c25722569556c8e1c8b2afa,True
3edb5ff57f651d3f94c016a7ffa46bc3444b51482cd41b3e4de8deaf257bfd3f,HumanEval/103,Ab2g-Raw,a1fa07a08b978bc5ae18876115d1b44ca03afda036c5e48d8b27db5f928968b0,True
ff28edf9f97af1a61a16c32021796e4a545a801e345f859f4e4a88632c52e2b7,HumanEval/103,Ab2g-H2,a1fa07a08b978bc5ae18876115d1b44ca03afda036c5e48d8b27db5f928968b0,True
f0bb4c33167d74b2b030aa142d68df3ea2a80de1a09e76e039cb2ab97b4f170c,HumanEval/104,Ab1-Raw,252781f7ea909320d976b64ef59dbd249f751011c23f9ee515ede5da497928ee,True
2bd7352dafe58250ceff31bef9bcec520382d0e02c07cbd580c4021334a86d44,HumanEval/104,Ab1-H2,252781f7ea909320d976b64ef59dbd249f751011c23f9ee515ede5da497928ee,True
0c80ba0373c96d78ec5f37801041d52fbad69a19ff06a2f548ece030a3c05e0f,HumanEval/104,Ab2g-Raw,0938e46d3bafb5e8bdb3ff82abbde3d81eeee34b528d676a7eca348de6de48d4,True
4de8d6589bf528692f4c40f137e6b5d29ccca6022bb3f018f8d002ffb91ad385,HumanEval/104,Ab2g-H2,0938e46d3bafb5e8bdb3ff82abbde3d81eeee34b528d676a7eca348de6de48d4,True
e25921bc8d62d6fb9d53753c3c0fbe89f6dc437bd243634c2e6a5e96230531b7,HumanEval/105,Ab1-Raw,29418561d391911dabcdb94af91f6d6372a5881e8d75845814fcff90321b856b,True
ed4b8f8d0853a3496d61c48b48dfb2561136d5ee2d601b5eae425198cc8edb7e,HumanEval/105,Ab1-H2,29418561d391911dabcdb94af91f6d6372a5881e8d75845814fcff90321b856b,True
c8e32bd5ea3883b09bf876ccb8de6efd328c69954a1f6d3ed03e822dbf325be3,HumanEval/105,Ab2g-Raw,c9369c46d4df02f29b27556ccd3a1b55e1a182c2cda0c81c02c64f6006d5a0ab,True
4c03b98af5841fce0b6ffa15a26de2145a96ab2d7406a15173a78be6450dccbe,HumanEval/105,Ab2g-H2,c9369c46d4df02f29b27556ccd3a1b55e1a182c2cda0c81c02c64f6006d5a0ab,True
074a445d7a750c5b8065c538a0ead138414f6bdd0d796b6d261e030adb204b0e,HumanEval/106,Ab1-Raw,eaaa2f4e6fecc0c04385fc710d3bd5afb81b1a0d4371c45399731e4de217c244,True
eaf6758bc47ad92e53fc08e54f44bd0f182da4cc48cbd56afac1980531e6e0a6,HumanEval/106,Ab1-H2,eaaa2f4e6fecc0c04385fc710d3bd5afb81b1a0d4371c45399731e4de217c244,True
9ac816a52d7345a59c7c63494ecbabdefd0697b13bf138745bcd6d00bed21dc6,HumanEval/106,Ab2g-Raw,6261685bff7026574ce6f452c6d94ef617e36a7bc6249fec4cfbf3a9ddd7b894,True
30d0cf248f91f2395a96a33d63872cfdd2952d6caacf8077af2e6ae6cf618714,HumanEval/106,Ab2g-H2,6261685bff7026574ce6f452c6d94ef617e36a7bc6249fec4cfbf3a9ddd7b894,True
2773507b9e26399df6dcaceabf9d25c661fcec45672041fe3bc0088f26decdec,HumanEval/107,Ab1-Raw,a608a52930ce56314a6c400fc73e1f284927bcabfdf21e988fe0172be2480505,True
b931816b81d378c493a53bdde8151b28d87ad7fe95900734d8b9e5fb27d45e93,HumanEval/107,Ab1-H2,a608a52930ce56314a6c400fc73e1f284927bcabfdf21e988fe0172be2480505,True
03dd72aa0af47a6e382aeff10218642a89037fa9da78326e8f7e265b19765bb2,HumanEval/107,Ab2g-Raw,5f121eeee29ff36a969e08c3493a0e22def24969391172a3f624e77c44388102,True
3a6dfb085f54ce58f5d040eb341778c5886211e031950b87a8c0d05369a89185,HumanEval/107,Ab2g-H2,5f121eeee29ff36a969e08c3493a0e22def24969391172a3f624e77c44388102,True
e2c5c7053ccec16515c225806394cf0efd56ead508d31af06dc3d19d5b87947c,HumanEval/108,Ab1-Raw,2d9484228f670eb250a53c4237ec381c415c803d14c33ac4ca6cb22e7cdc992b,True
36e7ca5808156462ef80da9493401e7ac00b53460a667ccaac17a291bed0889c,HumanEval/108,Ab1-H2,2d9484228f670eb250a53c4237ec381c415c803d14c33ac4ca6cb22e7cdc992b,True
e129ef21718eb4f0c1e41f442ecfdc6d2395418040eff60986cdb39d625ca251,HumanEval/108,Ab2g-Raw,399ec6d8cf44dfd4ec3d637ec3de0450e463b65fe9164c65e73ec12929e3f377,True
b87a59781095ed0217e2dccdd602d292a24b5fed0970a1a5e381fab047221625,HumanEval/108,Ab2g-H2,399ec6d8cf44dfd4ec3d637ec3de0450e463b65fe9164c65e73ec12929e3f377,True
c68eeadff5fea1953e209cc292d25152f2a8affe07f51e28c640d16c4584719f,HumanEval/109,Ab1-Raw,b7247b920a8fe14c3a59f03fecac47df458a4338ca842eae34ad4be961b35ef6,True
1ae897e42a35cba66e8099e0522bd4e6e05fe8f809d2c3564df692e562484a85,HumanEval/109,Ab1-H2,b7247b920a8fe14c3a59f03fecac47df458a4338ca842eae34ad4be961b35ef6,True
ce8ed78fff52628dfb3ec3679064f2ef5376d3c7e8e89f25849530b8e427fb7f,HumanEval/109,Ab2g-Raw,13130924f8d0195255d6d9d0e460b5d20fb5bf352c7601c9a431823a94dc7b10,True
594285946f363ba433152cd04c407abb30266d5335e76de0ca3ef94720645d94,HumanEval/109,Ab2g-H2,13130924f8d0195255d6d9d0e460b5d20fb5bf352c7601c9a431823a94dc7b10,True
c415d9dce9760779ab422aa31d85c9a1d4de93f709c27e0890208d88f2a09331,HumanEval/110,Ab1-Raw,,False
f67e4879ba8d772f1c9c4e89ffa0e3cf77334fee1e6d4ecd94c768f32bd30022,HumanEval/110,Ab1-H2,,False
448106cc1848795f4f5ce7a2222eb36ecc3d891c9a6ca1485e264acca4c88133,HumanEval/110,Ab2g-Raw,1813884ec4a417e6f9fe0bf3da779f896aa88df06a80685367001fe314fd00e0,True
acb80d8e58aba860b9bffe323157cb689c7e72e7020910aef0c87d3a74058a4c,HumanEval/110,Ab2g-H2,1813884ec4a417e6f9fe0bf3da779f896aa88df06a80685367001fe314fd00e0,True
c2dedca53cebbb7f0d7bc9ec9d2a6959c244341fafdd55af85bbf9f653c0bf32,HumanEval/111,Ab1-Raw,9c00984b70a51bd07059f90987b8b84b63ded279373b5215a390ae24d7e5772b,True
7151b1747694422e6aac818427a3d5381f90b763c650f0a07d541fda9e875c10,HumanEval/111,Ab1-H2,9c00984b70a51bd07059f90987b8b84b63ded279373b5215a390ae24d7e5772b,True
46b4bb57042aaaad1b61639a18ea3e8c983ed5176f05e43edda01e1ac9257515,HumanEval/111,Ab2g-Raw,0f3701e97618bde5a23eb6d6b8ea3fbd63faf318a7c1ee62d4798984b2364731,True
bb19f934269824a5581da8436228bf1a7ebf209b09e5cb1836fe8c13091b6349,HumanEval/111,Ab2g-H2,0f3701e97618bde5a23eb6d6b8ea3fbd63faf318a7c1ee62d4798984b2364731,True
d55751d004486a59650aa05b9302d9ab539a1b8c0cb1be978880de481004a2b4,HumanEval/112,Ab1-Raw,8b473b9b3027854f2af5edc5e1e4a69155776a292529dcf7b2c9c9413120d3e8,True
b58437d3cc1f82b7c8271206c336ebc867bcd7b9331faeb7a4d1274dc4fc6584,HumanEval/112,Ab1-H2,8b473b9b3027854f2af5edc5e1e4a69155776a292529dcf7b2c9c9413120d3e8,True
a1d059d1c70003adda8c17db66308304ca17d949fd5870de06e120125fd40600,HumanEval/112,Ab2g-Raw,92e52b69892303dceb76ddaa2054c1d513313ac80f118d617f1693814f736340,True
c459625a63fcb1d23871b9d9697a38c36662fb3bad0a455c4a705740ea243feb,HumanEval/112,Ab2g-H2,92e52b69892303dceb76ddaa2054c1d513313ac80f118d617f1693814f736340,True
09ccfb9831bc8e59cf39aec6760cfebc69f2ff4e0b52f06a39fa438cf5013181,HumanEval/113,Ab1-Raw,4c6c130b061f1fb3a383c2df0899512627f2735064ca88314908a560dfb455b2,True
1b0f3e7fcae5da1626449c51693569a39b80cc324abb0828b5115615d383d0ad,HumanEval/113,Ab1-H2,4c6c130b061f1fb3a383c2df0899512627f2735064ca88314908a560dfb455b2,True
26abf5d2e5dcade26fe96159bd234c363650509faae47bdf1b21396ea8cea172,HumanEval/113,Ab2g-Raw,e47552657aab6f72672955ee815449b3b983b7fd3c18f74e90b976d4a0e37d3d,True
eb907c6d67385ca54fb0bc4e5568068313989dcae1a231edaa1e76a3d7a7f575,HumanEval/113,Ab2g-H2,e47552657aab6f72672955ee815449b3b983b7fd3c18f74e90b976d4a0e37d3d,True
df8285278ba498c5c8ab3724844d65d0e707b99b54b51275d2b655b7323f0c11,HumanEval/114,Ab1-Raw,5ed834ed5d1c1a22f0c412293928d10cce5bf827832abd6a8715b1c159279fd4,True
418c2d725e6cc00ddd45ce281e69c8d3e3fcc56669d12f428fa39c77492dc576,HumanEval/114,Ab1-H2,5ed834ed5d1c1a22f0c412293928d10cce5bf827832abd6a8715b1c159279fd4,True
f230085689604dc4b8981d4af0906c9ff0c805d89107e2f3195b0a06d6b7b8d4,HumanEval/114,Ab2g-Raw,c8fda05ec76038d02ed1b67c7718a6b2c3e31369b2510311fed5bd684c0e2af7,True
2b32ee7b10d79f620ec9688a0baf23e05ed0ab7fcbd03ddaadfd2a83977dcdbe,HumanEval/114,Ab2g-H2,c8fda05ec76038d02ed1b67c7718a6b2c3e31369b2510311fed5bd684c0e2af7,True
eae393baa34dc72695662b7e3a87e049c6300afe96e9e9ddaaa6366315334ed5,HumanEval/115,Ab1-Raw,148452ca5cd2a20531cf7a1dd30cb9bec64b3e332a35adadf478ed38ffa2c669,True
7d53792f0c3ef9956547c160ff6b81e04cc0359693bfa758f5f6f7d86cf78dbb,HumanEval/115,Ab1-H2,148452ca5cd2a20531cf7a1dd30cb9bec64b3e332a35adadf478ed38ffa2c669,True
6e3114d5b9aaa706a2f4b5b15808e232c065355b31d45cf3c5f6b7ebd46c7256,HumanEval/115,Ab2g-Raw,e681fa13cd58f54d0e9d3c476c99267f3931cda71f90d103dc94b95a11caf3b1,True
c4effa2d944dcec03d2939198ea0b8aafa85067212c13e1c2a3144bf7c91a514,HumanEval/115,Ab2g-H2,e681fa13cd58f54d0e9d3c476c99267f3931cda71f90d103dc94b95a11caf3b1,True
b792d9888fb9de74b34cac2440ccecbdfeeeacf39abd5d0bb25bfddee951abf5,HumanEval/116,Ab1-Raw,a53dd7463ba595698cf6f1320584541a7d2a2013fd656201f4c81b63f140a07b,True
f2bd065d0a86400560ad7cf80a44db6d9a60d1e6fc1cd82e1e49a5d933fa0dbd,HumanEval/116,Ab1-H2,a53dd7463ba595698cf6f1320584541a7d2a2013fd656201f4c81b63f140a07b,True
253d81f8b5edd359428480a69cc53825d7f2b06b443827617f463ef75f6429d5,HumanEval/116,Ab2g-Raw,2afe288fe408198d74e9d2f9946d2b6d6f76cda89cf235d1435491a6691942b8,True
fe95c4809066244e877c4469825d1afb70ab2c2dc78c1ff8f7be75c7388fc96f,HumanEval/116,Ab2g-H2,2afe288fe408198d74e9d2f9946d2b6d6f76cda89cf235d1435491a6691942b8,True
be92bf4e659236913ae91bae07e3dabb46f87468f4d7e6f98c5c8733425d79b6,HumanEval/117,Ab1-Raw,98052cdc940a6a4eb7735d9fba00200ba85a3992efe9337dbfc2eb957a2fc637,True
c03df2c42c21d541adaaef7db62bba3e0c78d912d75fc2f6c56b0710857935d1,HumanEval/117,Ab1-H2,98052cdc940a6a4eb7735d9fba00200ba85a3992efe9337dbfc2eb957a2fc637,True
367a7ae5a849c36035c1520ff7094f1166a6212187a0ec16c3085573faa1b924,HumanEval/117,Ab2g-Raw,9207b52d03871a5d67d1d61514574c4f0f5a9596d2f8cc896f5ad9396da71302,True
735242836b8d8915dab82d5c5b20ee1b559f107dda218b462f70ba7cefd89f11,HumanEval/117,Ab2g-H2,9207b52d03871a5d67d1d61514574c4f0f5a9596d2f8cc896f5ad9396da71302,True
0c13f020ec193c5a53e3f02a67ea76259c65c17d4cd997ddc095e9a70bd227af,HumanEval/118,Ab1-Raw,c282d9d3be446ae9c59f1153c4f2fee510f137090253767c362e1be41fc0264f,True
60b21c611dc1eae854f2983e1b4b9b0190a8f18e46d173f07b905a7999811a7b,HumanEval/118,Ab1-H2,c282d9d3be446ae9c59f1153c4f2fee510f137090253767c362e1be41fc0264f,True
3182bbf2a5f69fbf54f85fc88e96caba1d217bc1c5989bf73d0cd3e5417c6012,HumanEval/118,Ab2g-Raw,7d50e1c380fc8f67475f00e2a2b7ea97e0a5531b707383e532cd783cbaabd456,True
b703d963c1cfabb00d557e877a6fd7f8ec68a56a72c021160567507c4d9c1380,HumanEval/118,Ab2g-H2,7d50e1c380fc8f67475f00e2a2b7ea97e0a5531b707383e532cd783cbaabd456,True
5e9cffba5860b3c6ffd2253b84b5aafb4caca5eb35c930e135f2557545c360c7,HumanEval/119,Ab1-Raw,d4559669bb0c99455a8fa2e622e60b7a9e60eedb90be1b48ac7f483575e7f62c,True
d4f0fa38f4c4651d1f3d50a17bd8254def656d6683c1b947c9f1475b65b5d21c,HumanEval/119,Ab1-H2,d4559669bb0c99455a8fa2e622e60b7a9e60eedb90be1b48ac7f483575e7f62c,True
2a3e782018faf77076999ee21e74e9e9f126fac93dbc2c5dbccb7a4ff0763141,HumanEval/119,Ab2g-Raw,27b2b64d84566f591e9dffd718c27f8548f681edbf97741224187653c6ec546c,True
4c1e859286d8be79c9f7af81e58bfa9f283d8a4ecd3ce7b82de92804be746e44,HumanEval/119,Ab2g-H2,27b2b64d84566f591e9dffd718c27f8548f681edbf97741224187653c6ec546c,True
3584d0a83ffbd95220832fece2c156ec2a80b2b125a030c683499cfd9d922f21,HumanEval/120,Ab1-Raw,03e46b5d7234c03d4b0dc7354287007603e4d3dbd5b2d862e8eab27374d62818,True
e3c513ca92b22be07ff7c0018a5a7bea6b6d09449d5853d7f18963f0ca0de8aa,HumanEval/120,Ab1-H2,03e46b5d7234c03d4b0dc7354287007603e4d3dbd5b2d862e8eab27374d62818,True
6e1e15732ff265a044aa8ffe438ac4e054838696d8cea27a651f0658f27797cf,HumanEval/120,Ab2g-Raw,c14e1ede0a59b60b6b2aed9ce372f6b8baf67f347d5447ef69a871ea265849e5,True
280b39bec5bc48238593160272afc515e6b9061ee0bbe34fd966c04e8133bf1e,HumanEval/120,Ab2g-H2,c14e1ede0a59b60b6b2aed9ce372f6b8baf67f347d5447ef69a871ea265849e5,True
28c12e58c560be14219e4abebb4fed968a2fbfa4c004833a184f2950474ae837,HumanEval/121,Ab1-Raw,27e0b0ff0eaa99c63ccbec7cf35f5004e05a2c58a18ac1c523e933b78283fef4,True
888ea57a9dbd4ff79eeddceed06164217e73010b029c28e8b53063adbe7e35a2,HumanEval/121,Ab1-H2,27e0b0ff0eaa99c63ccbec7cf35f5004e05a2c58a18ac1c523e933b78283fef4,True
d73684da7cc319bde9bfd8f138b166dd326025bf376eeaf0e3878b5d94c77060,HumanEval/121,Ab2g-Raw,5361317d5a9ec60ed8445e3b4f9606c3c8c9f8a60818c77b75080f7d02633aba,True
9ac9ec6375addda37c41759100bab0180c5a199098eb0c0a1bd1524adeeb7012,HumanEval/121,Ab2g-H2,5361317d5a9ec60ed8445e3b4f9606c3c8c9f8a60818c77b75080f7d02633aba,True
9bcee992758e7437c13275c3c18da4c563891da0bb735e7f46a821f7b1eefd7e,HumanEval/122,Ab1-Raw,8a3eb1d24f6dc0caa302dd854a9b8057050a806c9abfd6a3ba712a488f0e0fe3,True
468c1ccb3a740d9c1488b2b5a653aa95420499267e116cb0f965896bab4efda2,HumanEval/122,Ab1-H2,8a3eb1d24f6dc0caa302dd854a9b8057050a806c9abfd6a3ba712a488f0e0fe3,True
5f491934d5a277d1055020631ebd729e0d4099679e5ad594ee778a93639d9f52,HumanEval/122,Ab2g-Raw,dacc3e9e3cfdee47c4fc924cfe93c35fe0640b3ed16c8efc20803ce069cdafa5,True
4369ea389b693158f51ecded8c5ba0a5302df092942ac7fa130b4a6395172b60,HumanEval/122,Ab2g-H2,dacc3e9e3cfdee47c4fc924cfe93c35fe0640b3ed16c8efc20803ce069cdafa5,True
14fd3cc7521a8bc9f8d4e694e47c1c01bacd68a9cd6c24531567acfd7effab56,HumanEval/123,Ab1-Raw,afa0dd4218484331bd35b5de281c54973618d05e76e2294728a18f013a05acc4,True
197ac704eed567149ac3a4bb1dc0e6a20ef28e45ffd9209dfccf1570a2796a34,HumanEval/123,Ab1-H2,afa0dd4218484331bd35b5de281c54973618d05e76e2294728a18f013a05acc4,True
8a3582d712a7a6be83faed9bffd596946cec477a975c5729b325ff2cbf75d852,HumanEval/123,Ab2g-Raw,a764d73f3f0d5d71e2ef30ed86af68406887f7cc6c5b1040650cd349cc9e734c,True
c5311f0c641c7ca7778dc555635f588a15024cc536af32c51c09a599765576bf,HumanEval/123,Ab2g-H2,a764d73f3f0d5d71e2ef30ed86af68406887f7cc6c5b1040650cd349cc9e734c,True
d55418cbaa03863df6f4ee4368e06e8e32f01f3b2f7dd5fed76c13aba98b47e5,HumanEval/124,Ab1-Raw,65258225e3807cab1a8d21f37fe0fd8e848ac2ed659bdba6fc6890bfc7459ea8,True
760d38b687cb378052d008b67cda4dd8db8058c6471e0084796de6739cd9a122,HumanEval/124,Ab1-H2,65258225e3807cab1a8d21f37fe0fd8e848ac2ed659bdba6fc6890bfc7459ea8,True
9ae93ffb09c07d4e398ddb60e8f5d55df084a783ac84d680b472c5d6b8bf7a5b,HumanEval/124,Ab2g-Raw,16e609a9f6c23de298d3c29d385e4e7a6d6cf7d245abbda52487eeda282e98c9,True
cda00af53ed705448e1730ff7409449d3cad44d20b593f848f15b84e8c718962,HumanEval/124,Ab2g-H2,16e609a9f6c23de298d3c29d385e4e7a6d6cf7d245abbda52487eeda282e98c9,True
9774a0acac83733cb1d864da1b36294726ed9d2a4f9be7163d0b9e176ce8bef7,HumanEval/125,Ab1-Raw,9edb7335bb57c5b81a8ff843a77842db27745b86107a2ce82004e7c883b8529c,True
f71d0ee514017ad4d2ee3eab09e2464ed11cb6eb2e804e15657a3646bdf24c8f,HumanEval/125,Ab1-H2,9edb7335bb57c5b81a8ff843a77842db27745b86107a2ce82004e7c883b8529c,True
789a14356398601c28eeb093ab8603eda90622597b29e69020c9a6698db523b8,HumanEval/125,Ab2g-Raw,d22e0db14b5ecb2d2f6bb814e80444863aea0cf2f68b095c42500ca1af367b98,True
a9339a1c62171dc2013eb2497f4204bf18b227397f3a765fc0584e8c32aa3953,HumanEval/125,Ab2g-H2,d22e0db14b5ecb2d2f6bb814e80444863aea0cf2f68b095c42500ca1af367b98,True
4e14d78abcc610206cd8c583271ee21e8a435fbb6607d8a2ff413c5f7ee70d28,HumanEval/126,Ab1-Raw,a098fb14a6e42b55e6290141c34746ae5bd3c2bbaeeeedfd981182df710630a0,True
56872d7d73e7535f192da6c6d26bbad3222713af0495ebe2438c6936f9ab1d2a,HumanEval/126,Ab1-H2,a098fb14a6e42b55e6290141c34746ae5bd3c2bbaeeeedfd981182df710630a0,True
f6d16844cc337dc8195e25e3a0b804aadd6e5b87e5bef5de7dbab71e44a58f53,HumanEval/126,Ab2g-Raw,94cca923eab981ad8172939d94fd1220147d88e5c600986083132cdb3acbc616,True
5c17d639c9e711ff40378855e7a249817c8a93167401a34b0a1992f8982d3226,HumanEval/126,Ab2g-H2,94cca923eab981ad8172939d94fd1220147d88e5c600986083132cdb3acbc616,True
87680cba77d80217e07d3c2f6a5ccb44cf90a06f717e15a8d0ea8fb07bde3958,HumanEval/127,Ab1-Raw,28605552921a5fde81119fdb2aa8f70caaf3d91ce7a6688c5cc09abe663e2e54,True
b0df8f8577d59e8dbcaf3f3c23397b191556dd60d308c9840add8d224a03bee9,HumanEval/127,Ab1-H2,28605552921a5fde81119fdb2aa8f70caaf3d91ce7a6688c5cc09abe663e2e54,True
98426414f5271085300ab58d0e66ec955948cf9a60cb6138ce55e25af9e8d693,HumanEval/127,Ab2g-Raw,7aebef68d89f0ba5cf408693897203f50f528bbd0e5df6681677a8f594d0aaee,True
1119fd8aad7e6a0877e74ed60c56e60bda1c11cdf4362f93380223db6d724f0a,HumanEval/127,Ab2g-H2,7aebef68d89f0ba5cf408693897203f50f528bbd0e5df6681677a8f594d0aaee,True
f86b9a971e380ff2d4dc76b638fea460dd57f6ef599763a06fd011519d356efe,HumanEval/128,Ab1-Raw,4edf0cd9b0f042c2e41bec25b96a454ed29b1b56ec51265e7aae7344c53562ac,True
c44c4054279d59fda85dd1323d9ab39a7d6c2bd495b18d91f21f7be6651fd68b,HumanEval/128,Ab1-H2,4edf0cd9b0f042c2e41bec25b96a454ed29b1b56ec51265e7aae7344c53562ac,True
8a9755e19484f9c74b6688af59ff64ee6db727d3e2f313b38726895e5a0a856e,HumanEval/128,Ab2g-Raw,383174b89d5f571c4a9078cb3bd0f20fb28eea9852a6069006c6e052c5c7e9d4,True
dc01e6fb000056ab1f144aea131f817cd209a54afd793f97bd6cfca5b2296267,HumanEval/128,Ab2g-H2,383174b89d5f571c4a9078cb3bd0f20fb28eea9852a6069006c6e052c5c7e9d4,True
cb5156dfbd67f474cbb08f0ab744ada75a6d7a689e727f8176a3b1001faf6c72,HumanEval/129,Ab1-Raw,f3322e2497a9050244d89d0cf8508376f8d8de7d3faf90fa604b1027bfdb3ecb,True
f2a8ec2bd42a8f5575d95d87faf7e62ea0325adc72f2f5538a85698570d533b7,HumanEval/129,Ab1-H2,f3322e2497a9050244d89d0cf8508376f8d8de7d3faf90fa604b1027bfdb3ecb,True
23358372c6754036e87be606daff911a5d8e901f5f26e0ad70548fab37ac8ac5,HumanEval/129,Ab2g-Raw,6ed5f9d9a420283c0d013f8c0ce464f1b4c4fa3d104e9f46e564740a8d9e7faa,True
05d62eaf03fc6b53ced43a753e9279938d7d92e58aadb4ace580e1420cb9f8ec,HumanEval/129,Ab2g-H2,6ed5f9d9a420283c0d013f8c0ce464f1b4c4fa3d104e9f46e564740a8d9e7faa,True
9d4819b81227185fc6afff15d6af50b7087df1e06038ce7649e54f9467045117,HumanEval/130,Ab1-Raw,7bca78d5222ad9b3dbeabeb6aa9a11435487ad453adc380f67bb3e90f4e2d453,True
04c233e592bb9341d5ea912dfccf55799bf5390be36d2b1ed475c3dd6fe45ef0,HumanEval/130,Ab1-H2,7bca78d5222ad9b3dbeabeb6aa9a11435487ad453adc380f67bb3e90f4e2d453,True
a45141416fb603772a71b840b92d5331449991724627c569b7bd8ce53242adfa,HumanEval/130,Ab2g-Raw,923de860d33a99b40a5d503afb6bb5c87bb48a173b0fe1e891815d6c58896997,True
3c36e787305369b6b80b00a7b71edc20c0594981b89c7fd05bd4b5a0b79a38f6,HumanEval/130,Ab2g-H2,923de860d33a99b40a5d503afb6bb5c87bb48a173b0fe1e891815d6c58896997,True
431b0abfc209ae1c8141cd96af01ef883b88041af89dac787f8d03fab6c6b782,HumanEval/131,Ab1-Raw,77c67d2e6c7146ab24fb3efda5a268136bba13f1ca5448259a7ecc39c55c1c17,True
131556ea8af4d317a26d759a3bfe57a1deb0651206bf54026754207ad747a412,HumanEval/131,Ab1-H2,77c67d2e6c7146ab24fb3efda5a268136bba13f1ca5448259a7ecc39c55c1c17,True
e61ece947002ac48910bc01ee2af106bd3f15f5a9ec77a45fc14cee2fb55f14d,HumanEval/131,Ab2g-Raw,c975af8535a95540c9ade27872ba7da6422d6423292734cf3078d448c426605a,True
f7755dde1c4362cba8e89d149590a1c411c8f600cce911e1778a2dedd4b5de4f,HumanEval/131,Ab2g-H2,c975af8535a95540c9ade27872ba7da6422d6423292734cf3078d448c426605a,True
2fd93bef434862e13caa9a986e0143b9697c9721260431f2b6e2ab806dd00014,HumanEval/132,Ab1-Raw,028f72f2f788d6d1e50c5fc2bb352b447e9d21544a411ec76d1e2ecdd927e7dd,True
abd78d31a0a60993e09da01506a74d56705841be0d35f23f8d055b8fd385a544,HumanEval/132,Ab1-H2,028f72f2f788d6d1e50c5fc2bb352b447e9d21544a411ec76d1e2ecdd927e7dd,True
605c1ad9eba13c30bb098d8864910f1509f224eb7c58e40f66731708207880a0,HumanEval/132,Ab2g-Raw,5510eacb6a27aeadb93a39a52ad00bdfc3d28a571ca33ef6a7fb2a2e07781bca,True
16e73c4275160ba7b2236b6826f5537c9a26777dc90cc841b54522f4cda8f8de,HumanEval/132,Ab2g-H2,5510eacb6a27aeadb93a39a52ad00bdfc3d28a571ca33ef6a7fb2a2e07781bca,True
50096b3b9fd53bfff0424ed906c9f5e53ae10be3efc4710da7b6c77210f1c4e9,HumanEval/133,Ab1-Raw,2f4398abc2e1e7b9b4ab5f4153a234d27d618949774897e76094a1690d7aae27,True
ec526915ca06ad74f95718bbbe5efdcc37906d3adf1167249b1d908058f0b9a9,HumanEval/133,Ab1-H2,2f4398abc2e1e7b9b4ab5f4153a234d27d618949774897e76094a1690d7aae27,True
2d53e951bc258f6cd270dd5b8526889b407da643d201c107e79c563d42f5944b,HumanEval/133,Ab2g-Raw,94c29a6257bb9ce8ef86ff8010321866543ad84ed9e2ae11d10743d4ef432e74,True
db896f6f52b127300575bf1cc25556e08613e3cec6c5f675f681d08db215bb0d,HumanEval/133,Ab2g-H2,94c29a6257bb9ce8ef86ff8010321866543ad84ed9e2ae11d10743d4ef432e74,True
fbda1994fc68c44acd16dd1a29742c056734101492ec31c003cf3853d8d03069,HumanEval/134,Ab1-Raw,b9adb9de16a561e196f807c1a4d4967bc7c1e6c911f4ecbe51c4e6a26d0d7a12,True
f85afc22ea2db3f8319d1ac0df6d540b473e341e902defad71f67d29f15d18f6,HumanEval/134,Ab1-H2,b9adb9de16a561e196f807c1a4d4967bc7c1e6c911f4ecbe51c4e6a26d0d7a12,True
0361825ac4aa01292f1160b1306a016cca55abaa2ecdd07cb6c34dd0e7ba9d4b,HumanEval/134,Ab2g-Raw,ebd7f83bb425770b5b7bcb769e83ff1f9a35b7504998d2987636315447234ce1,True
135bf574b7d5222c59ba23143db89144881351b4c47f59b563f37cc85ee127c0,HumanEval/134,Ab2g-H2,ebd7f83bb425770b5b7bcb769e83ff1f9a35b7504998d2987636315447234ce1,True
d56c9c5fb21dd988851edd22cb4c426fe22927ca2486786d1129decc892ac44e,HumanEval/135,Ab1-Raw,f70d4dbee37a189a11000080f50c0b7a2607bb6241bae24444a79d64a2d9c8e7,True
61d51c36b609268b0714f3d3a6b3be2bb9cecabb86eab12a4633efcc48e1f03e,HumanEval/135,Ab1-H2,f70d4dbee37a189a11000080f50c0b7a2607bb6241bae24444a79d64a2d9c8e7,True
65a59deea3522a32ef2579363c30450c09665dec8df900bf1543f3d8be839d58,HumanEval/135,Ab2g-Raw,b22376b73a3ab3f0f8aff011844fcb5254bf567cf29e8bf6d5a74a9ac4645d5c,True
d9af2b296115088d595b5a5fd8417147cf3107547721e305299208d266b98518,HumanEval/135,Ab2g-H2,b22376b73a3ab3f0f8aff011844fcb5254bf567cf29e8bf6d5a74a9ac4645d5c,True
77da34a4d6cd5d74b7d965f03a4103da5adb3b2a8bb92dc2fcd4d581e30afe5c,HumanEval/136,Ab1-Raw,b5635de7284fceccf528cbccbd7e195e3fbd6379c437efaac833304d8bdc84f6,True
f5d3af7b59a61d283ad93cbdf5d1dfd353604c71b31de4c34a143210ca3abc53,HumanEval/136,Ab1-H2,b5635de7284fceccf528cbccbd7e195e3fbd6379c437efaac833304d8bdc84f6,True
4889364b9f901f7ec2b164eb51c078ff8df4ef35f56369f4d0d54cdde50a6171,HumanEval/136,Ab2g-Raw,9e8422e0963b1ce9c39566fdf5784a413d25c6ae768e3b1c77de98400fd32073,True
527c91408f6a0d12b645a672b1e2a927a7bbf2363794f595cc7f119fc1103b09,HumanEval/136,Ab2g-H2,9e8422e0963b1ce9c39566fdf5784a413d25c6ae768e3b1c77de98400fd32073,True
8034e2f701f4031c3700cf608a4153710cf4eb2181aab1d72ccfbc8d2bffe0f3,HumanEval/137,Ab1-Raw,87c925564401b4248c3079352408d935818b488b4476ac752ebef808348659cb,True
264fd059419732e7fd65541803f10a93afc25361f6da9aa59da39d2fdc0e0c3c,HumanEval/137,Ab1-H2,87c925564401b4248c3079352408d935818b488b4476ac752ebef808348659cb,True
061530060347386c0b2c6ee53b78d65f787c48685d3c5f4e29ffc869adcc9fb4,HumanEval/137,Ab2g-Raw,e9823b465b736eee4e70c772b3580a7092720a4d1287232ab517d278d607e690,True
d8f4919cf32c3ac3985c1e8f503aaf1623265a1fe0d4f83731bcb79bbdfe3f2c,HumanEval/137,Ab2g-H2,e9823b465b736eee4e70c772b3580a7092720a4d1287232ab517d278d607e690,True
5f97a8e16a170e6ef7285f2a4dd4f45ae42424743ad32a94962759dd73f64597,HumanEval/138,Ab1-Raw,,False
4d1891d29d19bdb4b2841d757afc42ef970080bab028bf630735bed31f74ff79,HumanEval/138,Ab1-H2,,False
8ddadd254de74742177a04160ebc77109020b3b67486795d3fc5789042c72637,HumanEval/138,Ab2g-Raw,da7efb40a3ad936ec0261478728fa7ab30d1524dcf91b46b7e8f1bf13933e925,True
8fc282e8dc9c08fa0aee1577965653a220a598bcfef43320a7641cf999ea748b,HumanEval/138,Ab2g-H2,da7efb40a3ad936ec0261478728fa7ab30d1524dcf91b46b7e8f1bf13933e925,True
b252cd9e0afad6c59d91d543d2393e9674d642d8fead53ff139b7b41bf9270eb,HumanEval/139,Ab1-Raw,e518ffd72a63d9ab7ad71b2a5a71caef7d9d4df9e1ebf11a594ae7eedb290b0d,True
0a3bb5f9db0848b1f508931e2dff7aeab6d67a318e78f8741269e5dfbffe2453,HumanEval/139,Ab1-H2,e518ffd72a63d9ab7ad71b2a5a71caef7d9d4df9e1ebf11a594ae7eedb290b0d,True
c4dec6253f173ced002aab66893b970891fa3514e84c7ce64191d2547eb01dbb,HumanEval/139,Ab2g-Raw,30b29d9888cb79fd0d1780a19fe8ce2c1c60636898135780ac5a28dc7410b974,True
50febbabfa62a011f9d2501ab5be5b6723ee10b0a74ee60a4e13203d14fc7109,HumanEval/139,Ab2g-H2,30b29d9888cb79fd0d1780a19fe8ce2c1c60636898135780ac5a28dc7410b974,True
4ef3998be7cf7d7cb5f062e269458b394b206249afcd036324ca2af1e84b6d8d,HumanEval/140,Ab1-Raw,8d393f588ff47636db551e92089ed911f177455b87f0ce2e4b0e6166560fcae7,True
c32e4bfadf3cf488ace33da82b0b3a828132fbc77e2703b418a329884550427b,HumanEval/140,Ab1-H2,8d393f588ff47636db551e92089ed911f177455b87f0ce2e4b0e6166560fcae7,True
e268e425b8564c6bf2ed505ade34c72f890c1faa5e04837b42cca8577b36a926,HumanEval/140,Ab2g-Raw,b213720e2101ab2c7853473664d922022dd98ea4d2a5f295444561255af72861,True
4dbcfb8c45b56c230aea9df2f9fc48e80e5e023bd05c21e0cc6754f7269da457,HumanEval/140,Ab2g-H2,b213720e2101ab2c7853473664d922022dd98ea4d2a5f295444561255af72861,True
0bb3f0b38a75548dfaf0b00c7ad16c6eeeeac79c557503843d14bbdb413f98ab,HumanEval/141,Ab1-Raw,0224bdb105bed8f4d95604ee617cf9dc79895b96243a7a19b8d7da4f88f6f860,True
d68c2b2ddffa01e33e6edd2473eb04a7eeebf2979b9a117deff3b84eea8f58d3,HumanEval/141,Ab1-H2,0224bdb105bed8f4d95604ee617cf9dc79895b96243a7a19b8d7da4f88f6f860,True
baadbfaf2249d5e86114737171e3f8cb299d3847815321c15b43cfb8385272f0,HumanEval/141,Ab2g-Raw,099333770b76f2827dfc65a1b9897fcc9719a8e7aefcdccd709f343de1ee06d0,True
41a73b5575579a9080bddc56bb9a9baaab669dba2f1ea6bda38390da333f83ab,HumanEval/141,Ab2g-H2,099333770b76f2827dfc65a1b9897fcc9719a8e7aefcdccd709f343de1ee06d0,True
5d302e6e80e7437761546b83ac403d4ff28474bf531b6b2cc9f6c254ef3aa76f,HumanEval/142,Ab1-Raw,191e1dcd51bab46d33dd26cb7e6411b30971209be1760f1b9af5ac7f4dd70b3f,True
79660042489251b07a2fca84b68619ce694712d94e26761955cf32fa450fbc42,HumanEval/142,Ab1-H2,191e1dcd51bab46d33dd26cb7e6411b30971209be1760f1b9af5ac7f4dd70b3f,True
31a1db58b09c809dafb0d8af756033daed5f72c1326cb3abf083a898aca3d39f,HumanEval/142,Ab2g-Raw,eee12392719bfdc1485495abbd16816e03588c4338349171c50454f8943b4365,True
cf9dbee4767fe71a58c381cdd22086e833e96384cb66ef22b7aa7afff74ca1ff,HumanEval/142,Ab2g-H2,eee12392719bfdc1485495abbd16816e03588c4338349171c50454f8943b4365,True
b139fbe04a23c67935bddd179c7b543b71b6991121783e62ba33cff12b183ab0,HumanEval/143,Ab1-Raw,d68b0dddd8569d02e149e92d4f0c7fecc0a23d50cc1b3ca5c7604f9841d56d24,True
72c8f6378e09b2d46265f8ef952d41945bd48338b16c29310fcfe634367e589b,HumanEval/143,Ab1-H2,d68b0dddd8569d02e149e92d4f0c7fecc0a23d50cc1b3ca5c7604f9841d56d24,True
94bdcbbfb7f30fea5e91342250cd5dd2d63f1ff37473d9fa98484408f1cc9f5e,HumanEval/143,Ab2g-Raw,a839038e37ef422f3a8fb138236f910f5b8c5e573210106c4015374ad15fbfdd,True
a40f0437b031f27121a28d5d84778d4c32954d0436940c5003a54f1ce4ca0969,HumanEval/143,Ab2g-H2,a839038e37ef422f3a8fb138236f910f5b8c5e573210106c4015374ad15fbfdd,True
599f7f43ac6216d9cb0a1794c76c39081a33fa3b844ab8f7b1bcd01c92b6c4f8,HumanEval/144,Ab1-Raw,ad497ffce25dc5794e55dc7b6f009ae7694a26eaccadcfc62f6e31a0eeabba7d,True
59224ccc99c62a037c6c1e666955fd9c9d5aadee814d3245a39ead851ec4fdf0,HumanEval/144,Ab1-H2,ad497ffce25dc5794e55dc7b6f009ae7694a26eaccadcfc62f6e31a0eeabba7d,True
647eddc7048454b1bbd040993deaeee142553056cab81aa9f03009b6ee0a330c,HumanEval/144,Ab2g-Raw,b298e99c785dd30d3068f9663eb126bcc354e71119b08f1adeaf31fad5d73a22,True
ce2484f225632fda7260c0d386e0288baa049a94a75178219678f29cc87505de,HumanEval/144,Ab2g-H2,b298e99c785dd30d3068f9663eb126bcc354e71119b08f1adeaf31fad5d73a22,True
ae0b017be5684b334f8d4e93ccf807f7fe72fe439ae6a4757bdbcf2cb636dd77,HumanEval/145,Ab1-Raw,1ac62759f5c05d2409766177df546c8ad7fbcea93137575c9895d3514f460d8a,True
2b4db09ee31751dce79675994df6757139875eb34b3588b1a821adda19e9e6e1,HumanEval/145,Ab1-H2,1ac62759f5c05d2409766177df546c8ad7fbcea93137575c9895d3514f460d8a,True
79967a4ebebb2e6f81a3b690374732e5417dd311d4cc4c0372a76a878c38f7bc,HumanEval/145,Ab2g-Raw,c2250f0439b4c9043d8ef53964e9df284cbda89b21a83afe1ff975b15257ca79,True
6ab65bbcc3e1d339e83b55b37464c20a4fb12ff7edf7772427a137b1d11fa031,HumanEval/145,Ab2g-H2,c2250f0439b4c9043d8ef53964e9df284cbda89b21a83afe1ff975b15257ca79,True
16555228446975ba2fc0253d25746e0b16ca00d6bba5f379f68cf6181a9b214b,HumanEval/146,Ab1-Raw,,False
307317b8b3f7ab9f0b7f94ffc34cc766d5b272db4d22cd82560e3e285cf06d4a,HumanEval/146,Ab1-H2,,False
a7594f90fb94c769ff787ebb82337946e4234396385549db7793b1900719fe6f,HumanEval/146,Ab2g-Raw,d7ae2449b21fd5b2b202699a2c5f7e2e2677db2a07a78b7d2d295fc2ff555e8c,True
f90decf9b56605c422c924c8105d5bc1d85290b5058263368e89d35652d9622c,HumanEval/146,Ab2g-H2,d7ae2449b21fd5b2b202699a2c5f7e2e2677db2a07a78b7d2d295fc2ff555e8c,True
321de9ff34e10f9d3bc73638e963c0598d69fab8b0e0dcb66266896d3e1c4db3,HumanEval/147,Ab1-Raw,,False
cf8f0336889ff06b5c758c8ecc786af40097d9e102adb499d76e48f3b2c7f2cc,HumanEval/147,Ab1-H2,,False
4c88ff66946db0bed63e494ed27eb37bcb2d3efe4961dc1c6e19f713bc54a3d3,HumanEval/147,Ab2g-Raw,f0111bbd73d64fedd02f4d261da1510a08989113c0de789dc9dce63b28d3961e,True
b327ff1dca5eed38b3e79c4b0032dc4617e631f69306203a9ef00c21b6dde449,HumanEval/147,Ab2g-H2,f0111bbd73d64fedd02f4d261da1510a08989113c0de789dc9dce63b28d3961e,True
6f0edfd2ae59c35026127a53677e2e0cb9c93f97707603cb318009fd05abfa74,HumanEval/148,Ab1-Raw,96c5b54d5095975702707fb285f05cdd8ce0d11cbca88587bbffe6ca8cdbb2a1,True
1c8437a8ab7a0826a84321e524cd17ad7efe4fd0509115d7e62934bcbf039546,HumanEval/148,Ab1-H2,96c5b54d5095975702707fb285f05cdd8ce0d11cbca88587bbffe6ca8cdbb2a1,True
fe8d1079850cf1247417d37e87268eae117361f32ec3458387174485b8d95b06,HumanEval/148,Ab2g-Raw,000512b447dcc7a03560b372a86154f414502da505f552dcdc5ccbecace7b9de,True
a0d709b3d3ba8198d828c7e2a21219e0834f2c9039dbcf79e48e03a75081c335,HumanEval/148,Ab2g-H2,000512b447dcc7a03560b372a86154f414502da505f552dcdc5ccbecace7b9de,True
eedda30d5f7c903c290259e47dadcfaa8a2043fd8a02884cf83cd83cf6457ee5,HumanEval/149,Ab1-Raw,,False
6c040fe708f90ac24f78396ccddb64456da88ffba92de23535380e24db138d83,HumanEval/149,Ab1-H2,,False
19bd4c80966df53754f95982d19d458cb75f627e5f45442ab29c2a7b2973b498,HumanEval/149,Ab2g-Raw,d06f2330f39becbb52235e6e7eb346c8e1cb28d4b0f34e56ba6a2138b5f4f7ec,True
d1feab2f1afe08e3e2599586320e0d56b48cf30e5a826a9f24d23b39271bf592,HumanEval/149,Ab2g-H2,d06f2330f39becbb52235e6e7eb346c8e1cb28d4b0f34e56ba6a2138b5f4f7ec,True
a9e0b9a64b92db5617e085ac8f752ec6a786ebf59b6a340fc2a527fb437f29f9,HumanEval/150,Ab1-Raw,81652edfd8076d3345f5b2b368e588e78a83cdf1927e4820792a96c679d6995a,True
e18c6a7b0c755ad64977e1ec70664570bf966f587fe926b45a9acd82fa712385,HumanEval/150,Ab1-H2,81652edfd8076d3345f5b2b368e588e78a83cdf1927e4820792a96c679d6995a,True
2be95c82a20077aa1b91c397203a6241fe4df11db3bf5090fb73bc506e3b258d,HumanEval/150,Ab2g-Raw,e408707ffeeb92e2d539a2267fea8637919c4c74c6e10ab215728ac7ffc4d839,True
d6945e744d670ee5f322259907a51ff9ac6e42ce974c852ec83eb14e5063352d,HumanEval/150,Ab2g-H2,e408707ffeeb92e2d539a2267fea8637919c4c74c6e10ab215728ac7ffc4d839,True
98d8f0862bbea6db8b1aa3b4b49da19b068ad3a232bd73ec4cb7dd8d525cb69a,HumanEval/151,Ab1-Raw,639b8cfe6b58d67ad10a277e0853032863d239a7dfc14754461aeeb1aa0ea0ec,True
ccc82a0293b12949a4af42cbf1a3a0ff475378705e608659a681d574ab4a9979,HumanEval/151,Ab1-H2,639b8cfe6b58d67ad10a277e0853032863d239a7dfc14754461aeeb1aa0ea0ec,True
c185d6251588aa01e310568e8abab9329c2186134397ed7d1f4e9dcf06e5a7cc,HumanEval/151,Ab2g-Raw,f60865aadbde2b2f6350e9e0474234307374e9c12766a1b988e61c6363e01e93,True
35de252c23e572efdbaf77ccd050ae1732b01f2ce505ffdf599ae854816e0a2a,HumanEval/151,Ab2g-H2,f60865aadbde2b2f6350e9e0474234307374e9c12766a1b988e61c6363e01e93,True
f120b63193f1e1fdc727c13841416ee7e397dcaab879d7c07a8ba378a0dca3fa,HumanEval/152,Ab1-Raw,,False
032557463b6e38294c08d1bb7985cff8f34aedd6a424acf26499bf3521cbbe6c,HumanEval/152,Ab1-H2,,False
7e180f60dadffb5f086a567d71a26afd01476812b246501bbdee55a84a8e3dbf,HumanEval/152,Ab2g-Raw,425f47e68de7dee378666b582c31d4bb4113ba47084caf28f4a0a89990bdf510,True
31f3d0bef5b846982f491f49c8308381f8ff3076ea5d91017d733975af615d85,HumanEval/152,Ab2g-H2,425f47e68de7dee378666b582c31d4bb4113ba47084caf28f4a0a89990bdf510,True
b6ea1d6724fda5b25546fbc6f09cbaa6c00e058141d918923ead632a427a333b,HumanEval/153,Ab1-Raw,9c3f2fe47878b261d4430def81bb667ab5cddfc5dfbeac97483f1442a370767e,True
8cca2c613020270710e1a2bdbc62d3757cb4090e48684bfd59a29f88ece82142,HumanEval/153,Ab1-H2,9c3f2fe47878b261d4430def81bb667ab5cddfc5dfbeac97483f1442a370767e,True
c756541b38766d789da21ab2c05a568fc31de0f35f1619128370b68eda2d8585,HumanEval/153,Ab2g-Raw,1c9b43b4b5449f4a75b0d1f003e2d745bf89e6a61f81d378608f5779ad36851f,True
e9ca18b17cc76c85bb468d05c6231f8efed6bb57dd3159cea973ec83ebcec741,HumanEval/153,Ab2g-H2,1c9b43b4b5449f4a75b0d1f003e2d745bf89e6a61f81d378608f5779ad36851f,True
0742f1de91d10903ce04a87bfce7fdadc731a60e83ab6020f8834f653be930e9,HumanEval/154,Ab1-Raw,,False
474d9a11820bcf99953be8ad9f1de82ba876fec3bbf1d66e01b772c51b85fd35,HumanEval/154,Ab1-H2,,False
d930cf1695f112ba03ddf8debfb42e1936f72bf3b893e89f5d00c5a1fb6ab776,HumanEval/154,Ab2g-Raw,0b417142698e76c654b786e5c2ed22deb755cfc99f12e8681ffd11e444124744,True
c502362063b0abfd35d7c2a1a4a921f0a2a10427ecfa9386f65d11d5944a4078,HumanEval/154,Ab2g-H2,0b417142698e76c654b786e5c2ed22deb755cfc99f12e8681ffd11e444124744,True
ad6200ad9090a0b837f80cd3d2898385e37e0924c6fe896d9609e8406861fafd,HumanEval/155,Ab1-Raw,a9867e967372942424d0e248e5b015134714929db99fdc6de38cdd4a2f44c8cf,True
f5829895b0e0baccf2b8f936e8d7e07b0bfa927e849b7c0def0f7a7c13032c5a,HumanEval/155,Ab1-H2,a9867e967372942424d0e248e5b015134714929db99fdc6de38cdd4a2f44c8cf,True
0846d0648b0ae313fb845130861642f5c918f213b4f3e2b1b7c46f4b9e7d5104,HumanEval/155,Ab2g-Raw,e78dd39e869b99f2e477fb83138756b313876316f806d33fae3ee9ec9a9166b2,True
9e9e1b929cbc0e0b5ce25dfdbbb05ce92889b520440ff20f4bdd6b3d008c8597,HumanEval/155,Ab2g-H2,e78dd39e869b99f2e477fb83138756b313876316f806d33fae3ee9ec9a9166b2,True
ab93e4a15ec896828ddbf7c71b905d9466ae1d7324cfaace64de6bf143241d09,HumanEval/156,Ab1-Raw,2dd5034fc858a71e01d3885696eb6adc8478405a2fc670e0fca5694d3b6e41d5,True
e9685fdb87111fd7895f3cff33b93ddb11e6d0e40c2b89e638f5cfacabcdd5e8,HumanEval/156,Ab1-H2,2dd5034fc858a71e01d3885696eb6adc8478405a2fc670e0fca5694d3b6e41d5,True
f6db6a544efba4e98a82cbecdf1f9ed94b2ebd5d0bc2200f2ab2c58a3c96e6f5,HumanEval/156,Ab2g-Raw,4c55e073131df7a447ddb0446de1ee340b0044939a9c8cffb1f61344544ebc19,True
d4b39947e0db2cb919167579b9fd6633dddb3990ce1083118f19f7f9a4ea57a1,HumanEval/156,Ab2g-H2,4c55e073131df7a447ddb0446de1ee340b0044939a9c8cffb1f61344544ebc19,True
d21be2f4b71cc6baff292118a0924218ede09db730db5df60645ade4a3f9a280,HumanEval/157,Ab1-Raw,52d42963b632765f547db1b598c829e612288967ece320a57e0ed5384cacda9f,True
4fdd23f77b21ed24a669d8338e62e5e8ac8ac1ee9b909a42b53fffbaf01e8eba,HumanEval/157,Ab1-H2,52d42963b632765f547db1b598c829e612288967ece320a57e0ed5384cacda9f,True
5c78877735cdf3f70aafefd5ea52574608f6bf6bcdb1dab3953f15404f12c400,HumanEval/157,Ab2g-Raw,dea301a9fd0e872bc1ff813f5585f663fa3ce646ae896061687b48371f309c1f,True
24ea80b2c19ef4c0301ebf5349eee7c60d6d44174633362d9988d29dfcbe8833,HumanEval/157,Ab2g-H2,dea301a9fd0e872bc1ff813f5585f663fa3ce646ae896061687b48371f309c1f,True
f5b67115d2b7b50ca2b9fb883b2045be7e7d8f6bac5973ea5f61441ca40e9a00,HumanEval/158,Ab1-Raw,ba46839d2ff001b0444dd3af4fac1112c96ad05881cdadbf2a684b81efcfbb67,True
e7cbe5d222c21deb591b399175c0f5daa63257c6c8dab8cf3b9950ce11cc6565,HumanEval/158,Ab1-H2,ba46839d2ff001b0444dd3af4fac1112c96ad05881cdadbf2a684b81efcfbb67,True
db9bdb5bbd63229f8cff188a9c732e60b432994a5a2d15ebcf81e4048ef67d9b,HumanEval/158,Ab2g-Raw,9e5baa17084e9260ea640e42bdbb22f3486ef2b126c5cc5a21847b0b8410d27e,True
c3674582bd9258924cb557466d9502098403058c1a8b3e59d41c0e382059bff4,HumanEval/158,Ab2g-H2,9e5baa17084e9260ea640e42bdbb22f3486ef2b126c5cc5a21847b0b8410d27e,True
6b5bffa0028f45f368e8f0b82512725d367d0cd591081bb67d0ba11673693969,HumanEval/159,Ab1-Raw,1a80a344aba911bbf8c1445fbad3609eb10f2f5b4fe7c647701139456bd8d404,True
92237b953fd8b309ae323d780e6dfc3da130743d7545e81f70dc0dba4bc5ba7f,HumanEval/159,Ab1-H2,1a80a344aba911bbf8c1445fbad3609eb10f2f5b4fe7c647701139456bd8d404,True
36d4c68bf892eb00f4111909ba73982fd331f5e3bc441c4d37286383c40ca680,HumanEval/159,Ab2g-Raw,eb9032e32e776c3472b4d4fe717d2d7bf5f29344d0c7fa8ef4b424a00b034595,True
67ebb8dc572524574e788e611bd55ebc313d20473b2b3674765938cf695a403c,HumanEval/159,Ab2g-H2,eb9032e32e776c3472b4d4fe717d2d7bf5f29344d0c7fa8ef4b424a00b034595,True
a022d6ebfb7deced53a7751016bf24e2ab8addbd932af6a2d9bb821cd91e52db,HumanEval/160,Ab1-Raw,7be43936ac957c9b694562d6da75b66bd6fa47d20d4f719aec8ced11c46178aa,True
0c816180037e56c6203cab98747d141458bc0be9bcd1fb214b9b046cb1efd956,HumanEval/160,Ab1-H2,7be43936ac957c9b694562d6da75b66bd6fa47d20d4f719aec8ced11c46178aa,True
1ed2d334ac301a1452b680d5eda3ddca48604c7ad63603b28eb56f34217c2965,HumanEval/160,Ab2g-Raw,c7bae9405db7c6c06a974826bf7f897ff00bae5e44b725010422c52b3eef34f3,True
5b7fe46f50196a5e12862d2929d188bcb2d1e398d759965c81249efffb4db7cc,HumanEval/160,Ab2g-H2,c7bae9405db7c6c06a974826bf7f897ff00bae5e44b725010422c52b3eef34f3,True
d517306b95f26e95be565c1b411f177189ac356b5e13cad39105b6a8d6e7a8a5,HumanEval/161,Ab1-Raw,2c62d5ea400cb613764ec1e0dfb15ff706d8e435e726911f646bea31c4719b9d,True
233a9d3057934e1644f3849d54bf86dd600cd2ddd32a92d8a8b43c7a260f44fc,HumanEval/161,Ab1-H2,2c62d5ea400cb613764ec1e0dfb15ff706d8e435e726911f646bea31c4719b9d,True
7cf363b21f9d1dcab4e18ceaf6e5535fbbc474057912bda048c3a7d3e11f8e86,HumanEval/161,Ab2g-Raw,77cdf0f9c73d1c7b473f5949823d91ee0bc20b4e3395edbf8063f3542a037de8,True
d323decd94f9d2f1307444593dd620126c5ed1edd16a33fe5a2b7b9904b284e8,HumanEval/161,Ab2g-H2,77cdf0f9c73d1c7b473f5949823d91ee0bc20b4e3395edbf8063f3542a037de8,True
13e02b21b8700de051c986214d37577176fb9cdf5ee5d2a01391c90c1eefdcdf,HumanEval/162,Ab1-Raw,81725f0390ef744d9aaacbee1bc3c4e39a141f7b46b26fc8aee76d924d1981a1,True
96cc61112501a614dc9b2e13c03355ae0a795ec7bb81f8bfcd5c580f5f5d973e,HumanEval/162,Ab1-H2,81725f0390ef744d9aaacbee1bc3c4e39a141f7b46b26fc8aee76d924d1981a1,True
16b064f6372ffc1e3b41bce5ca2feec4d1abb9998e7ad1a2bbc1ee90bc2d25e2,HumanEval/162,Ab2g-Raw,a321a6975b27383ae803240d691642378b735df8429608354986eea26fb8d5d4,True
a62fbf076df467e6ba9610f3fc52833db569f2297c0ec4852b8dc330556200c9,HumanEval/162,Ab2g-H2,a321a6975b27383ae803240d691642378b735df8429608354986eea26fb8d5d4,True
e6759909d923f46fb147ece2e95352516bbbbd79e5bd87a079fdc90e00711c71,HumanEval/163,Ab1-Raw,,False
e1f6f1a8863b98135ec505633850eb568dd89b83b27c68e4bc3150f4d658a38b,HumanEval/163,Ab1-H2,,False
24b63be46fa0982ec123cf1d77c8bf7a73419c808a57d51094ca7a8d926b2b52,HumanEval/163,Ab2g-Raw,aed170bcbf91360b2fd3de7b829725a54496bb4b3f1a950cf95475a51b6da1df,True
4f77affb3173b68da0735ed33c895b69fde7ab7ef1803e2cdfad147615dfba2d,HumanEval/163,Ab2g-H2,aed170bcbf91360b2fd3de7b829725a54496bb4b3f1a950cf95475a51b6da1df,True
7f0f9458b337f4497488ad6eee65e9a3c501a8d3b3c3503200a936774316728d,Mbpp/2,Ab1-Raw,229b00f7526d4431d6c667750f8437a9ab86e748615adf4352517f9003966a56,True
fb7036479be4a0b8b5012fbe02ec3415dfcce545560f6a91701529d62497eef2,Mbpp/2,Ab1-H2,a1c57cd031b48d4b09fa1b3d543650f3a4bc7db22dfc1baba8a05e2d5d76fb9f,True
f9612a35b50336cddac0b343cfa53d2376ddb690217461c6b16fb7e918659d0c,Mbpp/2,Ab2g-Raw,b6d2f9d3b4f2d37fb9129f7627d514a3caab329663778e659742439c2ac158ad,True
8f461ea9a8de77578a4f76bd2b96c46a0217b986fd7a522aebb00730fbaaf3fa,Mbpp/2,Ab2g-H2,b6d2f9d3b4f2d37fb9129f7627d514a3caab329663778e659742439c2ac158ad,True
f586d32b3e2d2f9f287ea8c9657ee69f9f3fe863d6da2140d72a9f39a372917d,Mbpp/3,Ab1-Raw,d97e6ad43e7f147a85c5d18e44d3594d29fbb6298a5367d54f1e0db4d0309ebd,True
0fb4fd29f56bfe3f709a68d2e263f10d2b8cad871aac2a53911ba59008183a89,Mbpp/3,Ab1-H2,d97e6ad43e7f147a85c5d18e44d3594d29fbb6298a5367d54f1e0db4d0309ebd,True
bdd4f822f6d910027442da2039f2670efb7ad34e4820943618fbb3500c0e306a,Mbpp/3,Ab2g-Raw,37656122e81a8c17aacb9c2ec99dcf4b2d2ea1422c781f7bec09e36013f4f732,True
ae6e1bdfd7d50da34a8f8a2fd5f3673f63f153b8c55184b720f061946f1303d8,Mbpp/3,Ab2g-H2,37656122e81a8c17aacb9c2ec99dcf4b2d2ea1422c781f7bec09e36013f4f732,True
b179a9cf3d0cbb142304ff3150c5897abc0f37eec8b840f8fe5b6a4726a6ed3e,Mbpp/4,Ab1-Raw,ab8cf4cf8b2919b979f7574afcf52117b7dc79c53b16f748fca341624a0baa34,True
7c1c3f628d9a2eaf953c170a6e7dc2ffc03bdfc00999ae8cffbb6e4c87e31b53,Mbpp/4,Ab1-H2,ab8cf4cf8b2919b979f7574afcf52117b7dc79c53b16f748fca341624a0baa34,True
9b5a3ad841310e98800ed739a1174d551b357c367062898d333d304c981b320f,Mbpp/4,Ab2g-Raw,686e7cc0e0f7fbd13c878c8f8fb8a1766facaa988e271f2b631ecade55d2db56,True
962377106f6fd0f87ce6ae318d2e2f9d5eee4b84e27dc66de7a6a53300697340,Mbpp/4,Ab2g-H2,686e7cc0e0f7fbd13c878c8f8fb8a1766facaa988e271f2b631ecade55d2db56,True
256a2786181894731d758ee018d01ba40c2f538293ac9499604913ce61253661,Mbpp/6,Ab1-Raw,21f334cb8ad97aa0034b788b87b42800e0a0819ce79464a54dc1680f71343763,True
ffbc5da0f47953c854482ba59a74668e13adbdf3522049153677935c15cd5c55,Mbpp/6,Ab1-H2,a608865a567e7b0c31df5052d9a94ffee6b9d05097d5ca573882f42dd2c0efe1,True
33596dfcf13b436809bd2cea2813856a97543a7ec76b7cca2e4406434075176e,Mbpp/6,Ab2g-Raw,483540ad65e56ced6a4d3cd311e50e076c70b519f99a8f969cfb5ad7045c34bc,True
bb38b1ba3fb7bfacfc6381216ac7cc4877e61989353dc057a8ac7b40a83821cd,Mbpp/6,Ab2g-H2,483540ad65e56ced6a4d3cd311e50e076c70b519f99a8f969cfb5ad7045c34bc,True
d59611207feec2b0cffe702f3ebb4050ab8ec15dc50b63757bb0e96959a1ed81,Mbpp/7,Ab1-Raw,747e7b5595a8f9a8767ea0ff13e661e2ace4102d1287eea18a102e91d0824528,True
eed8b28d2eb4410e9ca6aa9f75be343ac44bf88e6467dcc7f27e99f6888eb0e3,Mbpp/7,Ab1-H2,747e7b5595a8f9a8767ea0ff13e661e2ace4102d1287eea18a102e91d0824528,True
92935456104b85952b0aec272874cb8f043a6355d560f9cd757c3b6399666091,Mbpp/7,Ab2g-Raw,099a3e0a11bf78099f2aca9e04cd479dee2ece57d900df91da76563419543e4c,True
8defa337b485a02dfd27e7efae7d06254dd6f2a6f5d571d123d47373b0004893,Mbpp/7,Ab2g-H2,099a3e0a11bf78099f2aca9e04cd479dee2ece57d900df91da76563419543e4c,True
6b4195ef75e882350f55aeb5149ad4afd9f72026e07af4f4d654df2825a48508,Mbpp/8,Ab1-Raw,fb14883b275bdc765af5211218b32cf2efbb2ce44938115ac1f02064a51885f2,True
e4cb09ca58098c12b13c253cbb3d4a8366933d6f9e11250a034246b1e769032c,Mbpp/8,Ab1-H2,97acd9a253185611697bc8919660c27190eaed63c5ac9979a96ef843bab8b491,True
844ca2e7d2dbfee94b32dd3839c2a2179fde559f4111821c897a11cb3200a30d,Mbpp/8,Ab2g-Raw,bbeabb3d92ed66a0f54d0b04d81b87f9affd2b06efa78b05f7dee8fa57022738,True
24bbf401207206373834af86440954427280ebf8cda4218e9417256912a3ee17,Mbpp/8,Ab2g-H2,bbeabb3d92ed66a0f54d0b04d81b87f9affd2b06efa78b05f7dee8fa57022738,True
f096bf51812484613fc2b5c6ff67e00a2e3832f4ef96a743b3d815345a0d34f7,Mbpp/9,Ab1-Raw,0612d7355b02bdfeb3e09d21eefc69280fe62a64713fc3020887010a1d0b1ec3,True
0f9e1ff16592963682d96153d9e2d3f6e7a2efc05be884814fe6b0d1d0799829,Mbpp/9,Ab1-H2,0612d7355b02bdfeb3e09d21eefc69280fe62a64713fc3020887010a1d0b1ec3,True
0da0ff21af7f0869f91d34383cae80a8e1bde9d79c0dc461c9cb058fdaf7fc54,Mbpp/9,Ab2g-Raw,bcacdeab490555f8a92f4b92512dd91d8a046eaab5a519216cfa342b0a521b29,True
42277e4ff3539d0cf62af281cea9acba0c9837794d709d1c612ccaed0effd9a3,Mbpp/9,Ab2g-H2,bcacdeab490555f8a92f4b92512dd91d8a046eaab5a519216cfa342b0a521b29,True
36bf8c4aa91905ee70d659cbedbda4d9bebf133ee80f7e63daa0bd1f78bdba5b,Mbpp/11,Ab1-Raw,1a4dfafdd0aa8ed50523243f95e6829de7cf5aef7483552cebbdec57d862f98b,True
2389106f681d17df43db940c726f3eb477ebb53e6abe1420ccc3996007fe1525,Mbpp/11,Ab1-H2,1a4dfafdd0aa8ed50523243f95e6829de7cf5aef7483552cebbdec57d862f98b,True
643bce0a7b5484ec7a5613356d46e3268c179aa548888e64903326b60c51623d,Mbpp/11,Ab2g-Raw,60d71f30ac12fbb03daf6b24a9e326145b8c79c676696b294b59a1dbf96979f4,True
972ab6d69d96fa42fabd8b4e9da34424b3ce7a9ff73d34318031e091a8549484,Mbpp/11,Ab2g-H2,60d71f30ac12fbb03daf6b24a9e326145b8c79c676696b294b59a1dbf96979f4,True
5f75344fa39a377970aaf964ee845819fa16d78a7e92dcb38dbb1d8c619c0949,Mbpp/12,Ab1-Raw,2d2f59c55e2667b63ad71ea48c4ad72f9b96a521911ff2072ef80cee8e1ec763,True
741c1c7bfa2a4fabff892b16e0aa8e721ec0cd1d74affc9d65359b3849fc50aa,Mbpp/12,Ab1-H2,2d2f59c55e2667b63ad71ea48c4ad72f9b96a521911ff2072ef80cee8e1ec763,True
ddc8bc62da03f426eed07f329b0fd1231efa621099db7aeff304be20d8fedb54,Mbpp/12,Ab2g-Raw,cee63f6e515efa8737b7fa9300fda1f14bb22846ec03e02c34237ed70850cde8,True
9c8050b620c30601626eafe685b444f716acc710a189165671a8c447c92c55d9,Mbpp/12,Ab2g-H2,cee63f6e515efa8737b7fa9300fda1f14bb22846ec03e02c34237ed70850cde8,True
0ce114cf45a5dc41838db5890dc8647f4c93177a8296fd76fb401609a7a6e54e,Mbpp/14,Ab1-Raw,6d68cddc9671a6903d8a7b94f170e9372df0b669d8635e8b0a923c1ecee63a10,True
078a904f3ca8f868a685a9e9ce963c396fa4090c4ca0bda5c1710fc008cf6a30,Mbpp/14,Ab1-H2,1a833608ed0c86987d44ef67b7c0cc5d5d6407337dcbe7811d533fd3c6c8b970,True
9da1ff77c9ec584699df1e53bd80a062856863552bcb7a77bdd167855219a62c,Mbpp/14,Ab2g-Raw,af222b2655f1b10440fb29ba2a8921515672253e1a4e110b0e0d2358f9a18063,True
e2c6112bfdb70f0e389c3065e947bc9157dea9f99c1c2238aaada19c5cc6521f,Mbpp/14,Ab2g-H2,af222b2655f1b10440fb29ba2a8921515672253e1a4e110b0e0d2358f9a18063,True
9a0a2f854512ec3dae65c9b83f94f63f33cd7f59b39ed23ddaf97592b4d8eb82,Mbpp/16,Ab1-Raw,eca8b8ae31240c8cd290aa8a5231414a6c64d6b7baf81f38f5f1f879b0617efb,True
80d5d569f8174063a67b5cd32939b446e648f633998659232a9564ed9052c4e9,Mbpp/16,Ab1-H2,ef2e9cee2cb70cff391a830597ddf0a0e2df5047b986ee8f2edbfd524711d415,True
137d63e4c31ee290b9a8c1c845bb8deaefe73ff488f71961ca14617514f5b559,Mbpp/16,Ab2g-Raw,7d8b819a4af01b250cec669fad029ce6f1fc9d412db5149c8702398c8fc49af5,True
e49a6236fca450d5cdec0763ab87e064a373061724b94d7abf83762907902e20,Mbpp/16,Ab2g-H2,7d8b819a4af01b250cec669fad029ce6f1fc9d412db5149c8702398c8fc49af5,True
920e774af27113b9f4796e40fe8184b47ba580cdc63e7c006a50abe6d92550ae,Mbpp/17,Ab1-Raw,2a2dc6f6125076d936d526382fb3c2b54346437f03efc72395fbbe3b12c90a91,True
093924d932b9a23ae62cd0dfc48e244190cfb17402ecd412c18ee36f23644c92,Mbpp/17,Ab1-H2,2b9e1d1a94fa49f66f5e58d19fefe2d154b9825e1d755ce7e9f6db1a75270ff4,True
392a8e12cc4d12b98444c9c90c8c3dbcdd0a591627189f5347f5db8b4ff50532,Mbpp/17,Ab2g-Raw,9479f603b015e43c17c9d019f14f104714beda06542e332c83b000631147c43e,True
7434d7399273ddb327eae394518670fe5ab31b48f64b1acce69cc46ab11398ef,Mbpp/17,Ab2g-H2,9479f603b015e43c17c9d019f14f104714beda06542e332c83b000631147c43e,True
37cea969ea7a591dc50de96d7bf08a97da8464580e5579e32cb9cbbe4afd0186,Mbpp/18,Ab1-Raw,d5508d9c42124f14802c3fdcffe7f2643c569c01160de6a02fda326c9b4281f1,True
a7a364ae79ecbfc837c8f921394676633c032db60ebb533d285ba90cca4f510b,Mbpp/18,Ab1-H2,490896469ab0fd48758ae4ff959a1fbea016612ae26824230349c79a96bd4e75,True
7a31a98aa5afe2646d27ed47a8b65e1d47b944e1912580faa595ea3ce5d48f48,Mbpp/18,Ab2g-Raw,7adc388638043f625569eb34bdf21d23bc4ca6b7e358054a47486246fd53232a,True
8ecc45b4471ac1107e4b54b5178c25caf09de66cfdb0bd699edf816fc31e7953,Mbpp/18,Ab2g-H2,7adc388638043f625569eb34bdf21d23bc4ca6b7e358054a47486246fd53232a,True
bea573fb5c0e6873e323bb0aa878c3e1e00dfff3973903277d8f637d58ea2d22,Mbpp/19,Ab1-Raw,,False
e2e8fc2c29dd01e7f26a74c078d9f1df31b41dd24103405f41ddba91b8fecbcd,Mbpp/19,Ab1-H2,,False
d2fbe969ae42f12a69e5c4608e2b0255a4a53b64807d45e9671461f35d2cc650,Mbpp/19,Ab2g-Raw,0e8c8ea5458adcbfeb52430f7c8fd7ca34446a07eaafc9532af1c55c6ede856d,True
9db107c4b40b4c65f6cc62e13ff58538d960906d6ff84ece4f64d997da5fa7e4,Mbpp/19,Ab2g-H2,0e8c8ea5458adcbfeb52430f7c8fd7ca34446a07eaafc9532af1c55c6ede856d,True
020552b933ed3e205bd4df2c24e7f95b5f96a6d1e2b1c71e786214d4abbc8f26,Mbpp/20,Ab1-Raw,5c5d89092d44b69c8ee39b6909ca4f074b4efe76a5815044930ee59e48482cf8,True
95fc2abcb26096553652c73d0ec0fb09341cff091b3f8400d7572f9ec9605524,Mbpp/20,Ab1-H2,5c5d89092d44b69c8ee39b6909ca4f074b4efe76a5815044930ee59e48482cf8,True
cb4fc6a6eb5c993857648749155af6f083997e2681c253a5df356645c3637549,Mbpp/20,Ab2g-Raw,cf3eade58736747f1ffc76eb2382eca034ed2b770b66e46c79fe928b3a9ac84d,True
38aa5a375f36c255459b484baf8c71484b1086b9b18ecc646ebebe93e2906965,Mbpp/20,Ab2g-H2,cf3eade58736747f1ffc76eb2382eca034ed2b770b66e46c79fe928b3a9ac84d,True
855241c434b573cf045a647e26afbdb1acd5317d9f8312e4b529a1953d651c04,Mbpp/56,Ab1-Raw,321e30bb395d4166caf9329a595518171e30565558c24785fd16afc2eae89331,True
e02c67350d39088032c85b321ae491969c3a9b79a262938b4fb25eb07d3a43d9,Mbpp/56,Ab1-H2,23cd428628ff79dd270527cb9080feccc54dd23290bb404dabfe918f07fa9223,True
bb2dc14d6452b0e184296aa69abbb15610678914e43506def8eb50043613b451,Mbpp/56,Ab2g-Raw,f44756fd704f2b656e7f97ef94bccac428a6c8627f0f7b5949ca6868b845aa76,True
882b4611f20ab95fb78a301bf8c409979bd09c388ef432fd039d2d966abe75f4,Mbpp/56,Ab2g-H2,f44756fd704f2b656e7f97ef94bccac428a6c8627f0f7b5949ca6868b845aa76,True
43753c56f9d0512b32bc13c1741df9c9e83ffddf96ae3ce751c3e698d8aed21d,Mbpp/57,Ab1-Raw,751d69c9ad4671e1a7dd8e09b8157747ed08673fada0a3971f4a239adaced169,True
5fdd57db2ea29267d856a38fe90a85735edb2adec2e254402547110a8d41a305,Mbpp/57,Ab1-H2,751d69c9ad4671e1a7dd8e09b8157747ed08673fada0a3971f4a239adaced169,True
19dd1a10ae849b0dee3258787567d62cc25e00a0d714948236f371f82cf7e4d2,Mbpp/57,Ab2g-Raw,a94c6d118f301fcfeb3a25432f55e63b3543424b425483ff0935ea80fdf35907,True
56fd50da9c6776a624519655a9fb1a3f237d9e2bbad9b1a4696a6a11fcedb2d5,Mbpp/57,Ab2g-H2,a94c6d118f301fcfeb3a25432f55e63b3543424b425483ff0935ea80fdf35907,True
bee6a89a70cbe756d89aa2f7b8ece5a90e23df47bf737034b2aeca5c6bc7e52e,Mbpp/58,Ab1-Raw,03702b45845f0c3b2d8d19fc5e00d34692cffc782baa719cd479d738280ff863,True
21c8c0d6b89c9896ad71a418f4d7b30dc91a0b91495318612d2d20dcf7c17906,Mbpp/58,Ab1-H2,03702b45845f0c3b2d8d19fc5e00d34692cffc782baa719cd479d738280ff863,True
cd75e43434f06fee85932fd21fe3789755780dac17934d2334d7440c334b93a6,Mbpp/58,Ab2g-Raw,fc44415bc3228c31e4d5f70e6ccdd7d48ec13b531bc334788defeeae5ff9d6f0,True
0f1c48ab6946f5b442ddf0a02d693938c09c6f044fca8228136d4f07d836ebd1,Mbpp/58,Ab2g-H2,fc44415bc3228c31e4d5f70e6ccdd7d48ec13b531bc334788defeeae5ff9d6f0,True
83db6df321762ef2f7e817b802f0ddd64a44efea011917dae55ad5b2e13573b4,Mbpp/59,Ab1-Raw,2cbbbb4275c8f554f1850b1214cc8fbfca9492bede1da25c7797d26061072104,True
ae9fd1587e741197dbeec811f3e6d307992342f8996a235a6e3082570c162e0c,Mbpp/59,Ab1-H2,1d19536381a2ba2e5ecf7cf19ba1b8d8011ae21cee7f4b04be8c40071b72f2db,True
2fa527d5a6742e4f80abd9dfbbe6c0723e103382a0e91abdc74bb9fcbdcebdd5,Mbpp/59,Ab2g-Raw,33c23d806ce19adc38baafccf95647086f246bbf17ea882a84bb8019baf3bead,True
0b3ce05a35442ab0a7953c8a3e35734f8647d42f3d2161a69c4c970f34140183,Mbpp/59,Ab2g-H2,33c23d806ce19adc38baafccf95647086f246bbf17ea882a84bb8019baf3bead,True
0f645fe13c8161bf098bce1560f4fe2c8d72f43e241159936f84c4b511f970bc,Mbpp/61,Ab1-Raw,26dbdb7e09a8e2f8d7de5f5145fd14c9bd9cbae2a5370d2e3e18dc81d5fac8bb,True
7906632550d21c279613e34278a5b5a59b74959577e21f8a058e76ac6d6ca31a,Mbpp/61,Ab1-H2,fb398c768e34bba9fba1eb3859c77b2ce942ee82fb3c46346c0e9ef333e1e128,True
dfb86872ddf3c181a1bdde18ee8a87106ebc3ac42b55faa7f437555ed3e4eb6b,Mbpp/61,Ab2g-Raw,085dc8ec67bedb64b38c54754c6f3787314f5c5cf483fe0315f39d792ab30573,True
4d0d83596e5d9cd45afbff62c1a9fbebdde4f1e5af7271fca7c891536c95ef0b,Mbpp/61,Ab2g-H2,085dc8ec67bedb64b38c54754c6f3787314f5c5cf483fe0315f39d792ab30573,True
104afba4920842e080a7edd70ff99a87f20387458431bd46ce7c3fe5268932cf,Mbpp/62,Ab1-Raw,f2e6ce6c315501928e6c41b0d6001750fa1f1d7fb07c850b1bee7c0ac7194333,True
04eb306218012d2e3eab5823c7f2f7fedd063cc49f302853be40b180f9fb5290,Mbpp/62,Ab1-H2,50f84e6b0f821aff6034822041227c71a4fee028ac425c418dcd84aef16f6a09,True
fb8cdbe64e4360b9afe7be8302d37ef7c83b993bf5844353ef9f95a9eac4dbe3,Mbpp/62,Ab2g-Raw,6378d58e090b7aa8d4735ef0909d1e5e40d2abebea6b0fff8b7874e870f7acd5,True
fd1c60c00c8545756f82caebc8725b75d95105ef9be2f085b4431f5d3aae2389,Mbpp/62,Ab2g-H2,6378d58e090b7aa8d4735ef0909d1e5e40d2abebea6b0fff8b7874e870f7acd5,True
2f4028df85d3596d6ba3383330d58b16bce38026306ee239b821423182abc7fb,Mbpp/63,Ab1-Raw,,False
c4aa985d3979f18733f2121feeb8e2ed2c8aaa37c5972f96e6e31d0d18f0d94a,Mbpp/63,Ab1-H2,,False
97b1e0f8c0fce3a19efc20ea8c2996db2e8c706aff41fd7b49ddca12c4218e75,Mbpp/63,Ab2g-Raw,f00bed792374d45c6fec5bbf193d3d215eec857ca0a878dcb47bfb13342ca1e2,True
6f4e42ff03a9ecfb9fed1c9f03ad1b4a3c73f276bc1bd81f77d91a7fff4b11e3,Mbpp/63,Ab2g-H2,f00bed792374d45c6fec5bbf193d3d215eec857ca0a878dcb47bfb13342ca1e2,True
845186e5107fcdcdd524904429637fa0fe75116363c5cadfce9091608fd56cb0,Mbpp/64,Ab1-Raw,53d4c2344c2ab5ed81bf41ccee0b152dce026ab1a69834102d9e764ec22986fd,True
72a9f8f0e17bb97ebb03a8cab69d56b6e0646017e68753f36f74cb10c1af0767,Mbpp/64,Ab1-H2,53d4c2344c2ab5ed81bf41ccee0b152dce026ab1a69834102d9e764ec22986fd,True
8656ab2009136a1fb1267f7d03a2f267a411dd8ad02288c4726427698e86083f,Mbpp/64,Ab2g-Raw,83fd42a65e024dac60e9fa8239d5a9c1a5d0775a6f880ad86a22ce4089c42fd4,True
aaabc6327029c0626241106b8897b8b6f23f4a583816b517e9a0bf4db2579e08,Mbpp/64,Ab2g-H2,83fd42a65e024dac60e9fa8239d5a9c1a5d0775a6f880ad86a22ce4089c42fd4,True
59b4ebe89610c6766dceaf5acc325320789b5aac26dac7b40c656f9a818a62e2,Mbpp/65,Ab1-Raw,fa9bf0848732dceb97b8f921f81092640526f4d7a7d1b045f17b20ba28b77a8e,True
35cfa82fb9ec8ec08558a4796adfeec5f2c938b8288d3520de9554e67a5c120e,Mbpp/65,Ab1-H2,74863c9f7ae675f85897dd009e3cd5fdba2018ca4fdfbdb7ee7b11d003e2c355,True
5fbe0fb9d6e9e7ddd9d7320a68c35b306aa7831a7bd42441b702d6806f732b48,Mbpp/65,Ab2g-Raw,f8cc42a2fa65e169fe7320810c61267525944bd770d9289de032b6e2329479b7,True
27f51c8a8592402e88b0fd2e9d576a492d2aaefbebd972853d069282f3e60adc,Mbpp/65,Ab2g-H2,075289ac03008ba0520ce7d5afd02bd492ee107bd3dbb15ac224069babf9cc56,True
74b7a0e2812d092b8c17d83e83802f17ab56bbe2ef78150a8c8aba3a1bdd4bb6,Mbpp/66,Ab1-Raw,2ea18465b38a750ea68f30a569f513a0b1f0f5bcc3767dd8dcec285a90315c91,True
41a0ff1400caf3c2b348126dfd11f9fa1e4dd6ee2a65db71213507ab00193fdf,Mbpp/66,Ab1-H2,10f8b697c0b7f03de767561b48e438f080031949b465b952ed8323b5c2acacb5,True
8885acae647f597718ff4971a39d9b6af3d6acb5211eb5acd4111911ab4a00b7,Mbpp/66,Ab2g-Raw,e9b885d711d20cbeef56a95beac66214fee51f2502556210b257e0b75061ffe2,True
13365a785d8d385203f9369993491d5d744d41a78cc15baeab631ac063b0ff48,Mbpp/66,Ab2g-H2,e9b885d711d20cbeef56a95beac66214fee51f2502556210b257e0b75061ffe2,True
e7c9449dbdfbea23a5bc04a349a1e78f1cc9a6ed06ea7251122500105c91b0d2,Mbpp/67,Ab1-Raw,125ccb567f3469f656730085e3407a4d6afbd28e711fde760967302371d29607,True
27f6783f6dc11b1298cd285591c7541d6935e4b3cf7d359dc32fe5b453af6390,Mbpp/67,Ab1-H2,6ad3c1b56a161594418c1bbc3770c69f1599976b3093a2d7c36270bf085f6bcc,True
40e8b27ab240c340963f39a9583e0475b10a1387734832e489b046cffed25556,Mbpp/67,Ab2g-Raw,99c407aff33fa9271c7d2b5950a5d18bd365c0bc95c127192b3d9d248b2261e5,True
039700c124c8507591682cd4b39d066b903d693939c10ab688c067ec921d45eb,Mbpp/67,Ab2g-H2,99c407aff33fa9271c7d2b5950a5d18bd365c0bc95c127192b3d9d248b2261e5,True
11d5ba583f3c08824fedf73b667afe70d32b219a9d29f72c5325eef9ad9e96f6,Mbpp/68,Ab1-Raw,e10cbe410408a09ac47cffc0b9a74a7a2c638ef184590577805d402d310aebc6,True
2338af2ead81c8f461bbcbe28a2a3ac2867cb5fa5f54c4fffaa3d2da659ac65f,Mbpp/68,Ab1-H2,b0518502651c3ed01dd28da3964f0701c20c1e813d4dc97e8b42abf5879cd6d4,True
5dd2006bb7409c936b2540cdafe645c09b5c8de865549fce2b7445e91b0064ba,Mbpp/68,Ab2g-Raw,15f4c81efc1c2209ac12ace654c7f7cd5c16f3f85a0d2bfad2dca1fd34716d04,True
e5de7c567f065aa33f8866c10b3cd4d98a8a5eba97251b7d0f32fe36e73c9f1c,Mbpp/68,Ab2g-H2,4c9bf50d29647b443d2679a1d74a8548015c02df2ab026d4b866cd61febc7302,True
f113c08a18d05bfedc090c2a57226f007008e6beef29d55a549390324d4ce2be,Mbpp/69,Ab1-Raw,ac17571fe963b67f1eb9630f42f3415a84c9a8a7e3b6db64c58b6395a2fbfc62,True
e83fdee3ff6aa77bb11ce93d887cc6ac3a2e0d33444e428cd0e0976de2db9de3,Mbpp/69,Ab1-H2,ac17571fe963b67f1eb9630f42f3415a84c9a8a7e3b6db64c58b6395a2fbfc62,True
f83ca86480c2a6f0c63fb99ee8512b4b863d229acb741e07d6b86bbe9c7d6c21,Mbpp/69,Ab2g-Raw,746f570b7b03c09a85ce6b2963b8a32f346253c3c6108eeb3310c941e2979dde,True
2081903f586ed2fac028c2798987b9d99d240bce40b1fbd2090cb2b7ea221b1e,Mbpp/69,Ab2g-H2,746f570b7b03c09a85ce6b2963b8a32f346253c3c6108eeb3310c941e2979dde,True
7297e6c6c7818f92c1b0a3254220304710362fc211b4c566df8199fd1bd20ab3,Mbpp/70,Ab1-Raw,e3422af2c81f49f38e80ce6b0a8477118eeadec79d5c6d3df5bf2ec82c98b98b,True
955c4eb0a2e8b70b2ce27c9deb66b5936bc2ea2097ace563cca3b0e4863a3cc6,Mbpp/70,Ab1-H2,f699f54f24df44f86479ef74b162b843d7684d3f44aff181639f3b903d15ff7e,True
820075d7a298840c36dc949a4bb9b77a38170cadc945c666be914e6d97cebce1,Mbpp/70,Ab2g-Raw,5d21f084e55819ad7cd55473900f28f50d8adf93a7dc3b656b55a29309584e56,True
68bfa96a4e3897314d656e2adcf341cc77fb0c3c75c3c6d1418f38bf73c80ea4,Mbpp/70,Ab2g-H2,5d21f084e55819ad7cd55473900f28f50d8adf93a7dc3b656b55a29309584e56,True
07b37018f03a21c4015f871e327519d409e25c3c802bd012da54fb81935b9b5e,Mbpp/71,Ab1-Raw,679a46b956d2a91786048c37bbf80430269862d1881c1e262259bbbb2dc70b54,True
26f6bceccbbdab9f6a4b2baed0ed89815b97b63eaa8e8499b3c07010352321ab,Mbpp/71,Ab1-H2,603289f18774531d1775480ea219301260c3afa1bbd05d1dd0273b78390cb28d,True
379ffccd3c85a1524fe5ce2cf851987adbb3b24908f94f4a0cecda3c8fa31c02,Mbpp/71,Ab2g-Raw,f368e82d46ab9d4ab0faf59251633e7689ce6e9953f6d319fd4da03a544e86d1,True
7c6889f818229d1ce3018b7e58ac90d52e53223dd79117fb46b76243197ecc83,Mbpp/71,Ab2g-H2,f368e82d46ab9d4ab0faf59251633e7689ce6e9953f6d319fd4da03a544e86d1,True
93d5b6b97ffdc3225dea91b8a6b751540b7046a7bd4b934de00300598afd3ada,Mbpp/72,Ab1-Raw,c2bb734aeacd4a71025edf6bbfbf5f923ab4e066bb57c6847a7c4f1cfb4c4f86,True
23f55ed2d6cdffdae6bff529ff24c8608e379b962bd83d4b752b1bbb5c6c286d,Mbpp/72,Ab1-H2,c2bb734aeacd4a71025edf6bbfbf5f923ab4e066bb57c6847a7c4f1cfb4c4f86,True
84544d3385d361b59e1611369166a3ef9893cdcf1c4490b3b5e83d99efa7fc33,Mbpp/72,Ab2g-Raw,1963b659e68c04c8bca26a48bf3e93ce376bb09addc7aa28aab63fbe58a8bf78,True
250a04a8bb9521eeec5256e2391a0eee11384bdeae83f6821c3ca470694c26e1,Mbpp/72,Ab2g-H2,1963b659e68c04c8bca26a48bf3e93ce376bb09addc7aa28aab63fbe58a8bf78,True
77f9eeefe4808eab1a658fc21c3b4cf462370fb136c361e410499d6f31e9c023,Mbpp/74,Ab1-Raw,b8048941fed89b90f2b34f01e421197db93946f42bba4b030cfb3f6b533e4314,True
719af0f47e138ef645f5bb45e0a26c8c5c3470151d2302f7ae399e949b4607f0,Mbpp/74,Ab1-H2,b8048941fed89b90f2b34f01e421197db93946f42bba4b030cfb3f6b533e4314,True
2324423a305c5c85a5c645304bb6153c40c1f35c9f5370c3dc311402c5a5ea79,Mbpp/74,Ab2g-Raw,2cf48732a8dc259018921e49c065ae96c66082f52a9418ae6dcd8b2ba4d0323f,True
d917a61726b7513e82612759d6be0b0415024972a2fde19f45e08edb954c6d4d,Mbpp/74,Ab2g-H2,2cf48732a8dc259018921e49c065ae96c66082f52a9418ae6dcd8b2ba4d0323f,True
eb9129b980796e85d9fda26bda548bc730909b694df0c782a4957ea9661a7ad9,Mbpp/75,Ab1-Raw,fb14977869ecba6cb59f30ecaec5ade9c372eac7398397530230fa5ef633ac4d,True
267f040e6180f8af5d0d214c4bef9b585e6cb8d7f599ba812d1441e5bb51cfce,Mbpp/75,Ab1-H2,fb14977869ecba6cb59f30ecaec5ade9c372eac7398397530230fa5ef633ac4d,True
7bc6bc9b3892cf1b7e8f9149e0794073c025f466b4e1290c89768e70f3b360f7,Mbpp/75,Ab2g-Raw,1f8a9d48eec39562b08c4f71895b1570ff73bc824f98a810190460c3fe213139,True
ec4aa8d876f12e4167aa1459a46a6a745204a298fbd7dd77f2fe50788db16861,Mbpp/75,Ab2g-H2,1f8a9d48eec39562b08c4f71895b1570ff73bc824f98a810190460c3fe213139,True
3f540ccbc57dd689420ac5cb7040b1a50078415592a221c9487d6768f4d057fa,Mbpp/77,Ab1-Raw,,False
c632446db4fe19271bd7ee09b2f083383a5e17880066c17f4a6fa18834acaa0f,Mbpp/77,Ab1-H2,,False
64c5d99007a6443dad43f5126c5f5c6fbbabb0d91799aa0c675065313cc1004b,Mbpp/77,Ab2g-Raw,9b94dc8f35d1cc2e3009c42cf87c317508c9af0da5bf0a8ea970d7a0048c3563,True
2e60d8628e19a9609e5ada1ebcda8922d65f7d0f2b5d6f8d7b1d7b537eb5e4cf,Mbpp/77,Ab2g-H2,9b94dc8f35d1cc2e3009c42cf87c317508c9af0da5bf0a8ea970d7a0048c3563,True
0652e61483853f1be43a3833a2f18bebd3516c1f2074cb174fd119915843248f,Mbpp/79,Ab1-Raw,,False
272a1afcf44e8d6235b0f584fd009d40ac018cbce86332d9e3ec47d40ab6b9d6,Mbpp/79,Ab1-H2,,False
8c6397952362f34c7603f003dd2a15470e4d1f9251f3e2bd98a7315d3f910b5b,Mbpp/79,Ab2g-Raw,03f22192898f44fd9fc6960fbe8207717aa77ed35a9c29bc3387759d5564fa65,True
a327761e72bcb51e397de41a7305014ba76b7907638edd48e4a7630f6635e56a,Mbpp/79,Ab2g-H2,03f22192898f44fd9fc6960fbe8207717aa77ed35a9c29bc3387759d5564fa65,True
494c39c795497dcb9fe959a21064aee6588d5a7c58e9b301e5ed14acdd14a4ee,Mbpp/80,Ab1-Raw,9e7bddc3acd9ef8eed8a7889b9f9972ed1000fac5ba4d36d8dc6de36193704c6,True
6aec0f7aa897350e1f3999d5755a96fd29de983dc588692a46fd52f968f7c353,Mbpp/80,Ab1-H2,9e7bddc3acd9ef8eed8a7889b9f9972ed1000fac5ba4d36d8dc6de36193704c6,True
9d6d02ac4832e877727ba721ae0ecdb1a4b47b5dc69d52be86e55c0fd08b5dac,Mbpp/80,Ab2g-Raw,6a4b6bf3d3e7e1bc12b538bdc019a5f9d07cd81a15ff7650bfeadd119100fe9d,True
0328095750db1a5e75d490a2fd8b17df07dd4d8a8275460af5730b117633da4e,Mbpp/80,Ab2g-H2,6a4b6bf3d3e7e1bc12b538bdc019a5f9d07cd81a15ff7650bfeadd119100fe9d,True
a5f38ebab3459973c4240decb645d45ec29bedc5b107f3826cc7cf93b78a3277,Mbpp/82,Ab1-Raw,065e8bd204fa47669e270aaccbc34ba7ec2373534565ddeab9d2f20e1fd565aa,True
835a22d9e3d4dc696c4cf80c9de96e33f916f4dd1beebd1973efa8506eca87cf,Mbpp/82,Ab1-H2,065e8bd204fa47669e270aaccbc34ba7ec2373534565ddeab9d2f20e1fd565aa,True
bac08cfd9208d1dc05d8f4da76b90141acbd5a0aeddff6a0f5858794abba5fc5,Mbpp/82,Ab2g-Raw,2fc5fcfc852a4d7e565ab84a3c57f9499b8ca6be60105e70be66da15c48ae890,True
bd5a1999c54450f9c15d746874b16bda09c87fa6589ef23ef4a61cd7e1c57c90,Mbpp/82,Ab2g-H2,2fc5fcfc852a4d7e565ab84a3c57f9499b8ca6be60105e70be66da15c48ae890,True
91deeeed017559b88a3272a9d9053030547768b958bf7f09cedc39a44935b691,Mbpp/84,Ab1-Raw,0ef7ea04421d0d342ab4eaf5ed0d1d1f4e084e396365f57476d1930dd20851b2,True
48879b9e9f5738fbe8fb95341fc261e727bd4a1142a4dd0501d13e3736dfe517,Mbpp/84,Ab1-H2,0ef7ea04421d0d342ab4eaf5ed0d1d1f4e084e396365f57476d1930dd20851b2,True
51329fec05f3ff27a8da5ee987eec802993f007e3b49c1e0138015bf4a3682de,Mbpp/84,Ab2g-Raw,55d22452b640330a01cc6fa1b5bc7f4d8ede7f0a5d9341050f3385ea6d3a4033,True
9d44cfa0a5e33e84b3309c3aa1e2d1c7393e2d2b69f879112ba48c3b528b7534,Mbpp/84,Ab2g-H2,55d22452b640330a01cc6fa1b5bc7f4d8ede7f0a5d9341050f3385ea6d3a4033,True
79a5692890a0f121fb11cf7c9b471dae2b4848e61d6f37a9b3c2adb3388b494d,Mbpp/85,Ab1-Raw,2e1dea5c27c75bd1173dc990dfb5e151f700b162b2c67b899c496e841e70a782,True
4b6ca17be1fcf8486ec860f3b2cbe45d13bfc9448add4075b653a944f8f64079,Mbpp/85,Ab1-H2,2e1dea5c27c75bd1173dc990dfb5e151f700b162b2c67b899c496e841e70a782,True
9cd4d1bb9f9f9c1954d75bddc02a5d794759a4bb0479fc01baa9bc9ab0b91246,Mbpp/85,Ab2g-Raw,b6bd86eaf97f5440a6ce668d345e5ab1520a09b68f460669b0fd4b21bc53772c,True
24b5f09e58fc0b2d461e0ec897c86f60c8ad4b0da3a7341dd6e095172ee565ae,Mbpp/85,Ab2g-H2,b6bd86eaf97f5440a6ce668d345e5ab1520a09b68f460669b0fd4b21bc53772c,True
00aaf9a04e82d0650f14a5e2c31944c0161baa590c2bf244ad07adb6e25ecca3,Mbpp/86,Ab1-Raw,f6d483e3cbffa9fa3141f68d2318fc2048779d39174ea50ca5543fb5c8899c62,True
7d2021222b2e3611594b946553f20a3266448acad69c4bb71d59fab50ee494ad,Mbpp/86,Ab1-H2,f6d483e3cbffa9fa3141f68d2318fc2048779d39174ea50ca5543fb5c8899c62,True
af478bb38b699efa62d39db7f86a25cab8f3fbac9180b7d052c2804a024d9620,Mbpp/86,Ab2g-Raw,dfdaf83f5a5b736309a3443c1bc56775ee3cc8db19c5085705f279a9238c1c32,True
ef708dfa7aa30914b18a929c1ba5ff54ea242c13c822b8df6d8a099c59441a18,Mbpp/86,Ab2g-H2,dfdaf83f5a5b736309a3443c1bc56775ee3cc8db19c5085705f279a9238c1c32,True
2d268e9d2fde85e161c415b515da4a685204ca85725c0cfcd6c8dff0852aec04,Mbpp/87,Ab1-Raw,d949dc84b7e9e9fd2845dc9b66756bef276fb29e383ed52a116606e70009bfde,True
c62b09c3f5530a016ef69a5fc928ab99df7106c828688c5b861aa9d1b3c67e40,Mbpp/87,Ab1-H2,d949dc84b7e9e9fd2845dc9b66756bef276fb29e383ed52a116606e70009bfde,True
dd17183113888e890bf01963b1bf3e7d3980246bf564b2dc969700aaef97c859,Mbpp/87,Ab2g-Raw,302f0c30059b1135db89e0b3baeaef3830adddefba720428cc1c0116779fee29,True
ab07859fd3ecfeea2eb54ced8c6fbda34ad04de6d1dbb6f9e37413b7286f8d61,Mbpp/87,Ab2g-H2,302f0c30059b1135db89e0b3baeaef3830adddefba720428cc1c0116779fee29,True
995b02b3b2e4e8176a50793dd82b3d6e8cc1d6c398881be5c8e8839c3c8efc28,Mbpp/88,Ab1-Raw,0bd0fde5dcdeb80c0f4063a8aa558b081801763d2cef1807fb1bb0d3609531ff,True
3981697007c469842d82eb774da8c5a53cfbb5951bacfed5544e28a3150dd35c,Mbpp/88,Ab1-H2,4674317b3694b48099b49dccb25d7ae3de55e46ac89ef97654ed94add9e4fbaf,True
83c90b95059faf5ea39382ccccbde58c039814570ebef58dbcb3683cb54bff0e,Mbpp/88,Ab2g-Raw,6d97daea944ef3b31f4e032e4d81b22607f8c3473a6831daf55ae74b720339a3,True
92e8bbbc60cf80dc82f9d9cffbeb947171ea4cae516012894b981c8f0db3c0a6,Mbpp/88,Ab2g-H2,6d97daea944ef3b31f4e032e4d81b22607f8c3473a6831daf55ae74b720339a3,True
c528c425b9d6f57e281cd6294067b5ef64f64d5215afc89654235996f1dfaf7e,Mbpp/89,Ab1-Raw,e66b571091bd174bb8ffbd6a582aed466798d4724960139fcc99b260528b25cc,True
9e6b5b9a7a8a932fabc074a820f0cb9dba1825a991fcdbbc93b69216aca1594c,Mbpp/89,Ab1-H2,8dd261af897cd1ea9ccb21610275e8425d59cf5eaef3c737c9b577df6daf909b,True
31cee4ca34844267f94444cf12eaaab6bc6ea29a7835328605624651d5bcd601,Mbpp/89,Ab2g-Raw,5ba636823cc4326f1703c69b6d4239f62a1f4d14d7466c50f847a72fcdcae82d,True
817d239286e60b098d2421d0690b3789443fcc30506c104e2fb4e790c98f8022,Mbpp/89,Ab2g-H2,5ba636823cc4326f1703c69b6d4239f62a1f4d14d7466c50f847a72fcdcae82d,True
345dde07854cc1e014ab71cb6b97e57fef8bcc8f9d26c0ee579280dd5cd83a7a,Mbpp/90,Ab1-Raw,daf25637f61aa19f89874e6cfc2d74a1dc42f69aec5133e6e911c5555d814022,True
52a57f9459c285751e2c82a1cae5f0cb7df672db32983f76672417d52a3cfa7a,Mbpp/90,Ab1-H2,daf25637f61aa19f89874e6cfc2d74a1dc42f69aec5133e6e911c5555d814022,True
ecdbdb2768e0865557f95bd1589f7f0893baebbc12e9288577d5233a83a5dd2f,Mbpp/90,Ab2g-Raw,e478375957d0dab9f497bdf973c8367d7f6188a67fd318c95935565674609293,True
23371dbcd92fffcadeab27709a694f8d71ac4c0cb0d5c144e158ed5d7f6a35df,Mbpp/90,Ab2g-H2,e478375957d0dab9f497bdf973c8367d7f6188a67fd318c95935565674609293,True
720b208034d2010374749c3919b03da6b88a2e12280c7058c6aa50c587913653,Mbpp/91,Ab1-Raw,71650ed6d1603540358fbcc2cc749af92e58726822fc3352309921c226a08bd5,True
6e7c5a592b3d3d9f1539575e7b6b17141b6bd5d4f3693500708d3726b04810af,Mbpp/91,Ab1-H2,58b5a944802dae26d0d021222511507e159018d60d16ecb70ae8c76c0dd6cacf,True
e0c3fe5556c92aa983b19f093daf95856b4eb719ca3eace921fc1c81c705f7fe,Mbpp/91,Ab2g-Raw,694f368dd9c99f14bb53b8d53632510b6b89d85032b6388487682f7ceaea5ca4,True
2365883f488c46224f7ec3c32782b41dfca6f9cd65d33dffc3658c2f090eb5a4,Mbpp/91,Ab2g-H2,694f368dd9c99f14bb53b8d53632510b6b89d85032b6388487682f7ceaea5ca4,True
5841ba3debd62c2d819e3c9e7496327be66c7788ca2f1f1f17e656a85449384c,Mbpp/92,Ab1-Raw,3436f599de3ed7229e0c1b853921d40eb4a3757b77bdb853103ad51377906f40,True
befe04dbaa96248b820e5af9e92451377802b0b19dee862c92809d57da3e22f3,Mbpp/92,Ab1-H2,55ca1b434c4554339bd0e0defc73c8cbb30266e5c3adabed945524e142e0d5ec,True
c8eb58a3b6dd0e1191de31000f0db6bd6a78b22123bda3c43eeec0f31e21efe6,Mbpp/92,Ab2g-Raw,cdfdbb7444e8805877aa5d4ae583dac565b3a555982647ea7c9121e959bc9142,True
89ee25a243e39295dec0a24d5c03fc4910a8ee9abdd181300a9a418e831170ff,Mbpp/92,Ab2g-H2,cdfdbb7444e8805877aa5d4ae583dac565b3a555982647ea7c9121e959bc9142,True
85566d56510b7b5f504f92dbdad71ea9ba216ef44b50fbbaf3e291e22e3ad68d,Mbpp/93,Ab1-Raw,34812caecc1614659cae9ea987ad8a85fdaea649971440d670011fbdd708b31c,True
4be6f45b2e7aa81350adf2dccf050aee8d8a3f1358cf77bcded183974b910a97,Mbpp/93,Ab1-H2,7788b89d6655c1b0944c225ef682f7f47ec1cfe44369b2048f2b843daff28d9d,True
43e57ac27cf3f1fe1aae5d713c413bb4689794b4e40ea0e1c0abfed7450bf4ba,Mbpp/93,Ab2g-Raw,7d47abb11ab221cbedc4135301c1362d2c7e92a9753acb48d76f56ad98399b3c,True
eb5c18276e2218565a39f49a7645bf1b73cf79b19f994b69c7c1f67bf2899db8,Mbpp/93,Ab2g-H2,7d47abb11ab221cbedc4135301c1362d2c7e92a9753acb48d76f56ad98399b3c,True
405edebe3696ada07d6f0b256343ff370bbf5631606ca77c29c765317de87369,Mbpp/94,Ab1-Raw,dd94112f48c179ac96ae381f9fbc8593f4b9a4f99d8c834fe7de67b18bae6558,True
d9a600d498f56e6d37d834e1afb545c637e7b1310565f66276811813a37736f4,Mbpp/94,Ab1-H2,dd94112f48c179ac96ae381f9fbc8593f4b9a4f99d8c834fe7de67b18bae6558,True
801f8d888818f8b1d4da7521577b6598ee4307c79dc9c44ce0fd583d7d8453dd,Mbpp/94,Ab2g-Raw,53cce58ea4cd05e049d0fc28ea30b6fb533ad5dd35a3cbd7ad1130078315ae89,True
36528530b281789d5cbb7e1df87aad33826b185544eddd4dc60f38a3ff8d60e3,Mbpp/94,Ab2g-H2,53cce58ea4cd05e049d0fc28ea30b6fb533ad5dd35a3cbd7ad1130078315ae89,True
571f29bb1832721a6c6d5046c5060339818ca3d8e821702b5827054badfcd628,Mbpp/95,Ab1-Raw,,False
bf44c1c12de3c75cc4bee6705d4e9a22892199938b5641576e7520f1cd952994,Mbpp/95,Ab1-H2,,False
9709000f8f4cd4af4a30a95ca2e34645cfe113eca40902b8fd81a56a03077dc8,Mbpp/95,Ab2g-Raw,b15c23460d892669cf7687d277069495747a38c5933c61a80d5cdc78ec802d00,True
830a9d8b421f0990c4bd10dba1b2b2dda8f8bbe33293c13f309dd7efe4cfb3c4,Mbpp/95,Ab2g-H2,b15c23460d892669cf7687d277069495747a38c5933c61a80d5cdc78ec802d00,True
d895b6355c2e006d8a2a2a57d60aeddadb3f7c742675a0ffb750cd42b4f7f39c,Mbpp/96,Ab1-Raw,6b86803fd49ab642bc55d4ea0dfd371b1dece371c7bf1c0700a4bbe22549d43d,True
20d34adb317e00c8325c775f3a1e229f1c37dd2ce9063ec2ff67cc4325cd52ca,Mbpp/96,Ab1-H2,6b86803fd49ab642bc55d4ea0dfd371b1dece371c7bf1c0700a4bbe22549d43d,True
48763c2d3180be606ce3a675493424c8027d09a09b5a994b579d16ffd1396408,Mbpp/96,Ab2g-Raw,ed885a180f3eeba6cbdf2f6f1b325815d9160165f19447a24d1bf023e1134cdd,True
f291ac044800d1d790db0bfe6f0e69cf5ca8a85717219794e24a714291535c01,Mbpp/96,Ab2g-H2,ed885a180f3eeba6cbdf2f6f1b325815d9160165f19447a24d1bf023e1134cdd,True
c4707595cb49cf75e0daf160833962f639eaecbe9d69b530ccda80fb74538f0d,Mbpp/97,Ab1-Raw,b78525553fe490323d6499ee0184d054d40e04be98237955c08b7aa14399ada7,True
85064954aa60d031fd0b94a986b0fd1d74db5167955099f4ccbc28be0c864ed8,Mbpp/97,Ab1-H2,3065e35d4bc9e71c02265475f6fcb7aeb9f4cb709eded7bb34391d6f40921af4,True
87d43bf34a681abb12b10fbeeaafa911a21b96ac907ba1ff0e65185d6af76bb7,Mbpp/97,Ab2g-Raw,6692c8080570a973babf0087efb0d0779d9ee8b0ce776e1cdde89752e7fe7d1e,True
5f541ff981341b8b81f4d7af77b6f2bb9844683a8ed9018e0729e4e5ffa962ea,Mbpp/97,Ab2g-H2,0ddf1806be06833a47fdc09aa77b28266a108f465c3dc6f9bf19015ff902739b,True
5c82f2abfc8392f210cfe9d0ee1ddd470cc726df4563ac040041a741ac0345a3,Mbpp/98,Ab1-Raw,277c951368ba978bef34891d4435d579c2a2de78f961bee087e232be73e7c97c,True
01654a51d3c413557973fbc0634062119e9ec3f1b68e5c563a054a3a030d4b61,Mbpp/98,Ab1-H2,277c951368ba978bef34891d4435d579c2a2de78f961bee087e232be73e7c97c,True
d7ea81e9104d54c622be0b8e212d38ed9bbbf3aceee7e355aca81f6a86618bd0,Mbpp/98,Ab2g-Raw,53d187bbc1e288f2b5cfb4bd217c035960a42ac0c98328fcf543e7b9f3c77883,True
2628760a5fac884cac0b31b06d1d6c048e7066f62a1e4ce5c99c646350654476,Mbpp/98,Ab2g-H2,53d187bbc1e288f2b5cfb4bd217c035960a42ac0c98328fcf543e7b9f3c77883,True
ce32283ebd627a18b2b624e3121510cde1b2f52664d41fe51c22235fb90af70c,Mbpp/99,Ab1-Raw,9d3afbdffd456dd5364746d60223de748b02e322153cc048754466f95654c3c9,True
d6f912a6467a4571b9a01a38468bcb2cd93c8c13f5489eecce9f3fc122187337,Mbpp/99,Ab1-H2,72cf48f85d59946cd40223fe715745c74a95f9384a0b12ebf5c2c10eaaf8a8ab,True
792501c828a3962f1ec6a8a9e6c993ba908cb95c14a539ee8d0cbce6643d8b4d,Mbpp/99,Ab2g-Raw,e9b54ac7a7fc0ab3baef2f693b17ffbc2f9a477417b535a2a32dbccaa7c31b20,True
f88ff1555853fdf0cfa026a0000b080ebf6f6ceb5360badee1ed13a6bc782014,Mbpp/99,Ab2g-H2,e9b54ac7a7fc0ab3baef2f693b17ffbc2f9a477417b535a2a32dbccaa7c31b20,True
31282d3cc11d98d29fe6704528803f33229b95c1a230cee253f8e44f7aada393,Mbpp/100,Ab1-Raw,673b8a93ecd984fecaabf2a9507c22dc2fdf74859bff155c40d3bd9481a00968,True
70cca40c22d2456786f24184fafe946c07e658990a5026a60d1b70db86a0ee49,Mbpp/100,Ab1-H2,673b8a93ecd984fecaabf2a9507c22dc2fdf74859bff155c40d3bd9481a00968,True
1fd4976196b787e0fac476d0e16ad67a837585dd81d90c2d542b40efb490142c,Mbpp/100,Ab2g-Raw,d2e1c51b51230e13542d77955172125d33a9114348bab10abfc5d6cfec8c5978,True
a108eecdf6c67563ed8f2a593b9a52c0772b5b10dfc09724b6e2791ee4295428,Mbpp/100,Ab2g-H2,d2e1c51b51230e13542d77955172125d33a9114348bab10abfc5d6cfec8c5978,True
650d1cb6e9ed2acd4b9dd9465e3d906e19d348ab2b31c4253f92660da0b0c367,Mbpp/101,Ab1-Raw,1a9dd0ea593ff6aab6b1169b1dbec07b06b9877f21765369761b733a6a39ae4c,True
60541b03a90577938069bb851d14e8b3a7c5cff3d54a86632725054f5fc0bc25,Mbpp/101,Ab1-H2,6f0caf4efd62c31b42f31a3285ebe9f6049da30af4bb85ccc410dec5add742e9,True
b6c882f70a5b25018cf8f44f31bb55d7f4d93db0a0ceae07dde5f542cf261fcf,Mbpp/101,Ab2g-Raw,748611c2b977f6283b9ea5bff5795688293796ed5f47e7fe50dcb6ec16ce02cf,True
51b4816afd02e95934642951d7ab57d432d87ea52e4024ed9264ee395de7cedd,Mbpp/101,Ab2g-H2,748611c2b977f6283b9ea5bff5795688293796ed5f47e7fe50dcb6ec16ce02cf,True
d477992cdd5f64b41d2821de6f81553317bc94b1032975d517163d45e6410db6,Mbpp/102,Ab1-Raw,f9bd8c3930cd920813f5eaf187d1bb1212b8dabe735308511255adebf47ad519,True
047f5367d89616921cfc12afa2be3702d801a98b7899eb2bc7c04e7daa904a0f,Mbpp/102,Ab1-H2,8df5711a916f73ac996f30d64d8541bfa251cffc9644b719833a440ebf8dfb68,True
57f1276433203188a183748e97edbb606b70715c8171b989a487ccc48091d3d8,Mbpp/102,Ab2g-Raw,43d1a4ebf5b4fed5dad4765011e1ecaecf8a7d7caa2936d8ac182749cda1612e,True
d9e52f43dbf57deb5101db94ca4350b3cd55b7792a181a373dd47627d5076b4b,Mbpp/102,Ab2g-H2,43d1a4ebf5b4fed5dad4765011e1ecaecf8a7d7caa2936d8ac182749cda1612e,True
dc40f57122aa3da392797990495102832e908ca5bfed501f4482b0d88d4c4744,Mbpp/103,Ab1-Raw,ec9e914c23e0ced867db4576bb851814fd24118afb1d742c530defc11cf1087a,True
0c94ef793148e4599c83ceadf9b15010434fdb290b8e355764a97b3c8a94e99f,Mbpp/103,Ab1-H2,ec9e914c23e0ced867db4576bb851814fd24118afb1d742c530defc11cf1087a,True
d83d611bc8c2994eda1f67ef023717b86fb571d53067fb1591cab1ec1df35e5a,Mbpp/103,Ab2g-Raw,4c0cb479e43ada461261f8fd444021de4b51757e56bb57e826a3f44087ebaf37,True
6086762058f7909610ecca25b294bccc655674ba1ac275dc48bf546120bc4045,Mbpp/103,Ab2g-H2,4c0cb479e43ada461261f8fd444021de4b51757e56bb57e826a3f44087ebaf37,True
f19d917df5c10ecbf1dd56988c3225151044d66baffb668a0f63081c172cd76e,Mbpp/104,Ab1-Raw,070dcf80018a266b6511228bd400f1136dea4cd9ae1623b286034f4094f51ba2,True
5f23fec11a9d15a206d432064d8868c3cd7d1e59076f5e8b4ebc3c6f97e168a8,Mbpp/104,Ab1-H2,3f498151c3645ed8db48f7baa66bff29c38e9a27cbffe84bdafd5f82c7e6634a,True
3a9bd6e49f7b15919716d526ca0f1a13bcfff8aedc1911f9ea176afc7702b5cc,Mbpp/104,Ab2g-Raw,d11303fb1048ceb3e1159c035b722029c84353f5c140d7006a10f1e195fdbc7a,True
825e4fda26d11d05810514170858ede498ebb92461c373c55743124006fe7999,Mbpp/104,Ab2g-H2,d11303fb1048ceb3e1159c035b722029c84353f5c140d7006a10f1e195fdbc7a,True
079ff93fc7852051d948e1b955e4362e6e0f4b052854256af301fe15c5d5d8d4,Mbpp/105,Ab1-Raw,61458cb0d17c575255223c0177bf52910d7e581995a743c2814425b7aed0abea,True
0b3dc7dcca26a3cce462a87723414cb82a11a7480ee523f547771275cf0a180d,Mbpp/105,Ab1-H2,61458cb0d17c575255223c0177bf52910d7e581995a743c2814425b7aed0abea,True
ceb8d2ef517c7bd59de1eede2969eb98220c77b19d0947c7a774ae3ae8c7249c,Mbpp/105,Ab2g-Raw,e48a5fb34a39f427f70a28b567f5c045936d5bee48472fcd0acc38170933cb9e,True
f7ff002d852d516ab6f6a16e3dd72ada2530db4cfbeb43bfa04709be9a85c00a,Mbpp/105,Ab2g-H2,e48a5fb34a39f427f70a28b567f5c045936d5bee48472fcd0acc38170933cb9e,True
c9e99cf5ab5700271ac1f3f31f6139056d6480e5cdff6111f6dfc000d7d8b2a3,Mbpp/106,Ab1-Raw,dd83a2bde5216431e260613302d2466875bfcb3fea2b2800bf86989b362cf150,True
fac58f9330429cc1ebddda95cbd9db1a19372f74e8b3d1c8eef995fcbe7f155c,Mbpp/106,Ab1-H2,6a5f3b3dbe9226582f2bd24fb8172d290ba59d2a4b74425037ac28abf048bb7c,True
4f4082c12e5a85ee0f2981691c80ec9238e030a57f070e3e1e095c0bcc640131,Mbpp/106,Ab2g-Raw,478eb22ca20acd6462c22809b43b5559be541c840e8e2941ec013d6470a0407c,True
4f913b3e30b8d8c2d5f14db58a05d381e0be79309a4364b2b5fbe43752db9beb,Mbpp/106,Ab2g-H2,478eb22ca20acd6462c22809b43b5559be541c840e8e2941ec013d6470a0407c,True
0e1286652c4348e175882ccabb4fab048a872732f4c95802797a26f23b3a5153,Mbpp/108,Ab1-Raw,4e73c5df6c53752ac67ae175fa87bacbd476fab0bce61b288500a1c77a020a1a,True
3c458ffe01a531b83cf68dccbc9b8ceb64064346a9ca12ec1f6dc5b4686ad497,Mbpp/108,Ab1-H2,4e73c5df6c53752ac67ae175fa87bacbd476fab0bce61b288500a1c77a020a1a,True
a8743960584fedbf19bec95fad4a7b09d323df2c9d3ca85abbc93ecf50d2b09e,Mbpp/108,Ab2g-Raw,b9d141c7a5b1b109e6e30802bc4b649136f08458c4c2f924e4d8811f4ea3b8c9,True
5a2bde58a1434976540348e7f55282ce1cf5133ed17859f9fdc61a2d7cadcfcf,Mbpp/108,Ab2g-H2,b9d141c7a5b1b109e6e30802bc4b649136f08458c4c2f924e4d8811f4ea3b8c9,True
55f3186f69fc3633167829aca5ba1f815894d87c6b23ae53442985c9d71dc9f9,Mbpp/109,Ab1-Raw,5529e124028b23fa7874fd3fe286df2be5560a5a2c394e0ffb876f60b58e1a5f,True
cec54da13b85df2fc41a55e8165978fb50491df110077cad96eb78058725c0f0,Mbpp/109,Ab1-H2,5529e124028b23fa7874fd3fe286df2be5560a5a2c394e0ffb876f60b58e1a5f,True
776d6115989858bf51e371993059bc3510368ccb8062d10c7234a844e52dce3d,Mbpp/109,Ab2g-Raw,6ebefc4050248386879663cb1f3a00c53328bf88a01b503c62cd89f8a5c161fc,True
dbe48ef6d15e0c63ff102838754448403b5598b10d02eb85afb544620eccd446,Mbpp/109,Ab2g-H2,6ebefc4050248386879663cb1f3a00c53328bf88a01b503c62cd89f8a5c161fc,True
cf4942b100efea8d81676c18ba3eff214e6c3e6bc46bb3d758eafbb6c8c01e12,Mbpp/111,Ab1-Raw,6f0c98615f52671ae6c765a3efaa89d89b7c421867bb6075edba0bf442c21748,True
e9f4312fe395d850063fc03c5f3907fe56b8a60de5fb78aee8eb777e9509aefc,Mbpp/111,Ab1-H2,6f0c98615f52671ae6c765a3efaa89d89b7c421867bb6075edba0bf442c21748,True
70b80f746a625b082fdab958d69f1fa6c3b89134dcb5a65e9e1f00bb08f35468,Mbpp/111,Ab2g-Raw,e405253304cc9cbf5e9f3e2e1a84139bc5f0aa1559d3925326e35261233f0f3a,True
b95bee135f4417f5104e28a4ea0f6dd25ad988179a0ee37d1e616822f913faec,Mbpp/111,Ab2g-H2,e405253304cc9cbf5e9f3e2e1a84139bc5f0aa1559d3925326e35261233f0f3a,True
63e15a1f0af500de145577867229595a74bdd3c0f48af3c3f8b6fbb49e7bcf37,Mbpp/113,Ab1-Raw,8d82c21e9cd14af6bf68cf9ab06a6df22c3ff1340e21d1d1f86b355a3283af19,True
8c3440f253d84109de96b50e525fbe121396feefe4995ddca215270f26bd00a3,Mbpp/113,Ab1-H2,64e3314e29a4725c86eb988a2fd3c53d144d464a01160063c334953741d2ff82,True
23d0d84dee24ba82717bc204e1c0a1193cdd80c2626b09ed37294c143f987cf7,Mbpp/113,Ab2g-Raw,d1547769b5020dcbc3a58fc11b1c7b3de011082638ac1fb440899a291fe15de7,True
eb8f33f4636b5c3753c1fcf7fe8728c8ec4b8dde48292332a2b92dc66712c3bb,Mbpp/113,Ab2g-H2,d1547769b5020dcbc3a58fc11b1c7b3de011082638ac1fb440899a291fe15de7,True
cec10bf3d91f93bfec25a83b37fa6ff2158cd462eb92bc0db0e38252e7a16546,Mbpp/116,Ab1-Raw,d0ec6315f8a57731d612dc27290a05796befdadf0b4a1be6ceb620122b157060,True
df22b049add3732611a42c64f9f1acde48497403a2f6dedb573eb5c8834d2efb,Mbpp/116,Ab1-H2,d0ec6315f8a57731d612dc27290a05796befdadf0b4a1be6ceb620122b157060,True
536f2bafa6e51ec73763cf191ceb635cf56a4f930624c379ccd5c3ca83c5473d,Mbpp/116,Ab2g-Raw,48da8e07ffce2321c511bea79a1e3e83939b82062e85fceb639b85d600dc50ee,True
8d0bc1c898b390bfc38383d0f5bcc8944bd1a4505507fd310ab7c022907e0df0,Mbpp/116,Ab2g-H2,48da8e07ffce2321c511bea79a1e3e83939b82062e85fceb639b85d600dc50ee,True
f101a026ac788d30ce2ef3f4a7ee12322ab9178ab2bf48f4b0fbdb84e1510ed6,Mbpp/118,Ab1-Raw,05572b7c909f5a9a32cb204bf4def6080892bb984d203c8067e49079b6877edc,True
11626099f0da0311229ae128907fce308c3a87d0ef72a41b6aa68ce5cde64ac4,Mbpp/118,Ab1-H2,1b4ed1272b4dc8f386a2bee753eefc430eb48989d1d908e86480db2cbbde4a5a,True
6c760bea034760b728c1c1f475831fa7645f3b50986d1c17f7c981e76afb5602,Mbpp/118,Ab2g-Raw,2f29378dfbe1a9824088e0b4b8b2d33c4b116eef419f90963687e6a65c3db307,True
cd676f441db0be2114d87ee874bdcbda35823eee7cba887d25b50a7d91856311,Mbpp/118,Ab2g-H2,2f29378dfbe1a9824088e0b4b8b2d33c4b116eef419f90963687e6a65c3db307,True
4ced009b7416dce3ebdf83fc95bac8ad4852e65111f5d4e813b63ce429b722a1,Mbpp/119,Ab1-Raw,99827b1aaaf9435cfcdd85a7e6da31f0b86d31611a4c562a7a2b5e3d79c4a735,True
e6e11a20f403b376bd35727639d4b07fc74530a645564830e1b1e5548361ed15,Mbpp/119,Ab1-H2,99827b1aaaf9435cfcdd85a7e6da31f0b86d31611a4c562a7a2b5e3d79c4a735,True
fb77ece985d56dc224e526a45bde25b1d758bb48c87fafb8a279589d5023e60d,Mbpp/119,Ab2g-Raw,68f24d7684191233bd6ab46c9f125c392afe7e8e2a1a6128975eda235d4b6907,True
5110b3b5d99db21a4d31ed74564b6387d54c21de048a2b54202ffde980cbcd4c,Mbpp/119,Ab2g-H2,68f24d7684191233bd6ab46c9f125c392afe7e8e2a1a6128975eda235d4b6907,True
0aa9a28a952d0c9b3668363f08e78bc34ed252aa284948eb4f71c53b2522abc9,Mbpp/120,Ab1-Raw,a9a38c8bc670017dbd87097d6943fb867f7a4f5fbe0f2dc766d970f72ae35bee,True
17497ff3c19eec1a6f25c6977fd2ab3b03ce2310f9bc8742ff10e460c479846d,Mbpp/120,Ab1-H2,a9a38c8bc670017dbd87097d6943fb867f7a4f5fbe0f2dc766d970f72ae35bee,True
8cfe669b7d3a83aacc09f324f270911080c7ab90231b81509a09d26f5ec40930,Mbpp/120,Ab2g-Raw,6233da1c96818ef51f80e3a7f958aa6598d9d336e6d36354442592a80de8d603,True
a4d893ecc4592168ce3be9ab671647caccce03c4bf2cca09535a2c5a9a596380,Mbpp/120,Ab2g-H2,6233da1c96818ef51f80e3a7f958aa6598d9d336e6d36354442592a80de8d603,True
28873be924bb35a8251ce274b644bc889915562523fa7f7d9a60f15ea4df2c3f,Mbpp/123,Ab1-Raw,f6055f30e8438e51497a014b2384c028052e56c4c0b832edce1ce5545e921509,True
e67f05a5eb763f2311bc675e63bf874921886cba88d2ca427ce46a5b803d578d,Mbpp/123,Ab1-H2,f6055f30e8438e51497a014b2384c028052e56c4c0b832edce1ce5545e921509,True
7ae78a47a5a9404d9b431fa1d93a682cefb0c4e869ce2a6db0e77b3b56ccc504,Mbpp/123,Ab2g-Raw,2503d39312b1d6fc2b9a6e2ed32f2683dad7025ea603e1133a63bdd151f7cdcb,True
20f54f609e2c7fd49a5741473b940692fc02286dfce2775cd62229f4ff31a789,Mbpp/123,Ab2g-H2,2503d39312b1d6fc2b9a6e2ed32f2683dad7025ea603e1133a63bdd151f7cdcb,True
388032b91a2454e63aa0d1f5d4f9600c9dafcc2817a1a508c969b6463662102f,Mbpp/124,Ab1-Raw,,False
2b894c50aa11811eb076ae5cc0c4775fad1db2e6eeae76a65609100960ed4dae,Mbpp/124,Ab1-H2,,False
115f0f610b81a1b3467e51223204088c60cfc13f975619db8dfb6f549e9e4f2a,Mbpp/124,Ab2g-Raw,3413773a76a8f66148187b6451dee189d1dc9490379a42e342510e868e8b6540,True
aae578008cfb3b266368268a2e88b51eb125609fe4bf187e3a3d45276ce28133,Mbpp/124,Ab2g-H2,3413773a76a8f66148187b6451dee189d1dc9490379a42e342510e868e8b6540,True
06cbceb34cce02c584815a242edc1ad34d1c53ef6f519504d1c3fc42dbe2ffd1,Mbpp/125,Ab1-Raw,fb77d5edc1e8787badd63255c3412681187b0f2e7c0c7819543367267008e732,True
a6b5c669b9e14fc0cab183ab6eda23c0659a06d1e3945e11f9717380b00ccee2,Mbpp/125,Ab1-H2,fb77d5edc1e8787badd63255c3412681187b0f2e7c0c7819543367267008e732,True
44078783f496ad26de9ce17317681a094d45c98ab1dc02e195484d0f7c145b06,Mbpp/125,Ab2g-Raw,3f18a39444681789369c9209440c141834d18d4c563ae02731d2a266c2640e72,True
10a0f580a894f91fe9710e9c0d8ba93a46acc9b98bd8f63481ea69d180091f66,Mbpp/125,Ab2g-H2,e23fea61bb1a7b16644805d611ee85d2b983df315c46d7158b6ce70f27568ce0,True
1feed035eaf34e22a3b3d6c6d5ab07dda08dae472bd334b52b9f2ad974543e57,Mbpp/126,Ab1-Raw,,False
47e63614c3184abd1a62c5206352f944163cfd4c16f4588f969733b9535f7fd7,Mbpp/126,Ab1-H2,,False
71dc74119c1e96e19e4548ab05695f321aea813225a212bdcd7a3c9c0ee205fe,Mbpp/126,Ab2g-Raw,b1b89b22db91427b1e683fc8945adfc4801b8e7b87933bf8073f8c074e8dad11,True
3d8a0d6b22df9e9cdca54d9a46faf526964791e121ec1134e23cc222ecc4dad5,Mbpp/126,Ab2g-H2,b1b89b22db91427b1e683fc8945adfc4801b8e7b87933bf8073f8c074e8dad11,True
0b16c4444690e009a7af6cc80a022879d3893097072941a57b4fe0dc83a267fb,Mbpp/127,Ab1-Raw,f9de62c53dbe6d73e33ca1ef0c09da399ddf3fed747cbdccb6c145c576f604e7,True
5500a91fc036db88a297590700d153df325ffd254792d3019e5f580d54755922,Mbpp/127,Ab1-H2,874dfcfa260e903c94d5f34191cefc28d9321e0ab2547bd03871044f0110e94a,True
022760388005a8b3f1fac404e7cc9fe42f4ccf1ac932ad5b9015968761374740,Mbpp/127,Ab2g-Raw,1a3ae384c04efb4f528980bece493aba537e10f46ca1559303bee5cbef41296d,True
d31f3daf3fd6266080cd7af7b472381a5def070ae13d9f3a099b4ada11b93d04,Mbpp/127,Ab2g-H2,140ca1b00960c06bc60bf7732390fb9398dde98dc213f34351c43c4f3cc6edfc,True
958e0a5507d20bf21f7fea8af0703d8d89862db4245f2d918b6e77fbf6919441,Mbpp/128,Ab1-Raw,74b019353690bdc0f4e72e5c09c804c985e3e40eb760474822eb29fcb8858ba6,True
40690f2c0c60fbc018df5e5a1ac738628a7bbb6bc2ea4f54b6a4eb0d4490ea6f,Mbpp/128,Ab1-H2,3e50adcfcd1bc791715bcf7fbf707c5688cedd29ab92c87f8c59952e3fe29d9c,True
3c7fd95705ee279dd52e23bae20a04300d0f675ceb475f7cc223895526f19a47,Mbpp/128,Ab2g-Raw,a6360d9b5cd119137817ce55fe6d40911cc0fad0f5d723d21418bcef0e4b1c8e,True
7d4a050fc245983cd773d12011faa3f574c3a98fd1fdd1b3ef7fa6279f5ee366,Mbpp/128,Ab2g-H2,a6360d9b5cd119137817ce55fe6d40911cc0fad0f5d723d21418bcef0e4b1c8e,True
cb7b3401df2bdb8fbd1eb63dba94ef6d57847f90e018d72e7fef7c7ab7dcbf7c,Mbpp/129,Ab1-Raw,8da4316256bad2b4edabd249084e0a43fc89bf721a94387a85f5e83ed75ab64d,True
65c0d23ed54060b8eb0f5e1bc1f1d0a9da13637c2647e0b54daa823084e8c003,Mbpp/129,Ab1-H2,95dd11bb9809810b745fc649f69f4f4f54acfef4c869159f70b9f317dabb6f1e,True
933e9f4ca4fd4129b240401a74a39bdcde35ab9fbe0e013c250cdf037a583f9b,Mbpp/129,Ab2g-Raw,ef539b464627e37eb1308104a072f46ac54471253f1a2cc04041b37a3a1da6c9,True
a2b29bc8aa6697b4e24e1026b0a94801eb6b4cf202665a18eae8fa0c6f59b686,Mbpp/129,Ab2g-H2,ef539b464627e37eb1308104a072f46ac54471253f1a2cc04041b37a3a1da6c9,True
ecc28a4c6d72dc59179f01e9cd87ba3281617cb5a85ecb4d86782b21752f8249,Mbpp/130,Ab1-Raw,f4317688189d84424ee4c293d0d2c69d3fde3666e132ccc9a70d6d9d34dc3dfd,True
1af8f3a1c9ee8d56e6d90e2e92ad8117d6b8e835e9164a25764c3b48455a1f6b,Mbpp/130,Ab1-H2,408cd34bff585f8cdb9b164e2f9257f690126ee74f97888f61cf793cb9f5306b,True
a41f962e78d7191f39f9409837ebd2a11fc6002093e5a66504145640f0a2ade6,Mbpp/130,Ab2g-Raw,c73ef8325991a75d82cc807ec3aea67a38621c04f8ad956747b620102f2a49c3,True
c90a808c937161227a5dc02fe26f97c0f40de79c3a2762bb252e6381105e3177,Mbpp/130,Ab2g-H2,c73ef8325991a75d82cc807ec3aea67a38621c04f8ad956747b620102f2a49c3,True
19c145483897e523e547fe31f11db476c788acb824d8626d68931ca0c0d7c907,Mbpp/131,Ab1-Raw,660fbaaaea06afe668aa9a525b7cf1c3de15a4b5eb9894a09677a84c201f6b97,True
45b6ce17480540729dad1c890ecc7f5e9e19abb26cbb928299cd671e5bc49f35,Mbpp/131,Ab1-H2,0b9e71b71ec5d0d35e77dbb801bb3d2debb3e47978a36430bc889d26cd81dc78,True
2205b0c8ed8a13293bcf7f6a6dafd172367fbcb69366c554474bfd0fc4998eb6,Mbpp/131,Ab2g-Raw,900d8cf4ee848ec2336f60b4511c8a3df4115284860f03db58bcff5eda3e344e,True
a75837c999b7e4615dd24d84bae9d092b5086e3231a9496a2af49d6203cfa6dc,Mbpp/131,Ab2g-H2,e52e098013c3df229cb64bfa02e008ad3b179cd47e45a3303f19b3be4cb2b2db,True
3bc84bc48b7336600463dbe84ad70ec056b16d6344836bb5cbe7d86e7bb0cda5,Mbpp/132,Ab1-Raw,2899069301a9e901c57ca04b97044aff7d2fdc2201e24b28df46b9bcbe0111b6,True
362b1e6b54bb4b978e72ab487ddbcaf15611481fef5b9cc21f290e35b3912fe6,Mbpp/132,Ab1-H2,7b34ba1a6c7bea942c2d06b0d8c74560c4870e01d8230ab5a687e873aa32fc2b,True
ddcbf934167f57b35104109ba880aa6695cc3ebcb716eb33d0b36b96a968f5eb,Mbpp/132,Ab2g-Raw,ad1c9593e9b7e5dc7c7a13087b36b06d2ddd7aeee8a72c241f2cbedc5278bcbe,True
0be2eaa177e1f5e7ce883e88a3d4d53f45bf189873b62550c640a659f5a99dcf,Mbpp/132,Ab2g-H2,ad1c9593e9b7e5dc7c7a13087b36b06d2ddd7aeee8a72c241f2cbedc5278bcbe,True
3508de6cb741588e55c0cbc4558bc80246ca9d6bda58fe630c7ec19008fad964,Mbpp/133,Ab1-Raw,4d1d975363847d5c66a1d125a86698bfbec3183654d7e83bb32e30970904ea05,True
29e93e2fe827b5c417b43949700a0740a15e9dc49bc6032ef8fdbeac8f56296a,Mbpp/133,Ab1-H2,401acbf3610c2cf4d98d0a2b49209dbf8d2302a3ad780458b358853c695bcf4c,True
74e61ed45877094228b0f9fe83167e7bf828560a468387cfb5229e48f3b1d007,Mbpp/133,Ab2g-Raw,479e98c0911cbfca13a8bb2a1a4a02fb4cdf3d26b57c4f1a8612e43264e020a4,True
f8210a9e83be223354e311697c09856dfff9356b99a0a03b34b6c0481b0ba16b,Mbpp/133,Ab2g-H2,479e98c0911cbfca13a8bb2a1a4a02fb4cdf3d26b57c4f1a8612e43264e020a4,True
506a81086f8346e7107264a8e853a12748536a5325217666599847602bda50ec,Mbpp/135,Ab1-Raw,9bdf610d3702c11f7a51dfd07949ee3b228fc05dfdfd60a0bb9ca6e1fa76257e,True
bf6c349fb2ca6e1039b61617fa575c344f2e06a46711f0b59d8c8138989d0f11,Mbpp/135,Ab1-H2,33d7d267bf5240ece5335df664a2b3e60f9f516396d5ca0ddc7532e6269ae23d,True
c429f03f3d5ae678fa9d0573dda20d28ebdb1bbbb1c3d8efe36da189c60b567f,Mbpp/135,Ab2g-Raw,527ff22036bd001589f4396b43dbef4263d62109db402c8b527481ddfccf6b7b,True
01e2c6930f8b9b485c74550644c895e0f3ff33dfa2ba4ea0f7a60c3555c65a49,Mbpp/135,Ab2g-H2,d52843b4bc47039afd25d60d597a6e57ad1a3ffb58edcd80e781474318c6fcde,True
51ed4e11c1bb3623b6f126d8ab5d524137f48ffb033ad6e10d46ceb67971acaa,Mbpp/137,Ab1-Raw,20007a7b3917559e7358eea1fc2c4702880b529043b03bdd982815938255d2de,True
30b099d4d0afdf22ef686aa0f4ea3de60fd72ddfc1e47c57b66b1ee9fb96ae59,Mbpp/137,Ab1-H2,20007a7b3917559e7358eea1fc2c4702880b529043b03bdd982815938255d2de,True
43f8c13fe241400c4a6250a948eb20f05492a0b43eb80729f456aef64235f541,Mbpp/137,Ab2g-Raw,0903d5cc36572409c2d35b1d751deb6dcdcda679c36b808282dad32bcf5705e2,True
3befece88a08ecfc0b505a8f41898b0eba0be6b9600386fd213e67c245163531,Mbpp/137,Ab2g-H2,0903d5cc36572409c2d35b1d751deb6dcdcda679c36b808282dad32bcf5705e2,True
54d1efc87c557cbe8b648f84c735f0212021f3e1e70b73b8e572df95a157a4ef,Mbpp/138,Ab1-Raw,,False
f1d92a2ef2385354d46f62cbc8cabd1015b258d60cb3b5b5d946d4c474c18960,Mbpp/138,Ab1-H2,,False
efdc2ee0dd8f782bc43de67e93577e5418269643f30bc86c3501b6bfc8db4b48,Mbpp/138,Ab2g-Raw,dd51dc37b1bc635736175d90151c8b5303bb386fbe165466cbdd6b1a5ad8fe4b,True
955d69a2f5ed69f0a982eff50c0ea52b7e71c4abfd67f098f0216f41833f1939,Mbpp/138,Ab2g-H2,dd51dc37b1bc635736175d90151c8b5303bb386fbe165466cbdd6b1a5ad8fe4b,True
7bb67cf6df88ccfc347fc05b95a3a53f9242e3c85df7b32cdafc7e6628d4b30f,Mbpp/139,Ab1-Raw,ec68b6789fa8c5e95069f36d85e3ce82ea04e0fb2b24a44c17390138e003005d,True
a65fc2cc87789478b42dcabb68042dd1939d2e994bccd6342aabb12bea9d881a,Mbpp/139,Ab1-H2,ec68b6789fa8c5e95069f36d85e3ce82ea04e0fb2b24a44c17390138e003005d,True
b78b16652cf2f2370c6467f7ed2cc721cfaa23e506f7e6b5f018416764f5910d,Mbpp/139,Ab2g-Raw,17ec3af9f55271ef83b67226ca96f061a48ee0f960038b77e07d0c026ef03dcd,True
018189efdaac8149f70043d9818e89779169398fbb9a87e540f9d32a6e7159a4,Mbpp/139,Ab2g-H2,17ec3af9f55271ef83b67226ca96f061a48ee0f960038b77e07d0c026ef03dcd,True
6d30b591e3de8be4576bcde53ceeb056e98c21b1c615b1e853abb122b3b36ce6,Mbpp/140,Ab1-Raw,1367752a26800703c78ed9debb61e4cd1bb097130ffb80379b50a564b943bc95,True
867870da1e1e18171e77f19f4bd5489a994fd9983eb4203c72e53a06c3b055ef,Mbpp/140,Ab1-H2,1367752a26800703c78ed9debb61e4cd1bb097130ffb80379b50a564b943bc95,True
b1f6c9e0ba01a939b2d8a0f7be2db4ac416f43942a721853b80cbf3ce8762aa6,Mbpp/140,Ab2g-Raw,c5a7741378051adba3e987b78df73d0d12c4bb22277929eec9e7f71131f20897,True
d49532dea01c5fd9de63074ebc081d946a0b85b448f4a21fde0a4e91f9aacf14,Mbpp/140,Ab2g-H2,c5a7741378051adba3e987b78df73d0d12c4bb22277929eec9e7f71131f20897,True
23d05957be01766fcf0779eb5aaf4c7f0189e8b2c84c6ce7254b469eadfc5ca3,Mbpp/141,Ab1-Raw,0c14887c9f1a39aad72f79e21862918e90e84e6d312e5b3592a5239ead852654,True
965178f2a1c550afe25a3c82ac7bcf0fa1c215dbe57c4f6711df2ce7499193d7,Mbpp/141,Ab1-H2,0c14887c9f1a39aad72f79e21862918e90e84e6d312e5b3592a5239ead852654,True
2d260353152285cd75b7a04bc25ba23dd8613ad02caef3dd98b79ba209bca22d,Mbpp/141,Ab2g-Raw,2353d208761690886e754a4becb8ae9baaceb206de50157feb53b4cf9c6278b7,True
440c8887930ef90a43d733efcea1fc4df8ba9bb51aa9730d03116b102875dd93,Mbpp/141,Ab2g-H2,07c7382c7860b0b504c9e38f4fd06ee8f81ca683e35495810785f41372bdceff,True
700e7c7ad51fe20765c8ce29cb5dd8a637548625d1165f891fc099a4f265290a,Mbpp/142,Ab1-Raw,d8b65ef45f48abf8f49e192f3ee9b1d7242b9828f30cc95750faf8e4ad0e3942,True
a5edad85a4b67359ff703db076eca2869f17db46785948490be45bde571a1aae,Mbpp/142,Ab1-H2,d8b65ef45f48abf8f49e192f3ee9b1d7242b9828f30cc95750faf8e4ad0e3942,True
93baf668a39504df4747ebb3a3907b0992b57974533df6110f6f433c89b101f2,Mbpp/142,Ab2g-Raw,4c4d9844e87ac521142c26647909cf7de377e359400b84cc01ab986ad3356c26,True
de530056811a57885b4d21614a80d014a3b8ce7d94795c6be2e17bed1a739fc0,Mbpp/142,Ab2g-H2,4c4d9844e87ac521142c26647909cf7de377e359400b84cc01ab986ad3356c26,True
0f78e0aee3fb71dcdc3d1353e75eb6aafe844332a01c0230e852d65cccca8770,Mbpp/145,Ab1-Raw,03f8f0e0d4bd31fda1375f8726ae16cfb244157146ceef598513b62e1a732f80,True
e45c977277742baed63eaac11ad2b9e2b92850ca36e0b55e2da33d3ff817cbd6,Mbpp/145,Ab1-H2,03f8f0e0d4bd31fda1375f8726ae16cfb244157146ceef598513b62e1a732f80,True
79ebc1d3a5052464ac6a5d94a3894f425b93080fdb2c229c6f22c5fe1680852a,Mbpp/145,Ab2g-Raw,1147b4e9f6b877daf7299882432fcdaff87599466a636f7a6092dc1982f966f2,True
05f71b9bc3cde1554aaba0c7a7434167ca711f3eec9d9001917543cd2b2aadcf,Mbpp/145,Ab2g-H2,1147b4e9f6b877daf7299882432fcdaff87599466a636f7a6092dc1982f966f2,True
55cb736af55f13dd8ad8b41da57467a23e6fe45f50df4d0f8a914c1285325110,Mbpp/160,Ab1-Raw,962571ad50bda63a9712ef89eccb3e76e58a68d76f3a30023219976ef433e8dc,True
28cc2cb656baf0efaefa240a06b3d0398ae8336d8fe159eb1ebe98bef43579ff,Mbpp/160,Ab1-H2,962571ad50bda63a9712ef89eccb3e76e58a68d76f3a30023219976ef433e8dc,True
4d20ff9df410a9444914d2ef81bd85b865aeea92a287a8fa1c398c7c71c2652f,Mbpp/160,Ab2g-Raw,e4e2964e701da3be3a5a2a043b3b55ebc768ee73e41586a6274e131f037fe3eb,True
9f1efa087e32a770bb3643e13f38b8c0672019fe3cbcfb47d810a06801995729,Mbpp/160,Ab2g-H2,e4e2964e701da3be3a5a2a043b3b55ebc768ee73e41586a6274e131f037fe3eb,True
d8aca346b9022bb97ce214676ad804a7fcba84403db38e432ba82ac64f21c63e,Mbpp/161,Ab1-Raw,8527ad76aa95f5141abfc7ab445a6416611ee928e7bdce8a9a00f88f4d407b3a,True
44b471d4255658a4dff5adaa9b7d0cd33425e5da6cdf4b741072848373851ae5,Mbpp/161,Ab1-H2,11fce1f8e5135cb2aa2a9b32e44f8b0aa779bf67c92a3094c1b16270b50176cb,True
3a012067660ec9a9dcb9307fa591c77fb1e30241a5e37ca25856621327f71982,Mbpp/161,Ab2g-Raw,e591c62660d6448b037bb0401dca80e580823e53daa1ca3983e009cfed0d5069,True
0f078eb74ed0f8c0d0761939485bb98d6a6fc467644e2458d8e127981d7e7424,Mbpp/161,Ab2g-H2,e591c62660d6448b037bb0401dca80e580823e53daa1ca3983e009cfed0d5069,True
de1e89a9aa56df30c30af591c02201f8dd79e1acd885d4070ee7a3fb465c99c6,Mbpp/162,Ab1-Raw,,False
4f80bc578a35ed9782350af0d292b4baf4d6467dc0510d35a320296a7fc5f8c1,Mbpp/162,Ab1-H2,,False
0dbe51e75bf844d9b291a84a324ab113b5eb0701889e9fa8a9ee90218707b221,Mbpp/162,Ab2g-Raw,35187e380f90e94375b3bf4ae3bb9fe866de07fe903f87d1eff1cdb6dddbeb1d,True
c3f8fb36c544e7d33dcdaed5a157f25715207fccde5e07ad6af3597d61fb514f,Mbpp/162,Ab2g-H2,35187e380f90e94375b3bf4ae3bb9fe866de07fe903f87d1eff1cdb6dddbeb1d,True
7b238525898685728e0d8bb6c18a4a65becc7b9420a7426a89367774798b7c0d,Mbpp/165,Ab1-Raw,8b1c79295752d0213380646b4084232ac120f4149ef71f413ca2e990b8bdb6c6,True
669784ce69b062585963ab029a63decfbf0ae717ae5b963383318b9958d01d64,Mbpp/165,Ab1-H2,cbae88bb42a3b22b0a15f750f2e2dcb5e6f7d84cbd2501b7c55c2f5a37d70556,True
90a957fededcddabdea7397364d210393401e396b03f4335909dbafe23e8149d,Mbpp/165,Ab2g-Raw,3f8f060d8da1a362124682a4c26551d31306f80afffe06a52be23f1a523ac702,True
1949264c2a0495a828397bd9e76f1121c16dac8203a882d7eb7438f648034ab7,Mbpp/165,Ab2g-H2,3f8f060d8da1a362124682a4c26551d31306f80afffe06a52be23f1a523ac702,True
b4e0a65eb09566b31c3333b19a9a2b32b40a148e8f4a4f625880d19286009e7e,Mbpp/166,Ab1-Raw,6a73f8c96046136189ee1346ebcc29069f764ddc18dac16450668f3931de507f,True
48a8012236045d9d0ae1579bd3df4a5853f68a9b51df6cddf29e418ca665de80,Mbpp/166,Ab1-H2,6a73f8c96046136189ee1346ebcc29069f764ddc18dac16450668f3931de507f,True
2a48cd8ea84db3b2afdc7172ba77bcd50c4954ec64fc5ea9b01401415644c473,Mbpp/166,Ab2g-Raw,cd02bfb88c57866dace0daf4b560f6e77bfd67fa6aa5f1f1af38692d3e3800fc,True
2ff4ef4f2e09f58c15fece7a4365d37fffa719de1783126108966c52afcbe743,Mbpp/166,Ab2g-H2,cd02bfb88c57866dace0daf4b560f6e77bfd67fa6aa5f1f1af38692d3e3800fc,True
d733735fbbad7263ecd71d8edde9f21b22f5b8ba11523925fde0b49f950c88d8,Mbpp/167,Ab1-Raw,,False
0915e83a19afe05fac13eb97affdfd3ac5cf5918a6afbeb6623ff277729369ab,Mbpp/167,Ab1-H2,,False
c69cb6cdbe052041163179149f67025efa4ff2a69ac67bf04bfc3a112ccf9771,Mbpp/167,Ab2g-Raw,32c68392db979cdb46ed69012f24563e8849c56ab6e14c445bb3bd600ef3c783,True
f418a691613da4ecc6cc0c5a8b3b17ca3c713a34a8006d58139047ace464a34f,Mbpp/167,Ab2g-H2,32c68392db979cdb46ed69012f24563e8849c56ab6e14c445bb3bd600ef3c783,True
38e9835f61125bb7c91bae73c76f695f1c15732acd13d52f2d1bd323d3e9c7f9,Mbpp/168,Ab1-Raw,49eb576d5a9f7233497a45666f7857e6ca29a72495bdcb13ffac5672fba733a6,True
eac523e6b6f446e61c67eb66bc6c46b4e93c4b82370df9202f2292528cd79104,Mbpp/168,Ab1-H2,417eb599c53bb17bc5182ad9f57f34c475ee6038abe8e3e94dbd96aaa0f473e5,True
e9174ba86956f35ed184e861632fa195693b9d00d26a85f374f1d42e68a32eb3,Mbpp/168,Ab2g-Raw,816a7583f582b6977ad97537ebeb7150aae35f8585c2f34a553cda3e16ca5df3,True
b24119541431a38edbf0c3dab259eec64c55ba49b4ce75f1c74ff7ac4ef4596c,Mbpp/168,Ab2g-H2,816a7583f582b6977ad97537ebeb7150aae35f8585c2f34a553cda3e16ca5df3,True
25d9f997586fa624e361a25fddc8f6f441264dfcf01726c5c87a5d4c1b90ce60,Mbpp/170,Ab1-Raw,4f3ad1a72ddc59eb84ee653771949567571faf7d3b82cb42ea87b00f4894a207,True
bbc74c8509bb35062802dad2bf81664d9ef4abbecb775bdaa43ba229d1fca66c,Mbpp/170,Ab1-H2,4f3ad1a72ddc59eb84ee653771949567571faf7d3b82cb42ea87b00f4894a207,True
b2dbe3bdb91666dce255f6b1e07b23fa90ae6daf3767e5e312d0f50ba937b87d,Mbpp/170,Ab2g-Raw,03f155f991fad14936495c07ec8d8d71e54696cad9a22e50fad77dcf257f5483,True
f74c0798bdf2bc7888696fd03fc1a2f1887e960a9690ad37e4a42698f2cd674c,Mbpp/170,Ab2g-H2,03f155f991fad14936495c07ec8d8d71e54696cad9a22e50fad77dcf257f5483,True
7d6b2594dbf315328feba5a4e8e1301d30b6948ec277a4f0b1a214a2b860a2fb,Mbpp/171,Ab1-Raw,0b6bde34393d8d7908416ed472306b61de78620f2bf7ab867f152f1825351ad7,True
b164d87cd8fd4ce9e5312d2cec35c5558b7c5776e0e935d428c6009457eb2253,Mbpp/171,Ab1-H2,cee9e8c033e91b328c484e8b743a26582e3b0fb5ecd7d5b9547594f96d298c7a,True
78ef1fdf57d40a9bd71c62157e7982bac8bd68c3c493cea3521ceaec0dfc8e5b,Mbpp/171,Ab2g-Raw,47909697e30d4a1a60e9d5bf0456f003f0350e627bec94b7405a78176d7073a2,True
8d8958de808bd44a58dcb5f4a09e3107c8b2e3376414c0cf187625252b376df3,Mbpp/171,Ab2g-H2,f8e1fb33ffa7a79fa8e4df26730d4ab79b35ed00009fcf9eb8e68892456cdc89,True
d0f760d77ee240afa06acc7345f9dd7f9137e157307e536d4a52c246ade341ea,Mbpp/172,Ab1-Raw,6f2a4af7f5d1068517a25e84c8374108438dfaf0f995dbdfef7d286637dcb6cf,True
2f7a716fe23812e00a5a184e9e6af5b5691c9849951081a43decb6f5847ba2ce,Mbpp/172,Ab1-H2,6f2a4af7f5d1068517a25e84c8374108438dfaf0f995dbdfef7d286637dcb6cf,True
76d6bf245e60a8dfee97391bcdda47bcc92f65c0fe9753c097019ffb59b8e517,Mbpp/172,Ab2g-Raw,6a3b88ba838b80183fe0125603be06bb75c2b6975e0e5b095e1075ffbe3637de,True
3c0f796ba3201421444f9fbb1d86dfa4ef080233871995d15ed2b199815e5c66,Mbpp/172,Ab2g-H2,6a3b88ba838b80183fe0125603be06bb75c2b6975e0e5b095e1075ffbe3637de,True
a51d8e6eba16b480af48c714662a124798f7bfcb67276b944b0d2cccc481a327,Mbpp/222,Ab1-Raw,1407633eb1e75c0a0f2dd72477dcaab84675b288fff889ee4f7f7d20eb0c7ef3,True
0a7e707d51b085a63a613bc43c2ab9a1eec40eebddd9b5ef8b8b28548dd0106f,Mbpp/222,Ab1-H2,abb6c463746ecb283fb31015e8c599a1288fe341ce72c90215eea7c788acc9e4,True
034381a3d12a2637494d19f28c25ccf7c8afc68f342cea52d25f34dec7f4dfa0,Mbpp/222,Ab2g-Raw,f3378fbbe62923ab48556874d9efa71769dca8153c3275f9f98aab0f4ab2d2e5,True
7deedb509ffffc6265d2a8adc5ad00a167021c73143b24409b218b662cd49474,Mbpp/222,Ab2g-H2,f3378fbbe62923ab48556874d9efa71769dca8153c3275f9f98aab0f4ab2d2e5,True
33d24c899dd6588a193d5fbabcab20a066a73434f4e4dd087e4fa08ceb95cc6e,Mbpp/223,Ab1-Raw,960cbeceac464c9ff0e13acd728e48c0979402c818dc479ab7b2e7d16d256ec7,True
5c69ed458e666ad0fca54d18b68e37d90a53bae3fde34373adc1d8751fabce6e,Mbpp/223,Ab1-H2,960cbeceac464c9ff0e13acd728e48c0979402c818dc479ab7b2e7d16d256ec7,True
180414006d994d4dd14aae26038234e3d92e7326ae0093358451977e278fdd7d,Mbpp/223,Ab2g-Raw,d311848b43cba156a7caf774d18c492bab9196957cdd935a6177e71360ad1154,True
e94ae9f18703e28cdeb86a6298dd9928962b32121c03d069afd5d0b1c948047b,Mbpp/223,Ab2g-H2,d311848b43cba156a7caf774d18c492bab9196957cdd935a6177e71360ad1154,True
88bc87b53c19e273521f821e8ff1df442d37dd0bf6884fb50da5a101aa23550d,Mbpp/224,Ab1-Raw,9cd71342f9a4f90ae2beb701f48cfaee674cb6de8a4e9f8c5399e49d6edec17e,True
c777babb69487b6eb91ba5b7044afcb079747d44db4bccc4d53e0098fecf2bda,Mbpp/224,Ab1-H2,9cd71342f9a4f90ae2beb701f48cfaee674cb6de8a4e9f8c5399e49d6edec17e,True
9d4bbca4e70b8b6e8d739d4eb6c442145c6f3fabf85f77b82487723094d61dc1,Mbpp/224,Ab2g-Raw,e38b80692bd3a3e259c51de50688985a726aa77bca74b79d00a7efe05dc5a468,True
19790143597fe4b6bf0a9bd69fc507a919236cde80b973998b10383458623443,Mbpp/224,Ab2g-H2,ad07f8642e698f9dbe7b539026c5edf7148c28ba9dc458c7164974cad3caeed7,True
4102ca68fbc119a4ed7fa3efadd4a0cd3e2c8b4942e925e7e6bab672942378c7,Mbpp/226,Ab1-Raw,23566d4e406f3a99d1ab8d0dbe039ca17fad0648123db6faa1b7003562fe3fca,True
1cac4fc6371b1f7d12429dc932ae1d42580d0ee086d9ab3fd12f73600b927ee7,Mbpp/226,Ab1-H2,a3bdb0d950c6d4cad918c21749ffa66a5026279cf7a25b4df3f3f9abebdd0fe1,True
f01081763e79c522ae5902987af52f55a84442f2942e64d9729f05331882e4e4,Mbpp/226,Ab2g-Raw,83a4316c772062e7f6d8a58db99a6e00c35c740f06cf43a95c5b68c9700d6121,True
f884cab681f6b9747349871b75e0ba8e3e4f0087b1e1da7d1a6a267d1a361a29,Mbpp/226,Ab2g-H2,83a4316c772062e7f6d8a58db99a6e00c35c740f06cf43a95c5b68c9700d6121,True
369b9c5e2e9f5a9b232b808010e65bf5a1b8153a9ce36cdb1afec75c4190af48,Mbpp/227,Ab1-Raw,,False
1f4b43d272387a563b880b8de379c1adf0d5477cb82ca049d3eb4e56e0ddea73,Mbpp/227,Ab1-H2,,False
fc75464602df8a5afd6595b13930fdc526505bf7b9297056c01b95ded7f3484a,Mbpp/227,Ab2g-Raw,596581312d100225d2fdb7121ea806ceaceae7b259d4c5aae483313a4e1218e0,True
ab023369e462a4e12dd70d08d592d9d31bc7958f4f030198739a44dc86bc9a64,Mbpp/227,Ab2g-H2,596581312d100225d2fdb7121ea806ceaceae7b259d4c5aae483313a4e1218e0,True
f6a8f50688ba39cf22a2ea394f32ecca3ebbe97b2ec0a8b8d2477117f2944ff2,Mbpp/230,Ab1-Raw,cde46fc2ef567c60f322deae7c7170b8371647b74e792e3b25d51a74afaa40f8,True
1f1afdfeb523b65d3fd6b5e869cacaf4d21ad0645bb76a7dcc8179b4c0570b98,Mbpp/230,Ab1-H2,29bd9372d608b3adada28520497d15babf1fc062d77367df71af62dbe61265ce,True
4848b8d4ba9459f075aea6f550fe1fc143a8bd0eed81981af2b98ddd81cf9597,Mbpp/230,Ab2g-Raw,c4e3deb3c2844aa9e024aa5d5faf6c5d4cb65bdf654859150af2c4327ce4ef67,True
bbbd5cc064e3ff53f13260bce0fe7e739529085759fa45755d57e282e5ccb2d6,Mbpp/230,Ab2g-H2,c4e3deb3c2844aa9e024aa5d5faf6c5d4cb65bdf654859150af2c4327ce4ef67,True
ca63164e7a942083eb0a7fbe6d4c985f92088b9f0f68fc1ab7b8e78e97eb402d,Mbpp/232,Ab1-Raw,40ec1af823b63a338ec06ea03e413c0f14e326d35e2710fad2733756398721b8,True
910d5554a3b975572faf0eeec755c0459deab561384a0a61b5d1ebf5d31630ad,Mbpp/232,Ab1-H2,40ec1af823b63a338ec06ea03e413c0f14e326d35e2710fad2733756398721b8,True
86505508c87d119b908b2a97834c82419ad64aaba294f735c135c857d9e8d4c6,Mbpp/232,Ab2g-Raw,100baf7fbc9740b82214e3bea3d8d72df9bcae53fca0adf066e7f4f1494a022a,True
88143d7786e0822605887125e40f643d19824e6c209ce24eb69e7dd31fddaa86,Mbpp/232,Ab2g-H2,100baf7fbc9740b82214e3bea3d8d72df9bcae53fca0adf066e7f4f1494a022a,True
e447fea6a29c391bdc5387f9206017044520e2f49215d5d20f91a3ce3f421836,Mbpp/233,Ab1-Raw,312e08a01a85319713eef6abcc7b68b7d5dd67c103c6cba7356d0d502d9fc91a,True
e214609ed8557c62b58142dd802a57d843a7a10c0b5ecddfde2e90b05aebd189,Mbpp/233,Ab1-H2,312e08a01a85319713eef6abcc7b68b7d5dd67c103c6cba7356d0d502d9fc91a,True
2c394583f9f211a58c104185ea831999e9ca09099c76d190e1a95a0561157fcd,Mbpp/233,Ab2g-Raw,6a4b7e49571bd7db1d974cbfc00235f39396eb5a883b2ac02e6218ac185d309f,True
886f10e66bf78230c26b58b6affbe8c6f9f0bbdbac02da99c949fb6d61f7981b,Mbpp/233,Ab2g-H2,6a4b7e49571bd7db1d974cbfc00235f39396eb5a883b2ac02e6218ac185d309f,True
42135605053ec0705addf2e04c83a1edd4144a3ff4d6f09bad6b6efad459485e,Mbpp/234,Ab1-Raw,2c9a9a01844b6f2f1e965e1cdea01a145fc471b574648494349e054f299ff4c5,True
ae05fdc9f2c67f1feb5a52824a86472ec6b76fb5d22e617229cfe405e151d21f,Mbpp/234,Ab1-H2,d8050529052e8c3532b51e52e341d480af9118611035f1148789534303eb69dc,True
a70c9446f18c18f13059f8290ff2f066fe1c74b6c867368c98fad934472dcd3e,Mbpp/234,Ab2g-Raw,97d9035e61522bd058bc4718ce3df869e0440f1b6d5aeae1867204aa1bbef99f,True
018bce2db5671145268fe09a56fb2cfc0655603731047eb049b7a4a4646db3c6,Mbpp/234,Ab2g-H2,97d9035e61522bd058bc4718ce3df869e0440f1b6d5aeae1867204aa1bbef99f,True
49b415f092b9ad177bc86ea44832322138704085ed7d3098337ea4a735d8d73e,Mbpp/235,Ab1-Raw,2a8e196e07221835ef9211eac2161c94d4e89917e9238ec87aea3cdb226f7583,True
3a2c4580eb9c5c2e7bfc17ddc9faffe527d50aa0febfc9e37d41a654e23b7dcd,Mbpp/235,Ab1-H2,2a8e196e07221835ef9211eac2161c94d4e89917e9238ec87aea3cdb226f7583,True
4ef7ef0a820446d1b3081eb4df9fe1748e488c153d60bbd6b77aaf2e2374df2b,Mbpp/235,Ab2g-Raw,9183ea0aed25fdd650f9fc9863d165be435ab79deeb7151acb1c03ab2992b3ba,True
8b28be2c99164de0fd3d2ba1d0abd9f8f9566720a7f338a77ff0a42458d39598,Mbpp/235,Ab2g-H2,a804fe7dcbcf1020fcc3e24ecd33f8e645262bc0d997981039713dca67964a3e,True
423454f47faf54727f03e51f1f0df05579a1b88e6b5fc115c12e0768d2ec3dc1,Mbpp/237,Ab1-Raw,70ab1f6d2acb8f4b53cf29d76c932c26cb6424828b662a1eff03417643711bac,True
f6416969eb9405c3b2b2539a595db98c6297b41d923fc19b522524823c9c766e,Mbpp/237,Ab1-H2,70ab1f6d2acb8f4b53cf29d76c932c26cb6424828b662a1eff03417643711bac,True
302e47af9456e58c76e20dd883d302d3e184992e8bd20d66039ade98e605be69,Mbpp/237,Ab2g-Raw,83a50c0bea25a07a4552963418afbe2bb9e5df0b02af956b6e8755ac55318825,True
a8e84f4632390362382f11cf2a94dfbf5161cb9b05f4009e83d2d5a758ab9936,Mbpp/237,Ab2g-H2,83a50c0bea25a07a4552963418afbe2bb9e5df0b02af956b6e8755ac55318825,True
f76102191bd770d39d129175732e50c70635885050e9db2700304e29951b7a37,Mbpp/238,Ab1-Raw,3db55134e81fc1b876274bc1a63ec2c40b9859c4fda66543981d2488f6fa97c0,True
c4a6fac724ab50ddbd86d5782c13c74369a78ec5583990d6f8fba6105750de5d,Mbpp/238,Ab1-H2,3db55134e81fc1b876274bc1a63ec2c40b9859c4fda66543981d2488f6fa97c0,True
7ecf18ba6600f3425ec709a1f318a5abf50d38fe04dd971b79e9533f4e6c1e17,Mbpp/238,Ab2g-Raw,ec5964a60382d5f9dd0ee3750d174ca5689fa47a995d5c04565d2cdafb6edd4e,True
4ab999932899938b7744b06d74c8d35bcd59c361dd2d5d7d07101eed5efa0dd0,Mbpp/238,Ab2g-H2,ec5964a60382d5f9dd0ee3750d174ca5689fa47a995d5c04565d2cdafb6edd4e,True
62fa2468c64548b144d7beb837e89fd540b43ca8c47a8c73e76041b5411b9183,Mbpp/239,Ab1-Raw,02a048287b061eb896ec482a79aa8286790434ca6bfc66aa49d5d3f081c2b706,True
c311d894b6e3bb81e2279b105e52840039513c89bf94f2bd6d5cd31bfd27cee9,Mbpp/239,Ab1-H2,99810dedbc582905b1e2cc75f2af7735e15e64f3f845373837068f28144ff334,True
948dedad754e0d17e42af808647be009f9e6534172b62189c58a5655743ea26e,Mbpp/239,Ab2g-Raw,f6946afc4ad1bd449a356c660a0ad7dddfe59e7a9edc916e0120e997ea0b9278,True
6accce41aacd0a43d7fa5daa30a081749600003bc984433078c808b4d39a2ea6,Mbpp/239,Ab2g-H2,f6946afc4ad1bd449a356c660a0ad7dddfe59e7a9edc916e0120e997ea0b9278,True
11d3e266e90b0aa1d8fbbd3cb49a8bcf5a4e7d7feea305a908bec5b7c80d7de4,Mbpp/240,Ab1-Raw,e135e7af38665d81adfcd301653ce2770c9cf3b0294bfd4eab2ea6ebb2ac2ab3,True
a4ab4cd9cd63fc701f41c70f933bd1a6a3574d78ef57136babf476f563a59c84,Mbpp/240,Ab1-H2,e135e7af38665d81adfcd301653ce2770c9cf3b0294bfd4eab2ea6ebb2ac2ab3,True
fc35e6006e1f504789124cc278eab9ea43f88c0e7fb952107ad0af2356ff1188,Mbpp/240,Ab2g-Raw,45a36d4465fe7bc6a3a91bf7accd31c2142023f2e3d63d14c31ef25f8849350f,True
8c5c18d829de4293845b2f00877a7a210cbd1f404b22befb941dc991ce196f6d,Mbpp/240,Ab2g-H2,45a36d4465fe7bc6a3a91bf7accd31c2142023f2e3d63d14c31ef25f8849350f,True
ff06421954d9d86db1e141ea76b13c23a8fdadeba02a162d13ec7f6028d4ecd7,Mbpp/242,Ab1-Raw,b6c2b28228d4fa6ed835b2d8f5b79735831ca2d7ac977df4b9c857da124ed705,True
600a454ed9bf4608036b42ef886b6a66ec8fd326bd691cce3182773e68b033c5,Mbpp/242,Ab1-H2,b6c2b28228d4fa6ed835b2d8f5b79735831ca2d7ac977df4b9c857da124ed705,True
fa34a067cb68ef3b56ecdc12aa0bbb8c22df4af95a499ca91dfb95efcc1a1234,Mbpp/242,Ab2g-Raw,98c3e9ae5dc1e9666bcf5fa215994a3ce938f1ec6d51659d212e9c48655c8543,True
3aa966e1b09801b2961bc1fd859191f9c5c860a118f0a53af7441581fc6c174f,Mbpp/242,Ab2g-H2,98c3e9ae5dc1e9666bcf5fa215994a3ce938f1ec6d51659d212e9c48655c8543,True
461faefe9b6eb4ca7ba9780340accea385aad8b7cceaf6e309c934c35564a94b,Mbpp/244,Ab1-Raw,9543878f47ed6ea2dd9e37b97386ad9aa72e0840fa58049a567abdd7bee46a9a,True
b8306397cb35e7db9a0023dcef8133e99a35a66833cce4c4a47ed22b0cb13463,Mbpp/244,Ab1-H2,9543878f47ed6ea2dd9e37b97386ad9aa72e0840fa58049a567abdd7bee46a9a,True
884fa7ba8f92497590050745b87db7ef7e49c8ffdc8508fb76d2d36fed610a50,Mbpp/244,Ab2g-Raw,d2c1838f2686c5c3b812ce19f89719ff4cc82f5d6bd4aabff83d3072dc85787d,True
b4ffe84752bbfe47c048528bb7d5c2ef46a18729f0e2f302cb8aea26eb574512,Mbpp/244,Ab2g-H2,d2c1838f2686c5c3b812ce19f89719ff4cc82f5d6bd4aabff83d3072dc85787d,True
aa399bb20be896745cfc6039236c7e6791bd87ae2b12a1059f87bc4d34a47ec0,Mbpp/245,Ab1-Raw,f66f2fa7f2cb37eeb6074e0dfbc071aa3e45e7c0a967b5a63a555af7aa21c7b8,True
9cba30fffe786ec63c300d2acee8bf92281f057e61911a08f43d70af5b990e2a,Mbpp/245,Ab1-H2,f66f2fa7f2cb37eeb6074e0dfbc071aa3e45e7c0a967b5a63a555af7aa21c7b8,True
90191f7f650eb6ee0b853ddc2e11e2126d1dc5afcbcc5fc7a634723d3b78c7fa,Mbpp/245,Ab2g-Raw,9d10d2a92c82df317539905a50912dc0cc71aa31ff263e8b700b132dc6dac91d,True
91d4d67d198b695f87cc1535011308334b69ede50746f82744d7db156e48c3fe,Mbpp/245,Ab2g-H2,9d10d2a92c82df317539905a50912dc0cc71aa31ff263e8b700b132dc6dac91d,True
048e3a68d46fe06036df130f8eb98748dbb47d3ec51f4f5dd44748bb2d57f6f8,Mbpp/247,Ab1-Raw,0ee1e44dc0873274de836fe2ee1444191178f6a020a4cfc8119bc0b86bc49eec,True
fb80a7f874d1c6bf56c5a3d7da6ffd7ee1585e4aedc180afca9c5df7b5f99e07,Mbpp/247,Ab1-H2,b6bc37461bf473814e55478114fdd17151254e87343f5ed4eb6e614def042875,True
31f5b9486b26b17e5dabe95b92ed891d13bd23f224401d0e1c37fb8d49793cc0,Mbpp/247,Ab2g-Raw,0e1b36499c143a556a061db8f6fc44f55a27f80ffdc8239265239ba510d6b547,True
8aaca97dc2ab53d4c800e23b4c1de954ec9b0d3c05783d95fe16e0e887805eea,Mbpp/247,Ab2g-H2,0e1b36499c143a556a061db8f6fc44f55a27f80ffdc8239265239ba510d6b547,True
a4b35f7d94666ea4b5df1e102c204e3e2ffb54981b6d51886db87df6607721e0,Mbpp/250,Ab1-Raw,f812198304b5088e7cc5fc53e6759688ea574e6053d4a3f1945d884f8ed1b975,True
2a681d30f12ef206a653ca2a754ea3b13c236effb06340311841ec5670ac38b8,Mbpp/250,Ab1-H2,f812198304b5088e7cc5fc53e6759688ea574e6053d4a3f1945d884f8ed1b975,True
6b469a34ecf6fda0cbb0150a1ec86f3501a4bdebde8744731bb766b333912743,Mbpp/250,Ab2g-Raw,2b6dab4295becb6497ed5332196937db3dbf93a01e7bf6608d03ed9e8511abc1,True
fe120d6a74f8a6e4bcd96598067c4671ce686cd05f181d0a8029212d55d816b7,Mbpp/250,Ab2g-H2,2b6dab4295becb6497ed5332196937db3dbf93a01e7bf6608d03ed9e8511abc1,True
770a987ed584ef3a31f6948a51ba2c9c316369270502551e25659d2f85a904ff,Mbpp/251,Ab1-Raw,2ee2cfa8fc3ceea342f5e5ef7953b29aa55aab5262e91335c9a48e9511bd3609,True
2c32de44ef6a854209caf887956114dd8fcb6bdcf816b7e04aaf62009ffd6985,Mbpp/251,Ab1-H2,f4b81b27a635f680173eb01486af860d22b689527b70bb0e741e8590f38b4b20,True
f5ce8d5baac0850bc9123f8cda7f3f6bbb886d1e274fc9e19b3a7538dff8a12b,Mbpp/251,Ab2g-Raw,783b615075166e2645948e90545c3512851677a1d0a2a0ac97372606a2102426,True
b52f458302fa81be8050c73dfbf0be2bc6153c1cd469d28c66bb78f72394640b,Mbpp/251,Ab2g-H2,783b615075166e2645948e90545c3512851677a1d0a2a0ac97372606a2102426,True
f1bbd212acf06a4cf09987d33adbf7dc5ef17d23a890b390e34030237131b048,Mbpp/252,Ab1-Raw,7fa395841d4f4d225ca8ae2f0436ced0d4b6a64ecfe0b90fec93d5f48cb90594,True
bf467716bb37df28761df57ec59667e1fd8a25ff48bc715aeff5d44faf949017,Mbpp/252,Ab1-H2,7fa395841d4f4d225ca8ae2f0436ced0d4b6a64ecfe0b90fec93d5f48cb90594,True
599420d4dfdbd89db880a56f20be8d087ecf1df208a76ee860d3e9f5491abb67,Mbpp/252,Ab2g-Raw,bf666472dcb8a9153afc21b89d635b3a8f33ff9da39ec29176b2f8575148bafe,True
a7649b66d67bc4e8d72531594dc73ce37c7a5f02fec6763253bebf56b74da509,Mbpp/252,Ab2g-H2,bf666472dcb8a9153afc21b89d635b3a8f33ff9da39ec29176b2f8575148bafe,True
dadb01a69087cb26f992bee0863383c05106e31f217db2c986cfb9e5a5998abe,Mbpp/253,Ab1-Raw,,False
f2261dd4ea37bccf4eb1f27bad54556c0abbde836da57d91f652f1e71c11341e,Mbpp/253,Ab1-H2,,False
9a6bedf0dda218e24cf12eb9668a56d38af1feabf94fae7e1755bfcadd84e093,Mbpp/253,Ab2g-Raw,f5c41b16d7727209cbb46904ba2e2b4f75f43ceeeba45629003f24862f64602b,True
28be7e930e6426ca2244f205bde4856e55936d2c5868e3fdd8113a299fd887ce,Mbpp/253,Ab2g-H2,f5c41b16d7727209cbb46904ba2e2b4f75f43ceeeba45629003f24862f64602b,True
1e5927599b6919ed82a47b912097b90001980cf76b4bedf597906eab02093d81,Mbpp/255,Ab1-Raw,,False
1f8ab13611b7cadad21d155dd110092971003f61b85ff4dca97bc9c47bac058e,Mbpp/255,Ab1-H2,,False
be8c0cd3b0253a01be157085787b26479605694bec1d5a291c85657b3184e263,Mbpp/255,Ab2g-Raw,ae0f8c63980e1252083783757d82b8d41df286cbffa0c22123586c61fce3b8ef,True
48fdcb345012c357543c8b23744f4370f33db7e8095da0a6db34b356a9e4df41,Mbpp/255,Ab2g-H2,ae0f8c63980e1252083783757d82b8d41df286cbffa0c22123586c61fce3b8ef,True
1537534506b41cb5d92d2896c20dce7c3528386e59e7779f221284c6a031806e,Mbpp/256,Ab1-Raw,12a693ca2eeb8526dd6eafc838d076f808fdc4dbdab7ae9c349e5e1da1e7bac5,True
424aac3fdeccd8ba748ec20de9d45b6e1726888b4a7d19910a16442162e4dfea,Mbpp/256,Ab1-H2,12a693ca2eeb8526dd6eafc838d076f808fdc4dbdab7ae9c349e5e1da1e7bac5,True
e908e2981b24ba9b9955b1e294c83a147892817aaa22a95a81a215bc0e4e17b3,Mbpp/256,Ab2g-Raw,97e3fe219349e64a63c338c4175e264bee18a3263f2d678dc823ae21dc2a6f8d,True
c964579a9d5a66d1f0e1f3877b7a81f86eca28ac21ee5a418c6656294e33c220,Mbpp/256,Ab2g-H2,97e3fe219349e64a63c338c4175e264bee18a3263f2d678dc823ae21dc2a6f8d,True
ade583c193b5d36f78d6f117e529cf1d334a78b2c265d970c57fbc9e3396cf86,Mbpp/257,Ab1-Raw,1592b52898f48d95741cde95cfd0fd338b667ed0ef393821f8cab606c77223d1,True
3f18de060b3a89030fa7241fde0b543876f6de69ec0e42b4a9f6b0e54c9382e7,Mbpp/257,Ab1-H2,cab857da74b25f9f147dc8813ba83099eb59ff4e888624f7af95cca2fa8aefbe,True
99d0a7ebcd8a2b855076f7d42fb20b7b0589219c5af62531677b4d411536a803,Mbpp/257,Ab2g-Raw,818c169453954a2c4e70507d6a5d8cf71a058a07bc3ebcd2ea897a944bfb70b3,True
efff147fde5be455dcaba0fe69fb8952a4df072c9d2585d4307da17a85105c30,Mbpp/257,Ab2g-H2,818c169453954a2c4e70507d6a5d8cf71a058a07bc3ebcd2ea897a944bfb70b3,True
d827a112a43963c86780725059ece4db7490a585f8bd8da4f44c601e78a04a30,Mbpp/259,Ab1-Raw,47e97620eb5bf4dac9ea935cd03655fb98b8894eed614edefd005617539876a8,True
d5bdd1e0820bc583a65d416f1f6307b38c3929436187d837aadb49c5bb6aaa4b,Mbpp/259,Ab1-H2,51e815051e4921a75563295638c871538fafa5f4099e984ceab99dbc4d48d0b6,True
cf0221478b7ce7fb620f2c8105e14c3425eecfe2641b3638da86d547a4eb2274,Mbpp/259,Ab2g-Raw,d9c85ae0b5d565f96b662e4a43f975478c0dcb250293c1753b2cd4bda4e108cc,True
0ac8c81f04b43666721b3278b36c4929d77f3fbca93d0352f5ab848b4f6185d4,Mbpp/259,Ab2g-H2,d9c85ae0b5d565f96b662e4a43f975478c0dcb250293c1753b2cd4bda4e108cc,True
6c285251c8d357f1642789fc1da7396c01ee90644cca4a6678292d2a5238c535,Mbpp/260,Ab1-Raw,ad031649f327f8ad30b3209ccd5bc0ea2c71d613277fc072fc4445780edc5d20,True
c2d970a87e44c1608c5e11145ed5ef243021e1ba4ab3625d0da1d3928e7ee07d,Mbpp/260,Ab1-H2,ad031649f327f8ad30b3209ccd5bc0ea2c71d613277fc072fc4445780edc5d20,True
f9bf260ce4fc45ab97336a88629987daa1d951a1ca5ccdd4ce3ae34f1bbd3fe7,Mbpp/260,Ab2g-Raw,ff6833260033bfc8ad3acf6ae1a271a2328c7af050df7bad51cf02dd0369c82d,True
e03e33fef523b128f61ed95cbf09db449d4077bd477790100b40f48d9417034d,Mbpp/260,Ab2g-H2,ff6833260033bfc8ad3acf6ae1a271a2328c7af050df7bad51cf02dd0369c82d,True
d211fcf61eea01be11e0cbca4e6f05b60550688c8e45932a0170292a9d1a02c5,Mbpp/261,Ab1-Raw,fc20c4fceca4b492c7880dd9a3b7942d18da71e765376530c56d647d6ee0c41d,True
476bf2b65df3a1321283ff64b6ee616429d7e24a20f944d5d471ca1abed65ac6,Mbpp/261,Ab1-H2,fc20c4fceca4b492c7880dd9a3b7942d18da71e765376530c56d647d6ee0c41d,True
cb56a73226e4058af1a9a618f814d0b3cf57c101fab01aa0a99621b7f34be610,Mbpp/261,Ab2g-Raw,0c9ec56f33a60d98e75ca951edf8590feafafcc4adfde5e2014fe1fbfec8b58b,True
41e2f95d1e79411068bc9535e2e1a35eea62007bffc4c4e336fb9e0436d0e834,Mbpp/261,Ab2g-H2,0c9ec56f33a60d98e75ca951edf8590feafafcc4adfde5e2014fe1fbfec8b58b,True
3f33952bea75e93829648b45e8893d6b9ffb007575cdea3a5dd7b53b7d21c162,Mbpp/262,Ab1-Raw,6b7aa16442fb84dacdcfc471e6aebcef5a46295585ba3ef30d3b1fd892e3f20f,True
a90ae85c77b43b1de5c0932d49c0000308e9dac7b1bba5284752de527d95825b,Mbpp/262,Ab1-H2,6b7aa16442fb84dacdcfc471e6aebcef5a46295585ba3ef30d3b1fd892e3f20f,True
9505cd62ffcbadf966074af7aa0f4eb72575c8d127c00cdc842a81406265fa79,Mbpp/262,Ab2g-Raw,a9f7e401d2673c33afd7207e1f2d596c0a82ca098177ff2616e87b48eb09d550,True
83345a7983dff534de5b20bb0f5f842848c73008a52de771261c2bce39df4828,Mbpp/262,Ab2g-H2,a9f7e401d2673c33afd7207e1f2d596c0a82ca098177ff2616e87b48eb09d550,True
758a708720586e93708c8dc0bfbf9476250597e7775e0a3e6141a3f41415493d,Mbpp/264,Ab1-Raw,bc07368fbef239b79975af2dd93bd5e731e9c1e87992d31b65b069786bc3de47,True
488cd2df6e41717ca4011271e773f45b38f7918c28346e6e1628593c0e507389,Mbpp/264,Ab1-H2,ec49e16ea72a7f3072d769304c50d11f91823c39c38fb9b081e0d602a9931040,True
bf3d94250962f09e92b0af1b8fee4dcef9ccc668d4259496067413a557627d9a,Mbpp/264,Ab2g-Raw,51c109d5bbc2eef3de4302e8e52fa2e1b28a7efa513de608c9ac899e8fef2c56,True
aaa90832552741b26127327d404bed1b20cb26d4467c021112e11830fb1c283c,Mbpp/264,Ab2g-H2,01eef0847a49751a824af1306cafcc3c551feb4ea33de3a7192a398e6c23a8ba,True
ed2e841a37df671e7510c0d8dbae8b2a7ac6e55e4a83817fcfbc11a815c27561,Mbpp/265,Ab1-Raw,3fd78df7255207486d8cfb59830fbdba03801b7d91f6dd1dcfc533360686be71,True
b8af445a59d3f8a48f84788443fbdba344c6298e6f7d0b2201ee3e05f7c45d3b,Mbpp/265,Ab1-H2,3fd78df7255207486d8cfb59830fbdba03801b7d91f6dd1dcfc533360686be71,True
3beff81efead29d43584d27e6e0f7c19caedbf03651f414a806b4c43163c0c78,Mbpp/265,Ab2g-Raw,c8a50f13a3e4977c7be492ada146f64786cb57485531cdb4714cb4ab10d84db0,True
f0261e350d1f4307f4dce519aad2e6f718e58cd837d612150dd40cb2e53fc282,Mbpp/265,Ab2g-H2,c8a50f13a3e4977c7be492ada146f64786cb57485531cdb4714cb4ab10d84db0,True
ef5914353a15b493b088377df74eb67d2b967a857afa2b0e0d3aa814adcbba81,Mbpp/266,Ab1-Raw,94ee1e443d61d2fcee504eb38a25c8a922862ad6ed2b78d3c719143549ba1ddb,True
d1bc1aa434d1a22d0bbef0bbb01ac8b9304529fdb1f11983ca5e58ef93569eac,Mbpp/266,Ab1-H2,290f46965673e2c085e8f950a76a51402b19fdd678a4004fb9e546352133775d,True
ca13cbf6cbfa77452fea222a810e1a4166d324fa628c7a040cd5549173a1ee7a,Mbpp/266,Ab2g-Raw,fb80aeb8d9a2b64890cd22a0a844cc304b25b72a3a3ad437c17c0f5cc4abe3be,True
2f3a2a786e7ff50a79e7597fd0d29db2cf466cd71b805eecfe7f55fa1307925a,Mbpp/266,Ab2g-H2,fb80aeb8d9a2b64890cd22a0a844cc304b25b72a3a3ad437c17c0f5cc4abe3be,True
88ca381e9932657415e344db6ce7e95cb7acef58c5bdb8421116a90deb8acb5e,Mbpp/267,Ab1-Raw,a1263edbc5714abb44685ee81d2cfac74f188d233e8f9140e7ada35817a5e59c,True
8777cc26889afb6e9d384b2d2c3536379291f0b5d623bf66456bfc93ee080d97,Mbpp/267,Ab1-H2,2a2d715177abf635fa821c2a1b00ec8a99304f074235aa813d1456b36884139a,True
56e540b4aa4b812c523fdbc7aeab5aff809fe86787b946c336938a7d17aaf7cf,Mbpp/267,Ab2g-Raw,d962fb551dd7d44fc57c346923865f312d9fed312fbb90c911e17b364a74e606,True
d306dfd36614beeef2233e8510c95255d902497012ef2bd24836e48328a014b6,Mbpp/267,Ab2g-H2,d962fb551dd7d44fc57c346923865f312d9fed312fbb90c911e17b364a74e606,True
6f715320358ab10a1cb6cf5a44957974e3b4a0da4672dcb198be687ab33e0fe1,Mbpp/268,Ab1-Raw,15496ef40920b9e3067e84936b83f4894394694cd2072a1a4ff74e3750b54929,True
49feb486f79a7f422c0bb7bcfa3410484dc265c48c2ad4969e22350f36871d5e,Mbpp/268,Ab1-H2,15496ef40920b9e3067e84936b83f4894394694cd2072a1a4ff74e3750b54929,True
d0a077e41df9c6afefd31db11389c19213a8b4ef40bf84320a3c8d0442220c07,Mbpp/268,Ab2g-Raw,499c2f6b4e4124dbd0b6ba4ccbcd2cb4ab1b32f68c4a85aea8dc4c7bf3e55ca5,True
8be4783ee9f0325994c5e2b2fa06d0625000f03e5e1b329958c310cfeb89c41e,Mbpp/268,Ab2g-H2,499c2f6b4e4124dbd0b6ba4ccbcd2cb4ab1b32f68c4a85aea8dc4c7bf3e55ca5,True
884e8a90b4b24c2e5fe23ba1b1802eb7173d20cbdfc941ee9adb79d0e693af5c,Mbpp/269,Ab1-Raw,a28fcfbe605650b322b7283a3eb2a87237a8b95fc0a1a9157fabe3c961f43fba,True
bdea59e39dbee45b1ddde7f68ed10248742e149b6f8f77279e9a297fa815e15d,Mbpp/269,Ab1-H2,22060b4900ba1b9e1d1abc06ecaf24833e176fdfbf503d7e1dea3bbb125edd34,True
f9b774effe42ddbe876df580fbd702d7f4b75fd753424324c4429e08ce7b3e75,Mbpp/269,Ab2g-Raw,d4c1decca929b3317277b802653056f59b0778142237e66a4c635f998e97e488,True
8047c750ea391726c91c0aceeddcfc74c673dbf630c2e11a065f73941f99869e,Mbpp/269,Ab2g-H2,d4c1decca929b3317277b802653056f59b0778142237e66a4c635f998e97e488,True
8110aa4cfe1dcf8ef2f48afe0c931bcedf2db2e1b95120b4580710fe356fabf0,Mbpp/270,Ab1-Raw,c4401681e3114c3a9608f00284232360ef469fefd85d5e140e4d6f516edc70e7,True
efd339f5c88ce171dea0c61ffd1869c343f14e4dac5390ca4ef296978be8cbcd,Mbpp/270,Ab1-H2,557ee92ba01d88e32314f34aedda90d79efab82a41686c102990753b934179a1,True
8c1c8813abd426c03d524e10aff810a76b896b93d6ea2ef2f368b8fb1768c781,Mbpp/270,Ab2g-Raw,70832291af8113e1d684a281dc7e1252d49bd726d2814f70fb6ef451f6b45ad0,True
27078237e40ccf4f9e6f7eb8fe2ae4dc9904218989f3d01c95e7d717a8cc61ae,Mbpp/270,Ab2g-H2,70832291af8113e1d684a281dc7e1252d49bd726d2814f70fb6ef451f6b45ad0,True
a90d46e4fd32c2c916110052f8335e1d90661e9a5c6e35c621e38d22065c8f3c,Mbpp/271,Ab1-Raw,bb234c781c7338c7fdcb72320860a536f276be661b785306c4e1b8d24f62d981,True
55642f3d1e4cb7cc7ce27e804897d152463301e67101e7e1b0f18c7d4817ad91,Mbpp/271,Ab1-H2,9a43023ab35bd5c40d840ad8ff4c33e5177a2bf29f231a1d0b937f0897356c47,True
c3a42e38bb7eea1b85a16e0b33bb78481e865ebb37f5711c1099f005fabeb441,Mbpp/271,Ab2g-Raw,e936e2f456f5045896c8e293aa7198a90be520a8d30ba821830b61ace7eb9fe5,True
5fe4e8494a6d965174ac6a84fa1744e987aa1495f0b136657043ed612bf440dd,Mbpp/271,Ab2g-H2,e936e2f456f5045896c8e293aa7198a90be520a8d30ba821830b61ace7eb9fe5,True
5b0b7ffce6e3035860dd1a3cf1d230e2c10c3a7f92764f2272bc173887456eee,Mbpp/272,Ab1-Raw,dcd959bdbc7bd6d5e0694e4ac06387883bfe5b97a35c3cbb28cb125e3611c362,True
4a881d7555f758739bb03fe5c4169249f3f08f7af8a233b76d4233719b47b102,Mbpp/272,Ab1-H2,8057b190718717a6231e465c93752ef0f631626b4ee8c712b4a07bce9149883a,True
9583e2713bf77fa550504a311767521f94dd2f4c6eb673fccc5c605f9f201d64,Mbpp/272,Ab2g-Raw,2707fb9ef08984d28c6f144b7704313e4fe7d1b0235fde489623d61ca25ab5de,True
10fd41c29857768572cc1b9affe46912f53c40e47c2676b3fa14fe75456fa10a,Mbpp/272,Ab2g-H2,2707fb9ef08984d28c6f144b7704313e4fe7d1b0235fde489623d61ca25ab5de,True
72e7495bec7b8b4d2e03f5fb9dd215def4dfca0850e37097afb55991bef51290,Mbpp/273,Ab1-Raw,b021d7c1b2f68c389308c1b8278cadbfef5dcbe21cb5b46fac9e12d982bcb299,True
38a8b7a697c2b27577242176aa75e876d4b62c3e0fbcc5f55952884f5c2e7f70,Mbpp/273,Ab1-H2,b021d7c1b2f68c389308c1b8278cadbfef5dcbe21cb5b46fac9e12d982bcb299,True
798fbae682e6ec200476938a133da0e85cb2d836d9ba0ab3c5900ccc0ddc4283,Mbpp/273,Ab2g-Raw,b421ac41722e0ff3fbdab1622ae5735aa452523aadceff40ef64744f0a2d3f29,True
3c67485435f3b0f8019c8368c0cdd2134f6c99d6bde5f07094eb9f5fd45e9c46,Mbpp/273,Ab2g-H2,b421ac41722e0ff3fbdab1622ae5735aa452523aadceff40ef64744f0a2d3f29,True
08b39cb03bd2f2879b4859c72a3c9b86fa65f0da852c6008c4ff1620154158a5,Mbpp/274,Ab1-Raw,,False
09aec062b8d6cbdea52d6445369b784b566eca43004a3e02d333bfc3d7f088a9,Mbpp/274,Ab1-H2,,False
af4553c9decc2b8ffd3b0df0b6259102342522c7c76319a83f7b45ca100a6222,Mbpp/274,Ab2g-Raw,76e52cb689d87ff67c3522b4e0a0503da89f27dee24ab9de3171e8f9a6d7f9dc,True
d8d6063ec6b6a085d5710c9cb5e2536468f2ea912d4f3ddd50eec7a8b3ebc41e,Mbpp/274,Ab2g-H2,76e52cb689d87ff67c3522b4e0a0503da89f27dee24ab9de3171e8f9a6d7f9dc,True
8f0d978d4d93456b1d20cb5921b7d5d5c631f74f02c0ef0b01d727a1ef185515,Mbpp/276,Ab1-Raw,26769e9ac132a81b2ebfea0178cf9da5fae60083da4c2fb3c88de5577570e36f,True
8df09b38056e253f61a25aa24290b6c9586ebac22760c81e2c4ab47c36469648,Mbpp/276,Ab1-H2,26769e9ac132a81b2ebfea0178cf9da5fae60083da4c2fb3c88de5577570e36f,True
2c179158a73e24098600713a3edae5c5378776007295c2b432933589db87de67,Mbpp/276,Ab2g-Raw,8af97ef5dce35cc3473f6a1dad157888cc4f2405b7c54672ffe131d7e93e51ae,True
733b32b934b73403bc1a4763ceb0fbb9b3305bdbb57c7784fdabe97fd8e15b30,Mbpp/276,Ab2g-H2,8af97ef5dce35cc3473f6a1dad157888cc4f2405b7c54672ffe131d7e93e51ae,True
49aea5a665d33efbe293524e27d8c61a9d7a66796a18004dcd1dc31315fae423,Mbpp/277,Ab1-Raw,927b150cba63241a64f984791b0805dc5761be13d78c11c865f05b1e9dfbb180,True
8221ad47202c972a22c3bfc1ef43a63a3b77cf060fa15954be65bf139cf7d01a,Mbpp/277,Ab1-H2,7ff04db5ae0f382ea3eb1b2cb060ce1f97cdb3d8e3c6568998da438cc443f109,True
f4c218d21606a5de16faa246264c8e5132edcdb831c6213c4efddb52b8184f51,Mbpp/277,Ab2g-Raw,aa1735d1a29660588849a6217459e56e89460f4a12a0b769e89d9323d44b494c,True
76567d589b6af5c84086f58da234582be0c18d8b0866f614898ea42a2204d56b,Mbpp/277,Ab2g-H2,aa1735d1a29660588849a6217459e56e89460f4a12a0b769e89d9323d44b494c,True
9f6d077c6207f9b0e3c5da6d7eb36695bc0f5477d3aba41459c61d251951591b,Mbpp/278,Ab1-Raw,96fec33033e56278cb1a433cf8a7c25138d9119bf0e254bedc73bac27c6cb35d,True
eb82f9afdfb5c79e87692b1e1a2cf43618e71203ffe621db7a69c1087927f65c,Mbpp/278,Ab1-H2,96fec33033e56278cb1a433cf8a7c25138d9119bf0e254bedc73bac27c6cb35d,True
2f41e25e2acb6671da16e0fb1d18e4cc8090d21d7d72a56fd3767088c8a05a2f,Mbpp/278,Ab2g-Raw,5059597adcf8e9594eaad8c40e0d06082259cddf4d93a41a9746542551c828ce,True
ab4ffb5bf522e88476592909543baf3578dd3c8e681b2862844f27102db20f33,Mbpp/278,Ab2g-H2,5059597adcf8e9594eaad8c40e0d06082259cddf4d93a41a9746542551c828ce,True
92918966b220fe89ee2c68c5254878349201c93b5d0c21ee3329cfc57145facc,Mbpp/279,Ab1-Raw,a33524f047e17707d9109be34ccd4b5e38d0d130d948ecb9130844fd29530d58,True
2469bf2a84d9a1a10e744c247ca4af8ae8ff2e4274b27c91c1eca937ecfae685,Mbpp/279,Ab1-H2,7cfec6ebfe7e232e7ae59f0dffc2c629aadcf45f9004537f5b027d16b8856c01,True
290ff066195bf1f5331d9ac1a2543a7705250185ec232d853894248868e64566,Mbpp/279,Ab2g-Raw,18809ed0c902c88bdf761b7053c3d9dcf7c94e753eaddbfdcbdeb2118eea49fc,True
e4b00b81ab81e2c205dd3d8a7feb99a48a91df5484af93f3d6b45fabdb849c3e,Mbpp/279,Ab2g-H2,18809ed0c902c88bdf761b7053c3d9dcf7c94e753eaddbfdcbdeb2118eea49fc,True
29badf4ef6d2811e51d7c030bf80967de5912dc96383620541ffba5e941f91de,Mbpp/280,Ab1-Raw,4bd0449e84ed97b394f60132ff1d2f3a2812f25c9f6c7ba25575f6cd6dcba1c0,True
c337bf4b6d2d25ba26c7c2b650ace6fe4a1c98abe41c29a9683231dc8c036bb9,Mbpp/280,Ab1-H2,43bd8881080e69eb6f992245c975f4099a75c1fc57dd7b84d4ab350dfdb6360b,True
568e13d42339256a41a8904d332b734550d6e4e2e690328596719801c949f848,Mbpp/280,Ab2g-Raw,5b646a3d4cc6819d52d5865a0ef52d998f3fad781180ad9e1592f7c1061ad6ad,True
8b11b54499c9ed03f14470008410dcc3d92a32ee1d8894593d5eedd561305c84,Mbpp/280,Ab2g-H2,5b646a3d4cc6819d52d5865a0ef52d998f3fad781180ad9e1592f7c1061ad6ad,True
4a089f95c2ea3d47db7f585c91b4ec720a3b180c0a10ff59e59bfa5bd5d33009,Mbpp/281,Ab1-Raw,499d164759117b2a9ec2be92fd50db05f62f8fa2a35a8fbd85055cdb1575ca82,True
c1694f1b737a935d6efd4de77f2e46866dce89cb427dc7285f54919bdd72c792,Mbpp/281,Ab1-H2,499d164759117b2a9ec2be92fd50db05f62f8fa2a35a8fbd85055cdb1575ca82,True
5573517d7e71ea3631952dc22227ee98abbdec1f27e51c9c051c4d017af5f77a,Mbpp/281,Ab2g-Raw,61a5e623c9b4cf32be3fbd58c84f1527abd23d36ab72b4fcfc83054d6df84cbb,True
39d739fc86aef7725df0b9c796f3e7b48c0a9723a91a8a8afa08a7500a3a4c6a,Mbpp/281,Ab2g-H2,61a5e623c9b4cf32be3fbd58c84f1527abd23d36ab72b4fcfc83054d6df84cbb,True
92a24db58f0a2b1d7bab877988b007cc4fe4370d16d92515b82ad98084407a3f,Mbpp/282,Ab1-Raw,f9194a922b71755542b491cb411734394e568a3a54fd22e01fe339d2ad4f3830,True
3e85f2876e910c0c90caaad33c037987510469d45a75bf2346ba6d38b67a947c,Mbpp/282,Ab1-H2,3df994395e8e56ee1b1344734fa1c886ab4d45ae446ee7a124373e34c301a17c,True
440bef8859837d616bc5e0e7af3e9b6e2f33ca00e97f5773a36ea243559c1cf8,Mbpp/282,Ab2g-Raw,16bb25de3472e103d2ed458fcc7ded897d5e877160de62c03b578559b864195d,True
6664f04dde3de6a355104c0bb2fbbd518c5c7aa2a0bb572f8ce7586ce88d00c8,Mbpp/282,Ab2g-H2,16bb25de3472e103d2ed458fcc7ded897d5e877160de62c03b578559b864195d,True
a023e273fc69df68f9a7210b4fb660a6f3b119074aabc5bc489c12f39ead720b,Mbpp/283,Ab1-Raw,041a18c9abdb17d3c5a495377d771180d34155623e03113678c49aca2aad8806,True
5b47dc9add105fbad86cb0809dfd76770074e48b810adbf9b38cf3dc57227842,Mbpp/283,Ab1-H2,47d301b8e109250d923ad33074b5a4c176e6bd7468134a359433596eae36c966,True
f2920ba30d1842be2cce48617bb0b53bf39f1ee5acec56926c02df3464cb65aa,Mbpp/283,Ab2g-Raw,e04f1d5ce51d1eeaae1ebc9ad426fea06fbe673e755e237ac1f9e557270fa333,True
50dc1cbec5bdfc10d7a0b520e9b9278cce83062dbe3ac74617ff4d25126a18a5,Mbpp/283,Ab2g-H2,e04f1d5ce51d1eeaae1ebc9ad426fea06fbe673e755e237ac1f9e557270fa333,True
8c6099775c51ab0145aa935876a327a9a591dcd7e3a3f0e74f3547546739c384,Mbpp/284,Ab1-Raw,,False
d4a1d4a30fca1edc1ac50695825e37cdab8c972c55accd2ffc913d03ff7d09b5,Mbpp/284,Ab1-H2,,False
f7af095bdc21a80c58a55fadc31e35de904d28cd11774d777bf53afeb7b23c0f,Mbpp/284,Ab2g-Raw,ec701a4bad22bd0808f1e6e69747c4377c52c0b037957cc78b0ec65967acdf67,True
2a920147f394265ac65fdcfa9388a32182602eea7fb3a5d3f57f5b1c5fb36172,Mbpp/284,Ab2g-H2,ec701a4bad22bd0808f1e6e69747c4377c52c0b037957cc78b0ec65967acdf67,True
6c8f69255e60ffcbc23b32d54d78a93c7fb15b184b3bf2a39b2ec1540f830554,Mbpp/285,Ab1-Raw,,False
a8c820f33c8a7c115c96c3e17de00131d28eba1214876f9b5f661dcaccc14239,Mbpp/285,Ab1-H2,,False
30cc035a803d332c96cc99bee00b4963feabe549359fc8dc1e17bf12fd5d0cfc,Mbpp/285,Ab2g-Raw,436118278c5d4ed8cff3b7680769febbed8566d373999cd6369c9d4d1edc660b,True
4aa3b0e7f636cf13de503346235b886e93d6f34107b906a8dd54b98fdfd811ca,Mbpp/285,Ab2g-H2,436118278c5d4ed8cff3b7680769febbed8566d373999cd6369c9d4d1edc660b,True
b09ec6613856211564cbf05affcd164aa5a6e370ff14682d3d03998885154739,Mbpp/286,Ab1-Raw,18f2999e2d79f131eb28b207cf561c9b21f3cf64371cfcaec3385cbab1307d73,True
5388ec6d5a9edecfbe4f3fed8e087b4053d21ccf56c49d3f671cffc733598b91,Mbpp/286,Ab1-H2,18f2999e2d79f131eb28b207cf561c9b21f3cf64371cfcaec3385cbab1307d73,True
e2c0494266dc663c1b033d9b79ec2104d6f218238be6ced029934bd8f774a98f,Mbpp/286,Ab2g-Raw,fc8abc49801766f2c9a257626191c8c5fac110b1ce5b48ab71e2e4866e0e7dd4,True
19393dc7a44a58f15d6d3e352bf51e442184ce3463fc2a6630a01f5139914441,Mbpp/286,Ab2g-H2,fc8abc49801766f2c9a257626191c8c5fac110b1ce5b48ab71e2e4866e0e7dd4,True
3ba33c354d26c61ad4643bb2138ab5db233d3d03bd0c6a804c30d846f402add4,Mbpp/287,Ab1-Raw,19c7775465f57cb337fe15866b8fa2e90c4ff3a3daf0ab7eab4c929a2247fd93,True
c361ab144d79d84f30c00d4e91fc2fbbdafc48f31bd8c79caec1797288b621e5,Mbpp/287,Ab1-H2,397347eec73c4e65ec91666748c6f03537559cdf68b0681e5f6a68765ff69984,True
33b99b523ffe5cc221002fe1eed30825ba604a78880a36e9ebfeb3e41492b8af,Mbpp/287,Ab2g-Raw,de3615f4b3afa4cc83725fe00a4695a904728fb96ab980be0217c5fab9de97eb,True
f90406fe7419409f3651564e3000a5b192e2be637d2d04c9da50fcf107431e5f,Mbpp/287,Ab2g-H2,de3615f4b3afa4cc83725fe00a4695a904728fb96ab980be0217c5fab9de97eb,True
c44449d3442e8c00a6fcb1e14f8d599a37055eff3ecbaaeef36b2a4860e23c50,Mbpp/290,Ab1-Raw,,False
34875b25188577663c5f4fd805c4061192068d7d506f8c4f548e3f30b1704260,Mbpp/290,Ab1-H2,,False
cb3918f9b85825a3b5467dace2e589a2f31d74b067ea8520d645ac8ce912f718,Mbpp/290,Ab2g-Raw,4871cc375ee37874e13be0c6ebed7a643625a8d99a1b80905c0465ad8e36dd6b,True
0d2188032cddf2c03ca0f578d37f065dc29984eb1acee7ed9086d4a313894483,Mbpp/290,Ab2g-H2,4871cc375ee37874e13be0c6ebed7a643625a8d99a1b80905c0465ad8e36dd6b,True
677343c03535a9e0105a6be2f34ba34fe00136a53d3fb469192152aeed8a29f9,Mbpp/292,Ab1-Raw,2331d85380a4c0464f51fdbf7e4b3dfbfe407a052eb120e2f2b22091da2f326e,True
81f2ba5cdf69cf13f4054ae6ce1f964407cb469a1afc1c0b79031d3b291bbf74,Mbpp/292,Ab1-H2,2331d85380a4c0464f51fdbf7e4b3dfbfe407a052eb120e2f2b22091da2f326e,True
2722fd2dfa3026c1168b6b1676ec39e186c8409f8c4ac008b8766ee423486cd6,Mbpp/292,Ab2g-Raw,49e4ca91869669f47521a840147889100defda4e78c3675535bf2cb224869278,True
db757b43e39d7f8ee6c87824f4157c1111f208adf5b358c3551fe18ecee8c862,Mbpp/292,Ab2g-H2,49e4ca91869669f47521a840147889100defda4e78c3675535bf2cb224869278,True
423ed87305cc5f1fbd15407287a8eb6d728827958c4bf6d0b1f92a237c1f97ad,Mbpp/293,Ab1-Raw,55cadc40e1d16adb161534de1b58069a6038b2a39de324c05de087eb4d17e4e1,True
3a868fbb9d770e37eb2474aa561ca4316c939f80a80fca934a68fd27b244bde5,Mbpp/293,Ab1-H2,55cadc40e1d16adb161534de1b58069a6038b2a39de324c05de087eb4d17e4e1,True
efdf315fa4985b41ad535a1535bc511cea376580fb885d9ec5279b8739803b83,Mbpp/293,Ab2g-Raw,9484a405c4bd19dc1d2e73f2704d378ee70c0e5673ca103858a5e4da36d47d6e,True
24283e4193d1ef4cd4de17672ddc183bdb60246b70f99878800565d5f1708acb,Mbpp/293,Ab2g-H2,9484a405c4bd19dc1d2e73f2704d378ee70c0e5673ca103858a5e4da36d47d6e,True
6e44fbb7ed967324e9e52cd2612501f020515d7db63ada95a93af3afffac037c,Mbpp/294,Ab1-Raw,32ebc9b107928af5181b02bdbd3fdc98e86819a383281dba232c29515fa71a90,True
cae8073f343552487fa6e9559dfc2d051a07442a1d69f1a5a011d6f3cd705801,Mbpp/294,Ab1-H2,29f17679aa2f92a26a60b70302a4eca9613eee904d9c2d383bfad03ce95b42bf,True
51696b01de89e352fa38650931b25044102658ddee865e3db0de9686d5af0c85,Mbpp/294,Ab2g-Raw,67ff3d181450ea42adeeac99467702308d3274e91e3d723fcc437128336f904c,True
9d63aa660d984bb77ec3e7431840edb6d0c70629226d0d02b09cc3f3ac550d23,Mbpp/294,Ab2g-H2,67ff3d181450ea42adeeac99467702308d3274e91e3d723fcc437128336f904c,True
95149e92804ecffa2742b812c85007e555708fc746606ecbde9da4eacc313cbd,Mbpp/296,Ab1-Raw,768e25d6827cbdd9e9835323d3ee972eff4095480edc9dfa6eebf321cbea9d35,True
60fb3b83babc40b6feb2905a060ebaaa92602f216e75febfc0ae1c2b0dda1fc3,Mbpp/296,Ab1-H2,768e25d6827cbdd9e9835323d3ee972eff4095480edc9dfa6eebf321cbea9d35,True
7442da779ec9a3465cc2bf6d76a1deb01f2d812b449873c23ab3a9a6a8118728,Mbpp/296,Ab2g-Raw,9b18bc1cc065afc80a52a50f02cd021f2bd323a88d027b92c065800a74099524,True
6eb9879342c74617e6e95b9bd823d0452c5583f9f60241595ba94d7002f5e096,Mbpp/296,Ab2g-H2,9b18bc1cc065afc80a52a50f02cd021f2bd323a88d027b92c065800a74099524,True
cc86a6ab9f400957de4936f6ddf7557c9ef38db7c2a6af99163b97e8c54aac27,Mbpp/297,Ab1-Raw,2fb5b652ce3ea8521fa1495611c1d775374815832bf95899db141428266783e5,True
721c250cd395b20d224dfafd354820ba89f94b73d45a83ed95b5aac104d9cd99,Mbpp/297,Ab1-H2,2fb5b652ce3ea8521fa1495611c1d775374815832bf95899db141428266783e5,True
75d034046ce05c12f7b6291411d0a400d2c72bfe814dc74d80cd8927b6006a71,Mbpp/297,Ab2g-Raw,292944e9f13ab3a5d16be30746b3a58b42c6f3485700526b5311409956232cd9,True
cd9dc88af3ad9667c1c26b1ed1d34604e084fc80a5627168d538d046693ebebc,Mbpp/297,Ab2g-H2,292944e9f13ab3a5d16be30746b3a58b42c6f3485700526b5311409956232cd9,True
055f07ba0549ee500fd93aa8379e3e07f121ded88f4b6d06ee130487db0833e1,Mbpp/299,Ab1-Raw,fd8a03fcab23f7954dbeff5986a3a3518c148b9d3cb6a47e1bccdd14989a3174,True
b73107080d9ffee038c6662edcb4896e05ce64b42d2d601c800b6f81f4d51d54,Mbpp/299,Ab1-H2,fd8a03fcab23f7954dbeff5986a3a3518c148b9d3cb6a47e1bccdd14989a3174,True
a8be5df7f20e51915164a15b642ae312dbaf33880157fdec6851f3626c639474,Mbpp/299,Ab2g-Raw,89069a309a8ea17773355f660d6ca937334cd2b42c0d9d73d50ee2e796e62c5a,True
15a4924f2bd98a5304022cadf27c68f46200f44ebdfa76cfcceef68ae0576579,Mbpp/299,Ab2g-H2,89069a309a8ea17773355f660d6ca937334cd2b42c0d9d73d50ee2e796e62c5a,True
7d88dceec07450561d6d2e4486b6a08374971a9185e85a2ce1c9a1126f7a69be,Mbpp/300,Ab1-Raw,,False
9f6461714ae649d6eb4b135c907b7a2a14b9a287840a6ea517a4305b35b55831,Mbpp/300,Ab1-H2,,False
0bdf66d8426c6b333c5e33cbd54dc1c27fd8b208389074aa8a4a94bc570a062f,Mbpp/300,Ab2g-Raw,f55e38622124be7a3078ab1b22fb0e3cf27f7779f758ae73169356d040b04eb7,True
bd4f9ed45f3f826e7ef032a6474891f46dbfc73174d8bdf4a2c69fa71b22a956,Mbpp/300,Ab2g-H2,f55e38622124be7a3078ab1b22fb0e3cf27f7779f758ae73169356d040b04eb7,True
fd3eaf055dccf8a760e27b70be75e166fd70a458650cfe1cdf35eeaed32085e4,Mbpp/301,Ab1-Raw,17b337211f78c3e223b5631b6fffcc4b222571aad4232afbfe79fc217541456f,True
aa6433a84056f101fbea4cce47d03f4ddc05d8d4b2cf09264ad281edef794980,Mbpp/301,Ab1-H2,17b337211f78c3e223b5631b6fffcc4b222571aad4232afbfe79fc217541456f,True
e020d24fc17355305dc8c0e6e16f7c307263f2666f2d0d00d4940bed74eefd2a,Mbpp/301,Ab2g-Raw,55e494a7a01d198fd75cf528467b6a36c87aab87b5f500f2a207ae5aa327c2b9,True
ec6753667d11467f650f0d8a81df41260231882562d139dc446333d0c082386f,Mbpp/301,Ab2g-H2,0168d8a29c05b00cef12898128286907740f14b3520bb71df5cf2b77b5d3d1a8,True
567b3f2607afa7117d18606aea9b5e7923b53fa4d6f29dc1eb0d2ced569c905c,Mbpp/305,Ab1-Raw,cfcbb6b3e8d4d5ae6f2d6668452b15d8aba2a880249c2f392ea6e65f29402833,True
7aee84a720d9b86d86a8f778c18d1f07b34c873b325dc059c9fa7035cc07ded5,Mbpp/305,Ab1-H2,cfcbb6b3e8d4d5ae6f2d6668452b15d8aba2a880249c2f392ea6e65f29402833,True
904c6398d912475c341e7fb2a06c476984d516d1266eebfabb596f495c341bcb,Mbpp/305,Ab2g-Raw,83ea1cde0ae996dfdc22a4b205882d3e3be3f9d488742e727a46a79df22ebd4b,True
8663ae0fdbc8c82ac05fe0f8082c52330a4394ce68843852b748cd7442aee9d5,Mbpp/305,Ab2g-H2,83ea1cde0ae996dfdc22a4b205882d3e3be3f9d488742e727a46a79df22ebd4b,True
05a3f22218f6262659787904adb6965b2357291cd31e574a260e50b8533cd31e,Mbpp/306,Ab1-Raw,f4af32ae3a3abd5d89dded4653720b21779350cb0c3fe03ac8b888d40000b63f,True
ef3b1753d074df56b02210c0214ad57173b3b5d915f6f3eb805b09cd6e3b6b29,Mbpp/306,Ab1-H2,f4af32ae3a3abd5d89dded4653720b21779350cb0c3fe03ac8b888d40000b63f,True
04cb15fadec70d98808e19037975a1f93c6558eb35d421581ce3d4867465456d,Mbpp/306,Ab2g-Raw,ed58f405ff2fe58a77a50334ad36db9e65b2065754c0dae3915fde8ef98c61ef,True
54154da78f73cce31087d68a32a560e7888bde8df9f93b36d9132926bf96ab96,Mbpp/306,Ab2g-H2,ed58f405ff2fe58a77a50334ad36db9e65b2065754c0dae3915fde8ef98c61ef,True
f3805b0ec95c66a0f1febc61aae6e39576be893fe5f7d834d74c8d156d1dd84c,Mbpp/308,Ab1-Raw,6c8144e4b65316ca4f5ad6b1757358e695b0c7a96efac372e4516a4cbd80eb11,True
001f2d0159b580b2876905ae1631dc68a50ea94002f43d252afc18463210e91b,Mbpp/308,Ab1-H2,6c8144e4b65316ca4f5ad6b1757358e695b0c7a96efac372e4516a4cbd80eb11,True
e9519b548b3869cad2e0a6c98f93a8d7329ba3ea6ebc0f852558f2ac511e798f,Mbpp/308,Ab2g-Raw,7721968e0e37eb422faab1738a96632681f0c26cbf214799abdb2bd8d99e05be,True
c897656d18eecfaa82e8d7534dba00aa5f002bc0d260e3a86eb4176db3a1f489,Mbpp/308,Ab2g-H2,7721968e0e37eb422faab1738a96632681f0c26cbf214799abdb2bd8d99e05be,True
08b35e19ffd6db6190b5bc8ad6a3060ad7de81c07599080357bed463e7fbad38,Mbpp/309,Ab1-Raw,e207ad7bf148d7c1ce6bcc7e5789f8083ff379f4c1f6df9c28fd7a4cde6874cd,True
23d75edf6fddfc1beb06f76e461abbb2e45eded2d27298689edd10d155871e74,Mbpp/309,Ab1-H2,57d5d5dc455e628da19e9dcd2222d09b0c6ee196981ccf055a4a4a4601d694cf,True
e4acc8f003adb16a7c062ce3117e4f4d306f681b675ad1aa7dce3138ecef7da8,Mbpp/309,Ab2g-Raw,a41cde1eb01704d8053b60e8f21cb6c297049c892643da93dcdca7d02abc9d28,True
640402ddc463d6ad674644ddb34c4d55e28f3d327c9cc5d2042c4e6e1508bba9,Mbpp/309,Ab2g-H2,a41cde1eb01704d8053b60e8f21cb6c297049c892643da93dcdca7d02abc9d28,True
b7246b08e48f2162b5986e82b6962e77b6b1bce414b1cb1da53ad24eb268b93f,Mbpp/310,Ab1-Raw,4904eee3f5be30b15b10ad49bad9603dc65732151f36d0b949966aeda6681895,True
fbd1368b4ee624d435d0a61348529340b15f1997fd7731a9832e0d896831be9b,Mbpp/310,Ab1-H2,5360ddd04cb1a42aa69dcc820e901e8a53c36582847ec2d378a62b2f5e184afa,True
2ae494627ad5e1495ef775849698092cc540c6539a8ca0b18098b3af94d16369,Mbpp/310,Ab2g-Raw,b1eb2f06e0c316436f327a9f6bfb56f53e6f19395601c1939193f2f16d91caf6,True
d3ef1b5cd05e204fb6a0b1a3805bc05c55e033fbcc95bfa942c17b7501ef5869,Mbpp/310,Ab2g-H2,38a13e543c4c6e69bf5f6b7424ae28f7ad27a09d114fd26d2d074633c81730f1,True
07df1d9493cb1c3f1b62600de88c3cf5988fc61c14f87dc88fa4b84d79d7000b,Mbpp/311,Ab1-Raw,,False
68dd91d437aaca330dd663b5c9c86a93b6c1c2e20dfb54d4feee1c1e71e7db61,Mbpp/311,Ab1-H2,,False
968662ef5d401830ae8d01c51f95ba4c4d5ae7ecb735c66eb1015af117903b58,Mbpp/311,Ab2g-Raw,5dbb7d4f4f29a1f1442d6f12f275ca92bc9f894ce006ab8cd5dfd4c5b2fd9578,True
e0713ea2a701e868704de3cd00d279a401ec44eb2adfeafa0a7ca5e7d89a8c46,Mbpp/311,Ab2g-H2,40b44aaeb9d9b869f2b4d3cbe2dd80ea0d2b74d555adbb9c9bdab8e5db0b82ff,True
e2a03c2e517249e781ae1006f50c9ff8aed13f20d9b7a1e0558e8acb2c877179,Mbpp/312,Ab1-Raw,9260d49a7209f3f6bcf43d83bdf1315954c1fe7bd6a6368da80fcd56e4d33b3c,True
7bae6dfab3589158f394e174a3429b6ef002d03150d0f55d6e6efc5c86990ba1,Mbpp/312,Ab1-H2,9260d49a7209f3f6bcf43d83bdf1315954c1fe7bd6a6368da80fcd56e4d33b3c,True
c7abc09cbf5ecbec9c9418a1b1bbb0e5acb5f7109889d9a4d876aaaaac64120e,Mbpp/312,Ab2g-Raw,287c6517d67cd550cc75d1c9a3729d2aad4e6f7418c96220ee7982291d192f90,True
dde293b1f78511c3c8c0a6531e3ca92ad226a947f1dcaee2f88fdb8590e19b3e,Mbpp/312,Ab2g-H2,287c6517d67cd550cc75d1c9a3729d2aad4e6f7418c96220ee7982291d192f90,True
bf981ed1e737bd5047c271fc31fe599da2edb1743a1cce80ca5f2eb1c60fb232,Mbpp/388,Ab1-Raw,328a3037dcdaad2e52baa23efeef71cda9331c548afe68777e802efd02615c0f,True
bdd6c4e9429ae93c2faef23e7ebca0b7ca26b7a788261367a66554e50a7958b3,Mbpp/388,Ab1-H2,328a3037dcdaad2e52baa23efeef71cda9331c548afe68777e802efd02615c0f,True
ff75d8ad093316d96613dc9f467d9f5fb1fbff310cbdef124e614943ebae3d4b,Mbpp/388,Ab2g-Raw,181ebeced42eb321ad3d1d871f530f0ec433758b0e5c110b16f18e048b748756,True
7aa423f2d1131c64129c24918b34714f7b4e32784dfa0a81abcbfb004161592d,Mbpp/388,Ab2g-H2,181ebeced42eb321ad3d1d871f530f0ec433758b0e5c110b16f18e048b748756,True
a6dd9acdde455bfe8d453d18deaeb68713c0d7627e1ced27a513b685eb59f297,Mbpp/389,Ab1-Raw,aa2fa65b2db6ae5c3ca5ccdff8d3eef983688e2bed4db97913a645961aa328dd,True
3f0f86b5181d6cdf86ad57f0e013790d7ac12fe2628ba1aa95d00fbc80d3f579,Mbpp/389,Ab1-H2,cf38bcbfd224c4c05c56c09ae6adb649623a38cd460cc07d9886ccaf4cfe956b,True
794d9b0da49cbeccb465ac44ea7bdbe002acb4182b3c5910351e5ae0556c2bfd,Mbpp/389,Ab2g-Raw,bcbc03eca695f4e946b4fdb57e432466f5a4e151d4942c5434696531314c4142,True
11a612a0265980fdf3149b37fa3d9cfef8331f8f066c5dea74e0fa5d63309a17,Mbpp/389,Ab2g-H2,e694d091fd42e0a763403432e7669744408bf83ecb5c03017504fa20c9bab492,True
d431dcb883fcc242c878ee3647e141296c06b9f835c8111f1d92e17620701438,Mbpp/390,Ab1-Raw,f4c3d964f6514c15cd562a3f8e3bc66679161eccd267cc6889cc06359bc7464e,True
97813d01e7d0cd0648989c0cd2845ff561097687b4191f9116d4db1bf3813740,Mbpp/390,Ab1-H2,f4c3d964f6514c15cd562a3f8e3bc66679161eccd267cc6889cc06359bc7464e,True
e02be838f31c216b1e19af6cc74527c92ccfb862b21cbddfcb1618326ffd9fb0,Mbpp/390,Ab2g-Raw,3c7a7c8d7b090de5fae70e50b8cf2cc88724902ab909fe90111f587e54472893,True
b6bf8b4e82ccbf4034f0f25dd1292516d339b2f83d52ff43c4525c25258f2f75,Mbpp/390,Ab2g-H2,3c7a7c8d7b090de5fae70e50b8cf2cc88724902ab909fe90111f587e54472893,True
1e5ec04f4247ff3cc0c98c9cd7f8ffe161682202e7ac3667bc249c010412d657,Mbpp/391,Ab1-Raw,6bc5782ca53d6886db18ad5f090e84cd634c90358062f7cf4f48b07afa56a241,True
35a3147265a46369e3d7a8c809cbb6c638da14c8aef19cf36ba3b79c0f65f7eb,Mbpp/391,Ab1-H2,6bc5782ca53d6886db18ad5f090e84cd634c90358062f7cf4f48b07afa56a241,True
57902413d07bc546e4f863855d8f1a523f3d65a0373f36cfa498583a6cbff602,Mbpp/391,Ab2g-Raw,26aeb21119ca188a066c6890a88880e2b8838b9403008d13ec8b04b20a7b1a7b,True
d2e171bebccd40933f4b0dcf2ad55496d9d4a527f646d6e512ad937373f9f396,Mbpp/391,Ab2g-H2,26aeb21119ca188a066c6890a88880e2b8838b9403008d13ec8b04b20a7b1a7b,True
d72c59b649266a3abce1a336c745e21b69049591c7bca4c3c0b90549e373e2d4,Mbpp/392,Ab1-Raw,6b24a523be8428d7b728f9dd45825705a18cd2d8dbe2035e1fce8a47a279bb41,True
491ede7835df3df3d382a2c3b8e41d3c2098353023d70d9ca9f13dab5fbee2f0,Mbpp/392,Ab1-H2,6b24a523be8428d7b728f9dd45825705a18cd2d8dbe2035e1fce8a47a279bb41,True
93d39d0278787c0ea609be40d4863a09ea1f4fbfd3d26dfdaf6080ec241213be,Mbpp/392,Ab2g-Raw,15f995cfa2ab49de8897e8a516b2f5c1b3ffea42d0ff4c92e82225948d7ee8d4,True
063086289bf3b3f4b861b6af5f2f3a70fccf800789dd20b986af1849065885a8,Mbpp/392,Ab2g-H2,15f995cfa2ab49de8897e8a516b2f5c1b3ffea42d0ff4c92e82225948d7ee8d4,True
327a2937459be1debb1b983543f0a337d20ef434c9dbcd682634325c1d40a668,Mbpp/394,Ab1-Raw,196f89abbb35e28e0ff07cf5d344c7825096f534c70accf22abfc1735fc008ad,True
73ad56c50903094a8fa740b6202644f9e4cc9ac19f2cac59d57d7027415d06a1,Mbpp/394,Ab1-H2,196f89abbb35e28e0ff07cf5d344c7825096f534c70accf22abfc1735fc008ad,True
2c5f0c87dfecfd9d3d2d89b35807c6abae42ec26f1742d3e9f2ded6cce881895,Mbpp/394,Ab2g-Raw,aa8ce5754701160c3eb2273903e7e4d65dfde7d8e1d6dc06cc629093dc713ebf,True
9289e7391fc9604830cf3c9348c222f8033fffe0fabb144a0165de731b36001c,Mbpp/394,Ab2g-H2,aa8ce5754701160c3eb2273903e7e4d65dfde7d8e1d6dc06cc629093dc713ebf,True
5b08ab077ca893e31483d6198240b5d424615f0299e90391f4a021c1342010d2,Mbpp/395,Ab1-Raw,,False
e4993a91d4388ca52b43d654e1a6a9ae4e9ec6286833fc1520cf86f4cc64698a,Mbpp/395,Ab1-H2,,False
f2d2f97883e6b22a09beb54ec988c3dcd412f6b529927bbacd5a83b8ac2e4a38,Mbpp/395,Ab2g-Raw,7f2048d9896fc8470ba85325664b36f03d8a0ff6a28341505b7ad6f4035126be,True
772423436869e3144fd0a8d8b2d1ff21ee2d925f12129fdb6ca8bb40acbe6532,Mbpp/395,Ab2g-H2,7f2048d9896fc8470ba85325664b36f03d8a0ff6a28341505b7ad6f4035126be,True
2ce9a633d703d6f4abcf81e005a8c9a303320f9b89e6533090229b802d5825e0,Mbpp/397,Ab1-Raw,7ae692c059d6a606bd95c2b023ceb3c5723cacd6a20ecf73ecbe17a07844636d,True
62c2ec1e5f5c3a82c52f50885f08118b1f2ab2d9adedbd2a37c1ac911a179113,Mbpp/397,Ab1-H2,54b9df2828263c136d1472b0765a0ddc199aee76efe2fd87a843d03e64ef382b,True
0c8e6651f506a5fede98ce24536862eeb53020f4c07877622dad76eca1dbdeea,Mbpp/397,Ab2g-Raw,70883cbb69adb625615004abc3f7a83afc53601a78149a41b5417cabeede93a2,True
9f3768d308580d18888556af1e737fe5119153a590767aacd99ea38c4265475e,Mbpp/397,Ab2g-H2,70883cbb69adb625615004abc3f7a83afc53601a78149a41b5417cabeede93a2,True
14f9c3c8013b4c446f0772e1a2ac6015c4d9f686134b533f1f32a09871ef4ea5,Mbpp/398,Ab1-Raw,230f84a5d8562908930037e233c34ff2d360ead4293f017c5b5dd048919ab8a1,True
4293f3503179bc417cebbd9e25088abc763a2161ee1dd72353722c1e9e807e5f,Mbpp/398,Ab1-H2,eec3e9ad4f65bae981868f57b4e59863309bc03db445e90257b732261d4b257b,True
afc243d891561e66e6d24e167714c9058c857dd959c2142b4ac2bfb4e6263f86,Mbpp/398,Ab2g-Raw,8f961699d14912d84a4ac440c1d41ea5b3ad953f2b4f56a9417d6b0b399b0a50,True
342b1989c6d462b04e74f5b4ec7a84f0e0c512cca47ac1e59d35bae7eac3db80,Mbpp/398,Ab2g-H2,8f961699d14912d84a4ac440c1d41ea5b3ad953f2b4f56a9417d6b0b399b0a50,True
1186bb060a5d0972b6e5aecfe5a600126a1bcc597188caa9b12559249d942c81,Mbpp/404,Ab1-Raw,b35ad4470b7876e4818f1507d9c60cc9ad88129f0ad73df8c08f7c635ce26a15,True
b957ca854cdf736616845abc0c21dec775a2514b6aab931fb377203193474c85,Mbpp/404,Ab1-H2,26ba2d9510e7c78d9e927efc22cc15c7ca5ef339635f9101776c0c97e2729ece,True
8bdca0f36844a072a2d635d32e7abd95d93606008d1fe2872ba4b7dd6366c36f,Mbpp/404,Ab2g-Raw,93a10540cee3282c41a0b870b0624e4a89dbf475b14ed6ea0c1d75efc5321189,True
9fe9c1f82e2897e4d3ff976e611a0141e35901e5eb9cbb408534fdf751da25b2,Mbpp/404,Ab2g-H2,93a10540cee3282c41a0b870b0624e4a89dbf475b14ed6ea0c1d75efc5321189,True
6110f119886a55233594671ba73c3debbd212c4fe6bd8945e9cc33ee402f3e7f,Mbpp/405,Ab1-Raw,3780e025e60cb02d1e64036c359901addfb942b5f022818dcbee6358df9c9eda,True
49833b4076ef8a5b189b39210a0cc005e95f03d25c3e791c1d772787bf594ad5,Mbpp/405,Ab1-H2,2558342e53e3c8099238e7b6ec55a8c93e4e300f020f8e0fda36e18891cf8fd9,True
76a089dfda01a1e4fa8d30bf18dd731a69cd0b14ef6d90f6871ea292714ae5ea,Mbpp/405,Ab2g-Raw,81c2bb362402a0aa20381bfc7c9e7cabe1cdba25985254fa95698b97cc587105,True
de3ec5fa337317ceae25868f429be8fd6dfa922b298f07444b02aa866e68fc24,Mbpp/405,Ab2g-H2,81c2bb362402a0aa20381bfc7c9e7cabe1cdba25985254fa95698b97cc587105,True
422af67e4323861c932346f14be4e94227298a6e736e52cedc58a15ba3dba6ef,Mbpp/406,Ab1-Raw,ab0cf4c1caeb17aaba42232bf1e74804fbb112ce47d32a23ee8e84c434a12776,True
67b510747a7178e6ef7b54a46168175935a1fac368829dbd31d9e89c2505e7e6,Mbpp/406,Ab1-H2,ab0cf4c1caeb17aaba42232bf1e74804fbb112ce47d32a23ee8e84c434a12776,True
9dda97fed99c4a6d75873a0fafb61e90fc40b7769811d5d4784135b767c520b9,Mbpp/406,Ab2g-Raw,29085cdc8895243fa303e01ab40682b929d08fcafb4dafe61580f2c8789f235f,True
6f35d794d2e82c15d94388ded1e706dcb4a574138adfa22f7679fa085729ce8f,Mbpp/406,Ab2g-H2,29085cdc8895243fa303e01ab40682b929d08fcafb4dafe61580f2c8789f235f,True
53f31db604215e289ebeb6f2f2348c7c0495a57cf84f9ffceacb23a7de46042e,Mbpp/409,Ab1-Raw,9704e34e78ae7a966fd14f205dd63be128b03872c863fcab61fb22d01dc0244e,True
7dcaee683d8b3a049c177b7111e1ddddfa32b8e4935cccfe519b1366b50e7a9f,Mbpp/409,Ab1-H2,9704e34e78ae7a966fd14f205dd63be128b03872c863fcab61fb22d01dc0244e,True
d96e064d96fd8c9455613ac3eaf2b7cb21e1cf20f5b233ac5927a31fae2c8819,Mbpp/409,Ab2g-Raw,ac4d4632e55632c9c010578fe6835c4ffd3fbbfa0386396d8c859d809592820f,True
819246af1bec1aea56aa615d1cd0cad1d00bdc5d71f6e6b03e51ce64f0280c53,Mbpp/409,Ab2g-H2,ac4d4632e55632c9c010578fe6835c4ffd3fbbfa0386396d8c859d809592820f,True
ef7c2f0fe89e7e33e7df25fa34ec924c1e14b8c55ed406376758629c96447f2c,Mbpp/410,Ab1-Raw,,False
28f39f059dd235a921d65b5eeed358c114b6323aff4b6451ecc67579dd2e31c3,Mbpp/410,Ab1-H2,,False
edde8f81eea60cc76039c69fd3a6d973354d46b218cb4fbfdc4901025cada7d2,Mbpp/410,Ab2g-Raw,7f61b30cfdadcfc365c6cf6daaa79170942e69f2f3c1dabf2d87ae549cdedefe,True
4c0fb9dd6f14543c1372af19b98b7e53672dea3e88830d75095ad7a4f75c3c0c,Mbpp/410,Ab2g-H2,7f61b30cfdadcfc365c6cf6daaa79170942e69f2f3c1dabf2d87ae549cdedefe,True
fe482b3faca285a7f2d15d4fe8d76f46cd6fc80003cdd8208eeea51224aa6749,Mbpp/412,Ab1-Raw,07a9185547d42cbd5a145d064d42e4d4efea807da2840665904ac97fb07f5027,True
014e41dd70e43ec9599b0b21f9b5b0d24e5625f76e1d2859669efe19adfc8536,Mbpp/412,Ab1-H2,c9da03dda7115a589e4b41c5da7da0ac6197f1ad11cbad1ece9eb1e0471c8d95,True
b716e5e12e3aa43cb1dc974cea2c433a29a0fb4549b1a32999d20eed374fa152,Mbpp/412,Ab2g-Raw,09732e39875e6b76c1f2dbb0bb077623714f4a1b191cc3cd7fa936f6a31e36b3,True
3d558d72cc097e630866f154abf5ae2b2603bfe4204640709fae157c0aa3b8f9,Mbpp/412,Ab2g-H2,09732e39875e6b76c1f2dbb0bb077623714f4a1b191cc3cd7fa936f6a31e36b3,True
8a8fb747678a5524b09ccb325c575eaf29467cff619cdfbf269b794977446e42,Mbpp/413,Ab1-Raw,8516ee83c23b1b69371c2249095b4e5744f2595ef36b37d2d45f80a84ee27cf1,True
087235b4e29450d80c0c0ed5801439e8e91101a1d4dd6fd15b41c6022a891787,Mbpp/413,Ab1-H2,8516ee83c23b1b69371c2249095b4e5744f2595ef36b37d2d45f80a84ee27cf1,True
d1f1bb69400627f03efb197ec3aa46abf3a10e4de672e9f92ab5012a318cb756,Mbpp/413,Ab2g-Raw,d85c405400f9384f22d5fe31e8263412efd1059a08fe3a85ca11ee9f819e1bab,True
b5407b35797863516253c0c6beb5134ffa321fed8e89105b5bbae1bc8c65a92b,Mbpp/413,Ab2g-H2,d85c405400f9384f22d5fe31e8263412efd1059a08fe3a85ca11ee9f819e1bab,True
20917fd542cee613880e2028921db5e24038b4d7ee05564cee65190272365b4d,Mbpp/414,Ab1-Raw,5b51fb848e563bdc94fdefebddf8303d800e72628635cf645c60b8c593a8d0a1,True
f259ea5138ccde415936a04e0d082db8ff2c267abc499c53403f00eea9208928,Mbpp/414,Ab1-H2,24924cab6446d6cbccfd5655b92f1c74577d43b26e8cc29fccdc5b8755ed2763,True
c06bfa95c4b66943964f264d3ff348d03399d2005afc7c721064552648f13c31,Mbpp/414,Ab2g-Raw,25d66c5f303429901e1fef2c535c298d1c841e5ed8154937428cd6f9ec575257,True
b71ad4719e0f3c9f96fbe9ff5b45ebf7a312236179e7cdebc473276264c89d01,Mbpp/414,Ab2g-H2,25d66c5f303429901e1fef2c535c298d1c841e5ed8154937428cd6f9ec575257,True
ad277f908837220b45681517f7fefb25de222837aab450f63517fc0719b3483a,Mbpp/415,Ab1-Raw,7a9397e516f4172331396fe93ad4d6b65e299007ba4d2601c51bd1f14a4146cd,True
3da34a228d63a1d68c683e762330115d32ac84753aedcb3becf1ac802df24d8d,Mbpp/415,Ab1-H2,7a9397e516f4172331396fe93ad4d6b65e299007ba4d2601c51bd1f14a4146cd,True
701e41b9d883b2e0694c789be0be4c0f08e4fbc5a9a2b74ea37f4d5618a0287f,Mbpp/415,Ab2g-Raw,fd3c32358a887807419d5296b6ac78af71eb3e37c9727d3b4e9320efb14a3108,True
d084985aac477f1439459bb2c24a44be599f00572c542bc4bee2ed208aff1a98,Mbpp/415,Ab2g-H2,99c4bef66d4d0c6ce65e47667d712a8f6579fb4d1c5ef39c1e245435b9902e14,True
056c9549d56dd0d6c4f7285ddecfb76154bed035462e09b4a3d3199c8cff8d71,Mbpp/418,Ab1-Raw,f4f1217f68d57e49fbd7d0ec4fdf40c3396188a75bb32f30b94572bb19431672,True
e44545e7455fedfebc13feaa4397704e66d90efa64420e18dabcc0f7f8738e24,Mbpp/418,Ab1-H2,1d728a0c6fba5133b5591381efb86fbeb7f61de68ab04f6469ca8e9eda27036f,True
d15ea8a303b557d8a52af547c032aee24cfe3722adc88fce0fc608f632787121,Mbpp/418,Ab2g-Raw,b57af47b3f787cf0fa4bf3e04e033f1d427241806e130affd344cfb8a0133998,True
071a3a458cf74888229f41b32b113721bfc7e0d89e92b28bf7afacbe6e45ad22,Mbpp/418,Ab2g-H2,b57af47b3f787cf0fa4bf3e04e033f1d427241806e130affd344cfb8a0133998,True
dda3b9961554caa13a89bc57824899c0d7698df277c2e112ac3e4ae7ac475a5f,Mbpp/419,Ab1-Raw,4f2ff1074537a3606169f2f1d6c03c52ff6c6d7e498ea1fbfd0f03e6f7f0acae,True
0e84aeea1b7a37b94e0a8df13ea4c9f0f7fc3aa95444693183a4167575370b6d,Mbpp/419,Ab1-H2,4f2ff1074537a3606169f2f1d6c03c52ff6c6d7e498ea1fbfd0f03e6f7f0acae,True
7a00c60d94aebb04fa4b372915d41f7c21b6d78f2c8806f795e3aef402ece756,Mbpp/419,Ab2g-Raw,be553b03c3d159c762fe47a4f31e68dec29cfe03ca09d5b7e4f38afef1838006,True
e908fc34b21aa5844050c841b74c7226029ac58b4b67ba2f75d8acc696e3a209,Mbpp/419,Ab2g-H2,be553b03c3d159c762fe47a4f31e68dec29cfe03ca09d5b7e4f38afef1838006,True
51a4c33812cacfd0e511661d7d5e293782fec06539777265e59fca244cd3342c,Mbpp/420,Ab1-Raw,c07b5eb2db590faffb936151f9cdd0f93be901beee877c8fafbb75ccb3720af5,True
3c5f195e452c133f6a64b93f4674b7d1dc0ea8046a21e575d4c7818f690b6676,Mbpp/420,Ab1-H2,829e0a1ac03bf11949ccc417d5e209e81e1fa322580775db5023465ecf41099e,True
979c71a9ec49d038fb6ca69be31ce408aee0634397b58db0eb0f9a34142ab05f,Mbpp/420,Ab2g-Raw,0ecd8a960ad7c6fdf540634ccf904a6225ddca3b022cd2bdb44c8648b63709f6,True
3eafa5fd8b19ab3acea6e484e2b164122f28fddf658a4d73365dd884b9ed0a48,Mbpp/420,Ab2g-H2,0ecd8a960ad7c6fdf540634ccf904a6225ddca3b022cd2bdb44c8648b63709f6,True
f7ac8fe84d5b526b04ac06a23331cd5fc9ec17c032323d5f6bf1dd32861cf567,Mbpp/421,Ab1-Raw,561787a624a8c71385da0d24dd180744621a58addf81164f2247a1457f075c0e,True
ed1a0d26efad814f18d87970024ba622a4868e8a704571fb9358761a6704a81c,Mbpp/421,Ab1-H2,9b65e7d3af63d813097b43c16793c34f5dc93caa7d60989956b805f0df5693f8,True
5e3f3e21f1a3b71a0c734895bd1fe6bb6a27cad4f6db6e10bc1ae1cbd0277462,Mbpp/421,Ab2g-Raw,0ad3821fc71c9a7f775e1ad490cd71a9a686c29a46d96d9cf44d16ecf38bf5ed,True
d70291e62b7c92524b04b10632d96307dc8ad33683af5fc4cec868d1aee69c19,Mbpp/421,Ab2g-H2,0ad3821fc71c9a7f775e1ad490cd71a9a686c29a46d96d9cf44d16ecf38bf5ed,True
719ea7e74dd8de2b1670f618b6d250ce112b79ca6fbc153c4196ca577a2fe50f,Mbpp/422,Ab1-Raw,fdee7425a2952b9efddf6a02a2412fd9ae7c5a84a6dfdade1ad0a3db8ff1655c,True
399395186b8631188350971a3fb3031b15dd877e9f6c7ca3f787e4e0ada26051,Mbpp/422,Ab1-H2,f1ba6334e273bac1f6805d3c109fd5f5aceb47736810bcef4401b77f5640c7af,True
9e7659cc2e39abee6930cd5983769e44ffb2deda4d0c1be88ff77a21b5cf7b4f,Mbpp/422,Ab2g-Raw,86481d6a10b0fab0c1b6e749b6f38226aecd7fb7f73a802628fad2b53a48ff03,True
a684bf8112b3186f6c63ad2a7641a312d0a2363c47baa85839519188e7d6a288,Mbpp/422,Ab2g-H2,ca8c1658d8b7d20fc6728af3d192b8145134949081ad9a0059b3518233fff037,True
57824d29fe1b356f8cf1b193cc88f3a977ecd14338da664181d5f6581b6f8304,Mbpp/424,Ab1-Raw,c605ed7ddb5219c8ef1abf6752755dce4c5d6d90b61dde6ca202623ab77e512e,True
83d206e764e08138c53b5b0346801ed1945bd458ba7bcd82d8945f8c3a18c176,Mbpp/424,Ab1-H2,1663dab93c94c525dbdfa7be9829fd520bef6a84bd14d7c46da7fdbc548b906d,True
4be7e1bf87b343584b88d63f3775adb75145b73f72b5e6b8e2e53e2efdd9a42a,Mbpp/424,Ab2g-Raw,6ba4edef0f7a094f24b8f33c93e7358acfae0dc934510bc49b15e20ea2c3403e,True
1da26359e74d098a9b6b9b8ff687ede8ac12421e2f7cf0a7fa68e8f065fe4b2d,Mbpp/424,Ab2g-H2,6ba4edef0f7a094f24b8f33c93e7358acfae0dc934510bc49b15e20ea2c3403e,True
724663b4f2273174f927627114b4a844e8985cfe43bf4d477829f2aa23a41966,Mbpp/425,Ab1-Raw,6b0af1a56adc1d85a7b0b7275926ead8c7da73a11c70ecdb061104d8f5ec0177,True
b3f26c9839653a963334ac80e1404285e9e7cd84f07db2bfd5fa88733f8ba384,Mbpp/425,Ab1-H2,6b0af1a56adc1d85a7b0b7275926ead8c7da73a11c70ecdb061104d8f5ec0177,True
1eb928ed6569d93b8b8241cd9d67e8482fdfec12586de1836ff90e9f540bc8e5,Mbpp/425,Ab2g-Raw,7db030d619f7e0bedfc64b5d1144e5ef561ef5eaea9a08809c9b6511c08b1a65,True
cb3bd78bf002764c9fd73b40820df3edff3c644193e7f3827368e0d543019d64,Mbpp/425,Ab2g-H2,7db030d619f7e0bedfc64b5d1144e5ef561ef5eaea9a08809c9b6511c08b1a65,True
9c020cc88fdb981d12e0aca4fe02a81cf4077f843e78563b3f8e8999289dadd8,Mbpp/426,Ab1-Raw,49ad01313d83eb0dd40c0b05135a19eef213029d62df661200cb05e6503148ff,True
61b5557b28d79fe550dc04be9873753ec50ebc3ec87d0f193e9a8ff12484de05,Mbpp/426,Ab1-H2,49ad01313d83eb0dd40c0b05135a19eef213029d62df661200cb05e6503148ff,True
de06133433ef8e8d29109b64f6f211d3c2518bed1c6fb47dd4f56b49cbef2749,Mbpp/426,Ab2g-Raw,63915d972d942e2aff6a7d6d1918db8917b21314979d06509ebfd789e71742ee,True
6b8acac13ca411ce347a5d0915bcb4e51364a62ca3f42e6978017441a7993a55,Mbpp/426,Ab2g-H2,63915d972d942e2aff6a7d6d1918db8917b21314979d06509ebfd789e71742ee,True
a37f87b575479afc28356e74d2cafa6ce99283f690832e69f40db912e35cad61,Mbpp/427,Ab1-Raw,4888a966cf1374cd41cff5697319d5d2e37fbc03a1c17c9f3edaa9a31b297bbe,True
07c1127b1af46d95150cfa9e331ff61ae56c0a755d14d1cafd5d309ab67a812e,Mbpp/427,Ab1-H2,969b201313556570648da1768ed7d174e481c4b2c672b9a69c82dcfa294e93c0,True
d31efc66b5c6890999779bf4cb29cfe76cdb67b71a6d5ee7a1a2f0a116647772,Mbpp/427,Ab2g-Raw,6622cd44122b54b0088d4a2700c910fd1927ef17ba5047824dc9c7759602486a,True
697ce3b1e2cd0e75e79d5a7ea09002f8c5563624f857d009c8f1525e07933b8d,Mbpp/427,Ab2g-H2,6622cd44122b54b0088d4a2700c910fd1927ef17ba5047824dc9c7759602486a,True
065cd1f3523193fae12ffe48824745d0d02b3de03c1e5ae7b8dd6d548e0f2af0,Mbpp/428,Ab1-Raw,6c6a8520f893ff5b78aa37297c60752c00dcd254884c8953280aeddf1845e2c9,True
b19614a05880c21c5031a81992521f2a4e711f763b0f75fef00d65e6b1de7265,Mbpp/428,Ab1-H2,6c6a8520f893ff5b78aa37297c60752c00dcd254884c8953280aeddf1845e2c9,True
f89a5c218792f9086361aa762183ce2b07a6c7bef88f1296cd4b5a89e6b611f8,Mbpp/428,Ab2g-Raw,a36fa4ce106cd10ef9b11559b971f8dedfd4b21843f3d0913287a3e54ed2329c,True
b48b3fca9da0795f9429c18f056738365703689ed05018a3fe457e4889f648cc,Mbpp/428,Ab2g-H2,a36fa4ce106cd10ef9b11559b971f8dedfd4b21843f3d0913287a3e54ed2329c,True
c25409f8ce0fdd124c6c659372db5a8b3ad00b101f11a39e09abaf20728c5f4d,Mbpp/429,Ab1-Raw,06ec41dd4ce5b140695f020204c0ae6641d5c6aa8a63051fac0170d8b733a04e,True
44da22d6516c20b590c2d8705ce415df72af9226eabe962ae15799718814c1cb,Mbpp/429,Ab1-H2,06ec41dd4ce5b140695f020204c0ae6641d5c6aa8a63051fac0170d8b733a04e,True
feb9edb80d1742667010d69ff26724bfd623e8bec6d06ceb855a2c8085f93d42,Mbpp/429,Ab2g-Raw,757bfe95766c16909ac4dc9989be5081a47079b72116ba3b86d3fdb92ea181cc,True
9aadcc0b6fd449cc8f7245a29386071574a487e8893b00f017dad599c5065650,Mbpp/429,Ab2g-H2,757bfe95766c16909ac4dc9989be5081a47079b72116ba3b86d3fdb92ea181cc,True
8572899d804f0e3a185e04a669bfbb3f0eabbbfb1c3def1bfcff967b614ce576,Mbpp/430,Ab1-Raw,ba4ee891bb856a86cb88664730d0b7e65217e3d75ef1b65f3c9ff553f70fa8b9,True
aec562ff2920a73779d142eb91e4af28e0d4a4ec166d4f311191684049524c5c,Mbpp/430,Ab1-H2,ba4ee891bb856a86cb88664730d0b7e65217e3d75ef1b65f3c9ff553f70fa8b9,True
040343c21e855c2f4b4489f49058d1b44ed2f5b1bf37d0a921c97f85f6a4c200,Mbpp/430,Ab2g-Raw,3d1f7720365c09355a4a5218ac65857fcd5fe50eb29b722e0c771d598363b2fd,True
8dacd456fcc0635dc5cbfc070cc74bc4b3ffcf1cdd73ccb56c1c4860600bc57a,Mbpp/430,Ab2g-H2,3d1f7720365c09355a4a5218ac65857fcd5fe50eb29b722e0c771d598363b2fd,True
ee0771e02ed773e9e0819dac546d16001e178f0bf3d35b9971c9e07e3907d718,Mbpp/432,Ab1-Raw,03a4ce4b068299c262b866b8fafefc726d23b4f2894b3c638b224653d4076660,True
e7fb94493d52f4bae7f967477bc25c0a05f264cde04ef50a434592993bc39641,Mbpp/432,Ab1-H2,f7494dd438759bd0023e7fd710ba342ddb1e740efbb34cd9a20e056fbace9558,True
484a97af24d5b1e9bb99065ba74ba96587f345f0af90894551c6eba1db9fa936,Mbpp/432,Ab2g-Raw,dac325aa2ecf6497c58ef199924f4b3b3184dbdc108acb74b4f6f805a247d138,True
6f5eb283e1cb9771f8a342d2898bdf47aa7cf21400b4300bd7761636716d6ee0,Mbpp/432,Ab2g-H2,dac325aa2ecf6497c58ef199924f4b3b3184dbdc108acb74b4f6f805a247d138,True
7eaa8474e12904de5c7d213ad239a435bbdbac6828d1d2616258919fffa17a47,Mbpp/433,Ab1-Raw,1017dd5e58b1351767a4f635bdebc8b9bab743eb2025d2b8e4a7ba0552577196,True
8376abfd6dc3ce375422ff4b7cb4b3b752a34e36366e8e7801c564a113fac529,Mbpp/433,Ab1-H2,1017dd5e58b1351767a4f635bdebc8b9bab743eb2025d2b8e4a7ba0552577196,True
03dcecd038d243a7c4721efc503a5bbfdbf66c6074409b4c5b6fa94f81d4e37f,Mbpp/433,Ab2g-Raw,03198f396f4a7209a4f81a2c3ab6183a7b82c29118edf4f4153fc261bfb3331e,True
c308203897664140eff56c018060e86fc6a8fa377c72d118d81a84afc7743e0e,Mbpp/433,Ab2g-H2,03198f396f4a7209a4f81a2c3ab6183a7b82c29118edf4f4153fc261bfb3331e,True
1f7014ad75101e2950c12cf904ffd81599321ad07b9678c6feeb6a73a9245fd6,Mbpp/435,Ab1-Raw,f2d5e3d1f93fddf132f0b483eea32118ecfdd9b0a61ab405eb49c81980070c73,True
37a9366677737058e9beb3fdd7741f9c045c3492092b74e55b64de62443225bf,Mbpp/435,Ab1-H2,f2d5e3d1f93fddf132f0b483eea32118ecfdd9b0a61ab405eb49c81980070c73,True
aeae4cef2bb71fa97615e37b0dc9c1557bd2c6cd707561224ba0e999c135c870,Mbpp/435,Ab2g-Raw,3041fbe17ee9320a111716daf315be599d97e58241592434cc0b6c4c196cc84e,True
cd8e061a2c452d077b20c53681bb8009f646e19c93a7976a79532564bf00e329,Mbpp/435,Ab2g-H2,3041fbe17ee9320a111716daf315be599d97e58241592434cc0b6c4c196cc84e,True
7026e0945935d9298016f6ac5c1faed3b1267ffe5014cb11583b9104728125e4,Mbpp/436,Ab1-Raw,6d57093aa8604d581401539bae3de3f5c5b6b961625a9868d97a0a4bc2a9dbee,True
5ca0d8f6bfa39acde4a2d55cf6c24f7118f4295f0cc4327ec70c6670f6176a20,Mbpp/436,Ab1-H2,11541f5e41706326663dc4683c097d93b990a70a225f024f55653a18ba00dacb,True
d4c6bf29782ef5faa24175145d673a1c3fec9a28f9cce500264fd2ae0a74e834,Mbpp/436,Ab2g-Raw,20160b77ecb66811633930c9d1492ed19ea1a21f6e015edc286184f8b09236cd,True
dd43560348846ccb2cae5a5bcd3307cc418557b1edbf46b9dfa2d4549278c976,Mbpp/436,Ab2g-H2,20160b77ecb66811633930c9d1492ed19ea1a21f6e015edc286184f8b09236cd,True
0259b06e07d358e3f4663947469e519f4d2e0e4e61418b70d473aca21a240432,Mbpp/437,Ab1-Raw,c38bed38fcd4585ab13f3adf9c4d7d8d61fa99bd00b8861305697bc0c8761620,True
40e3f08c11190967ac380be04957c5cfa5ff5d6f49cca55e1197eeafc4308384,Mbpp/437,Ab1-H2,6fc11368a9ee8d16d329b446d31a9863fbdfdf11aed56461842b9010603d05b5,True
a780f36fb62b5b0514e20cfba0315cbdb7c338000e8bc44466dfc85a25db08c7,Mbpp/437,Ab2g-Raw,cb91fb9a390624f9fa3ed3ca4e4f42416440196a3eb6b696addca4591f587bf2,True
3786c3936878f4d5b53fd3e0cf270b7eb50c5c848c07472235ae6f777a6641f9,Mbpp/437,Ab2g-H2,cb91fb9a390624f9fa3ed3ca4e4f42416440196a3eb6b696addca4591f587bf2,True
b58ff79c66f39fce23d660f4211b377cea85cbcd8b27d313d863a94937e4bcbd,Mbpp/439,Ab1-Raw,9cf3bda263862b2194147a673bc48fe3d6b3b8715b61ab1dd1170078b2bb335c,True
e929ae8157a71a5eb4abc7f55120176b2bc8bfd9d6cf11616851a23c95104862,Mbpp/439,Ab1-H2,7dfe8682c6492b837581df2a4496d651fb630a85561ebf86f6bb564c9817fe7c,True
190863e8c9c35182b8829cb020470ce37ebb7ebb87cf6dc8d840792ec221e54f,Mbpp/439,Ab2g-Raw,78a51ceb432049d56b52bc47ecf44e3a1e256ed5d0b338dc67b422d4695d2b6c,True
31b1e6676c4c8d5eda4707ca00030355da8a6b40b361fbf9fad5bdc74ced47eb,Mbpp/439,Ab2g-H2,78a51ceb432049d56b52bc47ecf44e3a1e256ed5d0b338dc67b422d4695d2b6c,True
233e6876c698f8212c4cb77ed15669cdca90844ba49336d144f9327ab3fd1dd5,Mbpp/440,Ab1-Raw,,False
30ac78b633842de8edf7c7b5916fee6fb25b64fefaad36f5d90e2210953a9025,Mbpp/440,Ab1-H2,,False
59b3ee78632239bc8a3a25430923ac2c96397183123c4f9f6060b91de3e53cea,Mbpp/440,Ab2g-Raw,223a8cb19a306a8ee3d6cf2461f2454d6afd9d28645c796304d328802a96d669,True
c46e9cc2e82fcb2685e2b2ff21588207afa027bef72cd240ab45fa29a4b61929,Mbpp/440,Ab2g-H2,4ed4a86b9137da8e69d7d1d8506357e4186be407b8ce29ab64949f49904da90d,True
a5dc3c75fbf84198a2e139268d8a5235259b32f308d5aab268ff9f4d95c775e7,Mbpp/441,Ab1-Raw,b8e75c1e9e43c34d5d8cd68ea00d1221e13b56bb4c046235e00071158ae0fba3,True
74e76f9ceb98b88db0311ea0d4be0f01dd3eed85a298c5bfdb32f66b7fa60ae1,Mbpp/441,Ab1-H2,b8e75c1e9e43c34d5d8cd68ea00d1221e13b56bb4c046235e00071158ae0fba3,True
b06050eb83e09df28e44ffb91e76d2b85f6091f288e3c8a56df0e557c3732935,Mbpp/441,Ab2g-Raw,6dd49f8fdc72b24cc9b7cd8f00b2f2e757afae6675f34b9366f9f4048b4fbc45,True
9ef95022419792b138f3ac5069373e5590c8f5b37b8ce60229e9b3a164f1d252,Mbpp/441,Ab2g-H2,6dd49f8fdc72b24cc9b7cd8f00b2f2e757afae6675f34b9366f9f4048b4fbc45,True
b8e5269d2c1a9c862ee0bd4dbc2a6b0d34c368916c78fe5726a2c89d12cee132,Mbpp/445,Ab1-Raw,c4a3b068cab6e081ee586cf1b7dc7844a905e77312c2adc7493a20610b5f6b62,True
97c485b4671f0623d694ca28e2ef6b041589bf8a9f98ff5c246930d4c7a876f9,Mbpp/445,Ab1-H2,c4a3b068cab6e081ee586cf1b7dc7844a905e77312c2adc7493a20610b5f6b62,True
c21a746d1c1115c3506bdeb86db47f6043adb6c180b2046b80e3f41a0753dde0,Mbpp/445,Ab2g-Raw,3d237d5c27813b0999afd3d644f23617353a07b71196b6dc32c4cb0570622a6a,True
0b4bac6eacef4ef81d2cd4a640b851408c3a17d31c2773ce13aa9e42b0072ba1,Mbpp/445,Ab2g-H2,3d237d5c27813b0999afd3d644f23617353a07b71196b6dc32c4cb0570622a6a,True
1c60454ef01607f95eb92688075a365150f7f49c2b8f7a566736f393313a75b7,Mbpp/446,Ab1-Raw,8aa83ce6965a1cb47335f0d6ebae80e28fda0c06abb5109cf91078cba51dbd40,True
9b506efd7e0dea95c50e0e444c5f4dcfec2ba46543c1365bbf7f1e75e64ec0d9,Mbpp/446,Ab1-H2,8aa83ce6965a1cb47335f0d6ebae80e28fda0c06abb5109cf91078cba51dbd40,True
61d9afec10af1970b88c6a4a981dce27701f1ac98e4a9b5cdb588edd3494b60a,Mbpp/446,Ab2g-Raw,4b4ad2169eb4021a90755d0fc941c74176e02c0de29e400d6146d2f796c85603,True
33eb08b6dae91ce6d6e3861fcee9f82efed25d2114f4fa53f1459b4c92eed7c2,Mbpp/446,Ab2g-H2,4b4ad2169eb4021a90755d0fc941c74176e02c0de29e400d6146d2f796c85603,True
ed71966c3a011a4e943ad18b30c343e9103c399292f5a3a9b82dd2682bb79819,Mbpp/447,Ab1-Raw,82d497995f1dfa9b7b784b7e496f74c1d6ec7dcd51319f8eee190577de4ec8cb,True
6a5389ac1ea22f58632771b2199df0894c518de802f3d781e5c857b33d8354e3,Mbpp/447,Ab1-H2,648bec1a7050f8abf45b0b6f90d2406ee2fd275691797f506394a36cb607fd33,True
156512ae50f952b05bea760f55870c8c2d558cb7f57958949ac4b1b08957e5ff,Mbpp/447,Ab2g-Raw,f07c74094168540a6b2121c8e12d1305dd43d33061ca00c29edec7e81d267de3,True
f61b535e03457adfac10b388f1995e82df659334888dfc0a9e986c212a8df9fb,Mbpp/447,Ab2g-H2,f07c74094168540a6b2121c8e12d1305dd43d33061ca00c29edec7e81d267de3,True
ff433df219fe0562a891bff98eefe5364c1ac05b376df253db9cd1cb320919e9,Mbpp/448,Ab1-Raw,06a823c25d9fffde8dfaf63cc8052ccc58ff51e5c01ee7014b3234af92c7e501,True
d002401f88dfc05e09f1299240a2f8ce976d1b2532a071b815da09cc6b1b9a11,Mbpp/448,Ab1-H2,06a823c25d9fffde8dfaf63cc8052ccc58ff51e5c01ee7014b3234af92c7e501,True
1a04313f562eb31079ca9cc9c6c33b404d203b50a143b1efdf1658f19dd446e1,Mbpp/448,Ab2g-Raw,a08b73641e60c3c8ec4a4d782926f87ae88b7874c800e24fa90aeadd1854123a,True
5dff3b4fad7795a7e2d63477be617c676c681215bc86c1ad4ff5984a95006287,Mbpp/448,Ab2g-H2,a08b73641e60c3c8ec4a4d782926f87ae88b7874c800e24fa90aeadd1854123a,True
894a2a61b82e68fae0a54d7c7a8db19471bf828303bbf998335be929aa6a056f,Mbpp/450,Ab1-Raw,9c8a600559bb97abc0a96c65ecac4df92207d438aed3f8a8ccab2828ad01e7a0,True
cf6966472d6e846d2edd728d90f923d0eb9c1e0e255fbb7784c9369144ad8681,Mbpp/450,Ab1-H2,9c8a600559bb97abc0a96c65ecac4df92207d438aed3f8a8ccab2828ad01e7a0,True
d3381de84ef6362416f6826e7e025a7091f3bc90037c58642af6b268f117739b,Mbpp/450,Ab2g-Raw,4bfac6e7f0d80ec93859cc0ea9e6f4beb429c886ebd8c394f5d32cf0c2de7740,True
9fb80b924f2abf31d4c8de63fb3dbe186927b171af0982df67d5f68335e2c49f,Mbpp/450,Ab2g-H2,4bfac6e7f0d80ec93859cc0ea9e6f4beb429c886ebd8c394f5d32cf0c2de7740,True
650ac46180c62dd8c74c28b76444e1337114e57575bfbae2c9eaf1f298945184,Mbpp/451,Ab1-Raw,8a89282592e2cb589b7e09ccd0778b4fa4d73eb5292eb454b7fbd3e240f4170c,True
4e7caea8cbd01c4fe3306e3ed56cc0180d106892f39f1f95b32f884db70bce00,Mbpp/451,Ab1-H2,61d34d8d0fb4e0540944e796a3f90440298de7c30f807968860c0abc8f2a6313,True
dbbf8f6819c98d34dfd9a3f96ca143a747d57a1273500131c6a4b44f9484af30,Mbpp/451,Ab2g-Raw,7a2bd0c48886fd1d68ecf5a6cafa90c4324e37d5fc4221d8d1ce9d7872fc2b49,True
b9018e272b80c275ff09b1bb16077583434850686c9ed15fd0eaf4b33c5f2dc6,Mbpp/451,Ab2g-H2,7a2bd0c48886fd1d68ecf5a6cafa90c4324e37d5fc4221d8d1ce9d7872fc2b49,True
01a2dad465a0dcbd420059117c3d8a5ebfd0df247f3ad1578359003e3e41cfc7,Mbpp/453,Ab1-Raw,266c9f3b5d4acd36d195019e0e91cb087aa23bb948d31547fa189dbc64d3997a,True
11b374ae1191b1456c945018a244ea232fdc53cd00770b338e8fd4d6e28ee268,Mbpp/453,Ab1-H2,266c9f3b5d4acd36d195019e0e91cb087aa23bb948d31547fa189dbc64d3997a,True
b9c754d32d38a1ba6bafefc3640d6f14f79c8eb2c0c1f93ef2c39478a7e81b44,Mbpp/453,Ab2g-Raw,aa0ebb27483db5f92ea7c58b461a43a7206ce1d7ed9fa1f22cb4dd31e9df11f6,True
c754fe59755835cd3090c5d6292b6dee2994cd77dc4a8061cf0d17fc0f3d991c,Mbpp/453,Ab2g-H2,aa0ebb27483db5f92ea7c58b461a43a7206ce1d7ed9fa1f22cb4dd31e9df11f6,True
793220c7bba056cbbb16b2ee600b1c31c70d07e431af25e2408d2ca757495e54,Mbpp/454,Ab1-Raw,,False
1a7c47f896c55091edb9786a53304ec3f772f86dd2faa3e6d07a278aff46b43e,Mbpp/454,Ab1-H2,,False
32f88290c36b75c4363bc56095c817d583ac890734ff7b13caae5d2e6956c428,Mbpp/454,Ab2g-Raw,acc3f93ad21c583b64cbd2d3b125990be4f8822519d55294af921727d0625aa1,True
0f687e692e602f495dce0e1aa2fb99f1f08550b163050f2d299eac6a15bd98ae,Mbpp/454,Ab2g-H2,acc3f93ad21c583b64cbd2d3b125990be4f8822519d55294af921727d0625aa1,True
2673f89c0629fd59582e26e018f255e43caddfdf0fa191b78f32c6bbc7567ed1,Mbpp/455,Ab1-Raw,,False
f5c5d7a3dcf8e208e599ba2ad97c9f9d18c8840319dbe0ad1ae0708aa58b1b65,Mbpp/455,Ab1-H2,,False
75992b1b860a6e86f1221a09b7b92b65dc81bcbad2de0216d24599006ce2aad7,Mbpp/455,Ab2g-Raw,80cbc78ebe8b05eb1301ab7017a0cdd1ca72dcd3a5da2620f21a640e51501eb9,True
52620bb1fd75efc13ef50d413ecd5517481ab7e0a8eae944a5bdd5c76f8d8cf7,Mbpp/455,Ab2g-H2,3c7b711cba0a9aba439a0c23c8550dcbcd2d4b33b2e5c2455c0e9fe748ca8477,True
52e056d58d1a87f508bd704286373b4de4faee13a10c2136b55d9cdb2ac83ec5,Mbpp/456,Ab1-Raw,833bb14404e8df8cf9e61b01165bf4846ad35f6eae01c5877b8e1647485bfe64,True
a4c57cea1a5775f2574b326645a83c8573dfc8990d7490876858c6d7d895987f,Mbpp/456,Ab1-H2,41fa59e83d73a3e39f8eed36045e6ef11928ba798e32439eb18f5e4bdf24de1e,True
08dd0d5f3c9676c397409f7faaaf1c0853bef871fda9994957558165507319f0,Mbpp/456,Ab2g-Raw,6599640baf4679b6b66fa0956e2f0f3463f300c98d0d7cbe427bf2a96c1e4c8a,True
02d3fd674b47390b1bd4740f0c41c0b82c34bd1cc5b3889bea1c20ff34e801f9,Mbpp/456,Ab2g-H2,6599640baf4679b6b66fa0956e2f0f3463f300c98d0d7cbe427bf2a96c1e4c8a,True
979571f81f51f16f9f1a85e0dc8917724c4dc2c6858ea4b9b601d156e3946977,Mbpp/457,Ab1-Raw,d3958633c8ed47b89506f8bacb4796e99818fcf048bad9ec1187ac98eb027c7d,True
1e6063c298bbeb8ee694abde5fe8ec406bdb6e4dec4205c4d8c50273c67631e5,Mbpp/457,Ab1-H2,212aa619c55db376e6d15aec58454b1fda0a981625e3ae379e9d6ae0e5e3ebbb,True
94fb97947d4f36ae3a192a54d07576c0873a3ab4d407886f38be4d46e4d645f8,Mbpp/457,Ab2g-Raw,e843b0965c22a1c74ac5454a6a77a19ee3aeef55cdc0c631396764e5cb2dbd60,True
7cb48e46cbdbd767a4815eb8616160abd7e1b131cf7801ee91365ddba97391a6,Mbpp/457,Ab2g-H2,e843b0965c22a1c74ac5454a6a77a19ee3aeef55cdc0c631396764e5cb2dbd60,True
c9a360efa3dd17ea223f2679b441cefc5d8977eabfdb42fb8e499bcd837adb7a,Mbpp/458,Ab1-Raw,04d46e51667dc37e7153b9467dbc769d6cbdb6a2467f976f29cdcb6bc3800519,True
ff04b38cc4ecadd1e75f5ba23b1497e3c5b8b09cac0d18ff998c29a5ecd0ccbe,Mbpp/458,Ab1-H2,6bdce7a1f28feefbdf84e21a97019496f758b1b14506a30b6ce61fe71c4a175a,True
ad44ac93a8f12fd19d803f7f3b36935b6da2a7d0bfcca330fae9ee8408c54bd8,Mbpp/458,Ab2g-Raw,e87da261447fc9f530acd55bdac90f72e4a5263887f80b4e69b6ddfcafcb6727,True
7c71ba5329e8dbc135307809a2aa0e9896ec8869ca07d7a1b971c4f17d42476d,Mbpp/458,Ab2g-H2,e87da261447fc9f530acd55bdac90f72e4a5263887f80b4e69b6ddfcafcb6727,True
af05d6fa9c58697c7d2a57262ecabdf5d0715089f0ee2fa36f65c355b6b1a6c0,Mbpp/459,Ab1-Raw,cf7d97b508163150d4eab29bedd905f1565f85312b068285dfdde0866f1195bf,True
7cde5933d011a6afe0998cfbfe9e94a18178a2895f177109f5ed1e8218041d0a,Mbpp/459,Ab1-H2,603272348b28008e91cc532f4d7b40c58bbee50800b0a4d66308dcb00985803a,True
a1a142a493bd918e0c94ab7b903af1a822c5c4d7ea10b40f24263cf277742cdd,Mbpp/459,Ab2g-Raw,fc42ab5955ee3a48a00dafbfa0b55f58a7a03deab35adea9aafdfa5b6a37634d,True
cedcf9d1c766c69a793b2057665e4218c3829b06a66c94cdb1cc20fd15c573a6,Mbpp/459,Ab2g-H2,fc42ab5955ee3a48a00dafbfa0b55f58a7a03deab35adea9aafdfa5b6a37634d,True
b1ef28921a799c40ba623312959349d751b180e92d0234d5e7e4ae39e905917d,Mbpp/460,Ab1-Raw,8d7054ec58a28b9eda87dc4ffed3208ea57c271b6ac1e6f5da062fd73979af71,True
144b919ad1ccd9923851b97745eac70515ced6b4a1427920ab32beb5ac2ca761,Mbpp/460,Ab1-H2,8d7054ec58a28b9eda87dc4ffed3208ea57c271b6ac1e6f5da062fd73979af71,True
5d65b5799b57827ec5e822e431f65c730bf2a741b239a23cb5147026bbc80209,Mbpp/460,Ab2g-Raw,a3537be4f2875bdc3fd232797ed6e698394916620a12957d0efedc3f779b95da,True
614d58305bb80c30e53719b5def70f660288407aa175de2fe75fc6db9152ac10,Mbpp/460,Ab2g-H2,a3537be4f2875bdc3fd232797ed6e698394916620a12957d0efedc3f779b95da,True
93f1a5cf2f375323a44059c765103b768766b8438a8bf2fa0706bdf4185054ab,Mbpp/462,Ab1-Raw,a67a27af5edc35c5670674514b6de3f4095368947fd3f3da5ca5082d48ffa474,True
05d3e3a2c8e1fc8c575d8eb86aab9c23a8e2050248bedd639d1b6c00d5875332,Mbpp/462,Ab1-H2,a67a27af5edc35c5670674514b6de3f4095368947fd3f3da5ca5082d48ffa474,True
9a47f0145f5104eb642a51c308d3e4edb0398010cdb15dc8dc646d76114ec48f,Mbpp/462,Ab2g-Raw,15e4739b48aa8db4c026abd0a611f9f48d74137fa6d67d694f595e540918727c,True
190fe170f9e1c2244c83f0bdb106dedb3f911b51367fce48ce5d633312d82357,Mbpp/462,Ab2g-H2,15e4739b48aa8db4c026abd0a611f9f48d74137fa6d67d694f595e540918727c,True
e9df0dd7776f157e9c0f8542b303b49db6549d9566927632b6876af1a1257a3f,Mbpp/463,Ab1-Raw,527d1540979d5b199bb7b8fb9b9c2b14eb9b75126cccfc4dbccd1fdc4a1ae430,True
9786be290bac51a963cfd9714ed39c7035d27205c6ad8e2c782048ad54488bce,Mbpp/463,Ab1-H2,4c1a50150acf1c76eab73edb358f37945d86942875e36a3327b16f9f67767fbd,True
64484b516cd698edb45eba601cbf3ef304d96926939bfe3a0558cb2f85fa8991,Mbpp/463,Ab2g-Raw,75b511bc584e6eba75fbd69919b54f72900664177ee844907c08e49897b14bc9,True
c523f3254ada7430131c9452aa026fa996eca3278c0bd4f4c3bfcc562fc05ddf,Mbpp/463,Ab2g-H2,75b511bc584e6eba75fbd69919b54f72900664177ee844907c08e49897b14bc9,True
c21227d3287369569c6682262861fe2d4959d6af21d2915e01ad531713306250,Mbpp/465,Ab1-Raw,40bc98756bc826e6183820dcfe98f7a2b1a51f85c8960c83bc42fe3fea4b11cf,True
353c68f1d971c0c9e1951581480eab55bc410fa6e7704eb4b283383afeb5ae91,Mbpp/465,Ab1-H2,e47753c20f36dcb93a6828d4dc12133cab1b16ef1edb2a9c837b5802ead087b8,True
c091b35d30edd1de2c25a9caf6515aa743b3c5350f08041ad1eb740feb9adb69,Mbpp/465,Ab2g-Raw,1c088be8986034bc9c9214661bf2c61b2c7ef2ccf0743236e079a09a707145b3,True
3df8936226ebc6219bf91da7c7dfb15bc4965d25afbf35f13107286c638ccc7d,Mbpp/465,Ab2g-H2,1c088be8986034bc9c9214661bf2c61b2c7ef2ccf0743236e079a09a707145b3,True
6e997aab02ff64475a5bb9861db442afa78146c61512294b5fe8cf119db3c80a,Mbpp/468,Ab1-Raw,692b2fae3f6358999c39f845b35ccb813c2c4ef6c6174f536491e24938a1a4a7,True
12ed546de0ae13eb60ef9e7fd9416f2d3cc2129a5e647ee2a7cea073b74f9750,Mbpp/468,Ab1-H2,3222efeb401a293bf8c433fddfa2b47693f84f6e3726c5cf51ee21b283d5695b,True
996ff4d00162bd80ff24ae71c1797cd1c5cf6007b6157b02f0691b18cd19367f,Mbpp/468,Ab2g-Raw,921aaade34891707394641b4da6159534b26d9b0cbde92fab3acb2344ec99407,True
c2c7271a0d186df36c151589acc78f5264569d2f6d0d2910b95649e2f09ea7b4,Mbpp/468,Ab2g-H2,921aaade34891707394641b4da6159534b26d9b0cbde92fab3acb2344ec99407,True
687f88e0ad6db8f41d4a4f9a056d35cbe9926d2c4fd06b7f723141e435adc451,Mbpp/470,Ab1-Raw,c2ab8dd12d3a701b353d55357d8076cc6958162f1b66463525370408204478b2,True
e5a029aab3d2029278e2aa8762a65696c1830d4012294333eddb3e5676aea1cb,Mbpp/470,Ab1-H2,c2ab8dd12d3a701b353d55357d8076cc6958162f1b66463525370408204478b2,True
3d79bf15fb1bbc9f61a33589b149384c81ec21fa5530d93e0c6f79a2b5ba650a,Mbpp/470,Ab2g-Raw,37027be930d38324e42c0671be856949c1d320b78db7e78755499930dc49c3bc,True
d32fdfc1441dcae800f1c5a3e0115e1a32a0ca9236697b418d38a14a0e260323,Mbpp/470,Ab2g-H2,37027be930d38324e42c0671be856949c1d320b78db7e78755499930dc49c3bc,True
e5e349f6e2d5354ec806deea9463bfeccdf30201dc9ae54bcecaf314722a7a72,Mbpp/471,Ab1-Raw,d44e3c4dbfa1c23fb67840c1138571771d47d023b3e9427db33145d807b44dad,True
0dc3f5229b010d299490d7630af47667f2edc5beef0328b4c8cea260ff027171,Mbpp/471,Ab1-H2,390589d3a644121fb7b21e4c4b799646e574d9a647240031e9323c4ce5fe669c,True
b27356b360dc630f121a9ffa774e4f80923d92a308541ce9af01085ebcdd6a9e,Mbpp/471,Ab2g-Raw,660b9dfbe5dfc24205a4e205bfb6da0a7e266bff773bc0d23edcbcfd6451333d,True
f294956abb04dba7e233efd5c5d7a6fd8e1876dbcecfd51a0fd56103d636f48e,Mbpp/471,Ab2g-H2,660b9dfbe5dfc24205a4e205bfb6da0a7e266bff773bc0d23edcbcfd6451333d,True
a35e7d45dd3d965bf568f54b98e15f7f48fad6492c50f192417ac503eba76c0e,Mbpp/472,Ab1-Raw,e53b5e428fa8b5ea925db7485e1d5a7afef5041e2feaf31a17fe1857137a9e70,True
a0c4177b4e9f5a2f3ee6857e7ac5b490cd4ec8be1cfbfe52847afd6a20034547,Mbpp/472,Ab1-H2,e53b5e428fa8b5ea925db7485e1d5a7afef5041e2feaf31a17fe1857137a9e70,True
7970bed045ada55dd7f033c4661ac96cabaf1166d710fd3a5c49aeb9f6d2431d,Mbpp/472,Ab2g-Raw,13c212db3411b9c060dde2fc52e71900843ee9f7dfcd687caadc41c89f23f679,True
97d70edcee93503737d5abebef37dad2ccb54eac536f276f0a82e6a4ade0725c,Mbpp/472,Ab2g-H2,13c212db3411b9c060dde2fc52e71900843ee9f7dfcd687caadc41c89f23f679,True
b52b1f54e2b5f195557580310d9f65e6affbf7094fbc1dd6badffa51c7173290,Mbpp/473,Ab1-Raw,089f5b362f70c644a78c8457a509800486d1aca2b1ac1b1b3167ea7f28bb4aa9,True
78861a7d7909081a246ebc1ee85183b0f5ed5865f733df93729f8fd8b5a27bd3,Mbpp/473,Ab1-H2,089f5b362f70c644a78c8457a509800486d1aca2b1ac1b1b3167ea7f28bb4aa9,True
d665732a197d7242cbda35bf114fbe4d8784a030a47bec400a36fe9a0c83627f,Mbpp/473,Ab2g-Raw,43734943563e32614aec3fd2efeb0eb487b65e28be6d49b5514b775bdcb87bde,True
e0a721c005225d7555bd899acec4853887d5cb9abb88ef79e781ccf634a1fcbe,Mbpp/473,Ab2g-H2,43734943563e32614aec3fd2efeb0eb487b65e28be6d49b5514b775bdcb87bde,True
c9037a81519b5fa6e39fdbbb031dbbdfbd77937a2bcdf04c7ee8d5d19fa7b487,Mbpp/474,Ab1-Raw,,False
9c1a5a99e14541d197d019d0c51d48b58f5b8b6b7be416bd126ea1fb155784c4,Mbpp/474,Ab1-H2,,False
41563fa8edd2c3fb7c82f74f2565077213b7e9ce6dfe5448e7a3d3d5b42c9c21,Mbpp/474,Ab2g-Raw,50bae29709ae889e39b80cb9d199f171d5a0929cae62dadacf04fae0eeb56330,True
f5e9a938928a2615557b65bc5569cf3897048c912a64ff6e4393139a9864b141,Mbpp/474,Ab2g-H2,50bae29709ae889e39b80cb9d199f171d5a0929cae62dadacf04fae0eeb56330,True
e712ac520086e3f95e09fa1ecdb9969770d6c3f3e3a7a5de5f2922e621293748,Mbpp/475,Ab1-Raw,975bff62aaabda731f20338aae295d2c3d2c533f3a17d5b47505861ea1990ba2,True
b4bce878ca8ef1773418bbd000677820d2c1c080661c8048f67bb5097032591f,Mbpp/475,Ab1-H2,975bff62aaabda731f20338aae295d2c3d2c533f3a17d5b47505861ea1990ba2,True
5f88942ace380acd7db12a1b6c27db3479d434b377e76f42c64ceb23db6898b0,Mbpp/475,Ab2g-Raw,363abf133c2131716315bdf3e5004fedc46280c5bd657ebe2dada4c056fc956b,True
a721c1a3eedd768a01a24b95c2aa85441b53e87e5b703564116363a986dcbf7c,Mbpp/475,Ab2g-H2,363abf133c2131716315bdf3e5004fedc46280c5bd657ebe2dada4c056fc956b,True
3e65403a5c3de56ad60c937a1251c9deddd0a41fc87c8ff7b86d34e4103111dd,Mbpp/476,Ab1-Raw,15cbcb52f472d1e018d4cc5b9c3ccbb053ab576e80ca56a788b6b796a4de327a,True
c2b8ab5a95e6239235f87ed79de876bf662fe1ffec2e52a6cc5c9f335796a893,Mbpp/476,Ab1-H2,dacb8d172f5749451723b0f19ddd27e716a08fd2627c5e63a5dc01b13d8ddedf,True
388d53772c44b32a7ee41a6d2f8a5cd1a8a2cf5eae8a3b78374241453227aaee,Mbpp/476,Ab2g-Raw,5aebe237c9828d0afb64aba0ae1fe4596318c5ae7a129f836270198167e88757,True
5c3ca13519eeb3b1e34aff065e0f27882d3c252b3d5b87d65bd1332d4f543e79,Mbpp/476,Ab2g-H2,5aebe237c9828d0afb64aba0ae1fe4596318c5ae7a129f836270198167e88757,True
b1a3227ab46b0f37c6f9e658834773e4e1bffc71b48ef97c51337af434b535e8,Mbpp/477,Ab1-Raw,2d75e1cdc42eb1d4f305a3a53cf8e1c882b34a94351259977f9b54bd3ed679e7,True
f6685b2c8b5f50d2267c8e655bba05a9d72b55ecc4db0778f8341b8f149820ad,Mbpp/477,Ab1-H2,2d75e1cdc42eb1d4f305a3a53cf8e1c882b34a94351259977f9b54bd3ed679e7,True
261c5566794f1178d92b61f6b36958740f474a37b02409ab124aef68309e63dd,Mbpp/477,Ab2g-Raw,76526abfeaf1c769de534ca736c2566f59d81a49806facc02e21ea25072de119,True
1957c7c243e6d5ae971fa8d31ddcaf347de508ef9ada91732ed7f65791d9b0aa,Mbpp/477,Ab2g-H2,76526abfeaf1c769de534ca736c2566f59d81a49806facc02e21ea25072de119,True
c9cfc80166cceb825a318e4ee23e9b99f6f62195d533303cff3d7cff28bbcb7e,Mbpp/478,Ab1-Raw,051123cb3556cbb24873d93355b3e77d751c5cd8b19c28237e8757286aad4b77,True
ccf2eb35ee819be69270ec71cb589abaf30236170c8c0fbf25a3c6d8ecf27e64,Mbpp/478,Ab1-H2,08e677872177eaacbd1858966b224935fcbd599515149bccbab213b3465a8c91,True
b53e2627020848f68c7c7201896f0fcedce0d6e98e35cc33cb42c246fcc35680,Mbpp/478,Ab2g-Raw,0ef4ff1e13bc9a352293e163e64443b086712bc4815c72385eb64abb80c992b5,True
979e981dce69f3b6c8471f3cd4dcfcde0b39b5e6b60ae9cd5be18e14d26631e8,Mbpp/478,Ab2g-H2,0ef4ff1e13bc9a352293e163e64443b086712bc4815c72385eb64abb80c992b5,True
0ca6944b894e9d613829113051720c5e02224d0425ac1cdda328ed45596c52df,Mbpp/479,Ab1-Raw,61bb374067d8bdd1d0521eb676a17c2f6cdc6f5d2ef53c27165b8ea381358522,True
230a23fce4ee068137bf91050bbb6ff0796a031c11be82c1f73fa3135602d97b,Mbpp/479,Ab1-H2,3b3580d362300d68a39665d66fcb04e843c833308dc60f01e525bd68271dc10f,True
68cdd7f40bc19c3f22b65823195da3fb956983d229434500e5ed03fba616a516,Mbpp/479,Ab2g-Raw,5a1e7f67715a99b95c57501e6ed6021bfbcac488dc9714432c36ef606b948532,True
40eef0a30df7bd648265c1e511370a142af4969ad2a981c756d9c0fe3c400e39,Mbpp/479,Ab2g-H2,5a1e7f67715a99b95c57501e6ed6021bfbcac488dc9714432c36ef606b948532,True
6ded0d36b1909a6222425871ccf6184d2acdc9c270a8d5a94983b3b340b3067e,Mbpp/554,Ab1-Raw,a74e300ff13262cee59535f72283c6269b7dab9d8381ac16795d7557f632fd48,True
7bcdc6db38d6c295b4bb007fb502074c6de20bbcfd0fbfb53db71c3c7f1e5c77,Mbpp/554,Ab1-H2,a74e300ff13262cee59535f72283c6269b7dab9d8381ac16795d7557f632fd48,True
354c71747cd1da17b5a0bd1a6542274c4a17e17721e9c82521d3a264cb9e99d4,Mbpp/554,Ab2g-Raw,e19826eb294fd9e930b9a09f577c9854633d6069445465e4f00078d263f7cc57,True
59a45fdcadcf7e9e73b444dd193cbade4f1a97c29ce247901de70d52b7fe7e16,Mbpp/554,Ab2g-H2,e19826eb294fd9e930b9a09f577c9854633d6069445465e4f00078d263f7cc57,True
fa96b8523f51847d1561d453caeadc1a038605b43326e6afd6ffcb4276179380,Mbpp/555,Ab1-Raw,3b5dfa10bb21cbf2eeea957612cf08a9472da2e07ca6d0d9310ced57e6eb17c2,True
bec62629779f7b20187f22a3e14d53e8e60247a878dd60e016df409ef99a7ceb,Mbpp/555,Ab1-H2,2e9297de38f603d7d77fd4ef170de3740bce008be91e15be4beeca08739067ef,True
1e8d68e4436f8fedf323d84984d68ec386ea0448749e2b9efbba43165f456cac,Mbpp/555,Ab2g-Raw,f222171ed77330afd6d6660fddbe18ca235f54eb508be5250cc431a39db1b16b,True
30f94d88032709597dca9fa3be302428403efef018592005fd801aeb035fc6ab,Mbpp/555,Ab2g-H2,f222171ed77330afd6d6660fddbe18ca235f54eb508be5250cc431a39db1b16b,True
2e878a82236f0a698e610106ac85d03ffaf3373c1a8cba3d4a3b384ab3130823,Mbpp/556,Ab1-Raw,,False
975301d50ba6411e5e7c3e8f65430ea3fed979e67925165b0344cbe018ca3f5b,Mbpp/556,Ab1-H2,,False
dbf5c7c016563d50986a592dcf10df38b1d9da05b8c4805058e9d5a859a9efd1,Mbpp/556,Ab2g-Raw,19ee0dddaf78d567931b29f25864e85f109a23ddaa35df8ff683bed6f48eb8af,True
654008aa7c9b7bdeeb54aa7f75ecb026bfabe8dc5b2c8574982a467d2de86c1f,Mbpp/556,Ab2g-H2,19ee0dddaf78d567931b29f25864e85f109a23ddaa35df8ff683bed6f48eb8af,True
62e6f559448c29a9a938bc16ee49aefd035267cfe9fbc3ae23815403f324c903,Mbpp/557,Ab1-Raw,6aa768ce8c6b278116adb72deec33e9ce6eeab23c7f7d78ed4d7c7248f8088f9,True
d37409409096b771f116315b12e34cc1ede07146bc63dd66999de59dca8b0ba6,Mbpp/557,Ab1-H2,6aa768ce8c6b278116adb72deec33e9ce6eeab23c7f7d78ed4d7c7248f8088f9,True
54c4559b867f602861cccc7241e0c576ef19d30062e8d7bb551b306ef0ac30eb,Mbpp/557,Ab2g-Raw,3b1ee482986b6784d22080847cec2f87ed813a63b5650f05c745dbef47b060f8,True
1656eda2fbbb451659a488c51479466bccbea485003c7aa3b14745fa4b96dc6c,Mbpp/557,Ab2g-H2,3b1ee482986b6784d22080847cec2f87ed813a63b5650f05c745dbef47b060f8,True
b35952da911d2ab012f22128c77399a79ffaa5b02fa10c2427d10bbe3f982e47,Mbpp/558,Ab1-Raw,bc787a69d21e9be0e66d29c231490e0795e61190729f6125dd6f662554b24cbb,True
4c469d50b839f6f123712b2976e4b4398e36d33b0def5a57caa47c94a160f4e6,Mbpp/558,Ab1-H2,7f0af1d75c3fbe9d2f57eba5249d7d2df99170c032e4cb37d367687798e02407,True
dc9c2783d095fa2a0b75eaae5c996dadff4bfb018ba3f1a5920e407e22c62bfc,Mbpp/558,Ab2g-Raw,4135e375838e248f6d66271ce8b096ca3d07d8abb39aaa6416b22102851e1911,True
db9143e6ce4dca81589fd4721512d99fb27d498da2ba762e2f249fe5afb74f10,Mbpp/558,Ab2g-H2,4135e375838e248f6d66271ce8b096ca3d07d8abb39aaa6416b22102851e1911,True
8609172c612216077edef3c2b468b396e1743d8b151fa1f40b2672d460d789c5,Mbpp/559,Ab1-Raw,2f830fb7267ed422e31d9c955647a6e59581a36aa12a711221ead105ffa37453,True
4926d350bff05d1847081757982ea4f0fab360b2995692819ad899d4ab82d77d,Mbpp/559,Ab1-H2,2f830fb7267ed422e31d9c955647a6e59581a36aa12a711221ead105ffa37453,True
a292bdb8ee158b6d9daf4de344a8c9b96e3d2aabe068775b0bd362f0aeb9d949,Mbpp/559,Ab2g-Raw,4ed7474f83ac09687a8feb566bc29892c87b3c611a7133320ba15897512e03ab,True
a3cd7dd24923de5fe310d16f1ccf88402dfc13122d22d59101a0a72de1d608d8,Mbpp/559,Ab2g-H2,62bd9e53fa4a03c61d8d75196e1e1c3abd54c7eab1d0c7dd6d7750ddc2baecf6,True
57034804cd3984fa2b1f6ec9a55621850d9d25d458d4054f04cea75726e38f43,Mbpp/560,Ab1-Raw,d8d39f307d5f8d0cef08652142ae4b4aa9a44f44d1b154f82eca430232293867,True
5a15662b7a0fd63537d978c5149bfb75b87bcb928274dbcf8796305a1b8a41ff,Mbpp/560,Ab1-H2,684dcd6ec64c2ec2e40e30d8d13b8b84bd54451e4348e0f45ea89a7f8394a59d,True
46ccbd4cbba3352653ccc83bbe209a4d180c52b69f56b0ad5bd911ae08b23dd8,Mbpp/560,Ab2g-Raw,159dd640464aa15ae2a6e3a1eaf8002cbf6908ee5581dd31ea991008e8c8a8d6,True
a7016816d589d9c2d41413e3d917034773a03388adb5a94e7664c50d057bfd10,Mbpp/560,Ab2g-H2,159dd640464aa15ae2a6e3a1eaf8002cbf6908ee5581dd31ea991008e8c8a8d6,True
3f74467be5ec85ea0e09232b1c13bea979d97b6fb4728dfccc0bae68b4fbee2f,Mbpp/562,Ab1-Raw,610b44b6f0d8ac16ddd5eb96b62313eff66a2c02f5a909a30190286c11bac8c5,True
b9341a47dae359de0300110310f34cab35dd8028635ea53626c18a09a6b7f07d,Mbpp/562,Ab1-H2,bf4b3a8dca925bae5a75be12ed116046e771c4833573789a33b79ef70172d07b,True
d385ce2fec807e0f7088f59796382016aef41e7517cd06c5ab3afc3bad243411,Mbpp/562,Ab2g-Raw,3ce40bb904baac7247bd9f64017ac4cb0e0fa42bd4b15dd6504a2ffb297cafab,True
62d37a6cfdfd7143eccd0553badc881571dbeae1c6eb652dade2e8e66a446046,Mbpp/562,Ab2g-H2,3ce40bb904baac7247bd9f64017ac4cb0e0fa42bd4b15dd6504a2ffb297cafab,True
387ca44d99f5ebfc2d5939c77e7ebe62ddcb0b103854442dd12f5b99dd6dd10a,Mbpp/563,Ab1-Raw,6d75c261d1919a2c68827545d976c63abec0ac142a5ad97f82f67f60083e8727,True
844016c6a5c52a443537e11307bd8ae4839bda9d27c273b6742036803a274dee,Mbpp/563,Ab1-H2,b057c7f011c91cd238b90374909922f6bfcbe701bfbf430edaea4db985f9373e,True
c8b60fed587acd5bde398f4dd04f59b37255f5192af19c88c7389bdf2c39bc81,Mbpp/563,Ab2g-Raw,e6de6b481b0a0f3b1f7065a0ecb77dd01cff4416a63928a016e4d10b7034f653,True
25cde46494b5cc96af30e9dd19ef46a2d1920767fc2b068a4ef1ea418ea3ae46,Mbpp/563,Ab2g-H2,e6de6b481b0a0f3b1f7065a0ecb77dd01cff4416a63928a016e4d10b7034f653,True
7f9134d5c6056f4e4025ef2496656bd40aee4526856f61a443eaac311d7d109b,Mbpp/564,Ab1-Raw,5de7a8a9e6d4f4d1a68b72ee6d9256857838585e4d3d57caddeda650d4960fe3,True
14e4d6766198858b435215d9812ca50b4e763569ffeba9dbdd63910507f7c8a4,Mbpp/564,Ab1-H2,6eb41804e56b78aea3cf1abce76251a9cde4e2d81bcfb95f16e7282527d12aee,True
8d1ebfd2e281e7574009e2d9362fdfeea11ff2f2b40f79dfadae29e6176699a2,Mbpp/564,Ab2g-Raw,06f5b5612fe0c9f1daa9dbba81a637d01fa90784e6567a916ef1d723bcf9154c,True
25c12c057c9978583d06fd362e257656dd55019488e3389d60dac8c5c780cc96,Mbpp/564,Ab2g-H2,06f5b5612fe0c9f1daa9dbba81a637d01fa90784e6567a916ef1d723bcf9154c,True
acda39ea97f903a4ba81adf9e15d2286bdb5dc062c332c19deb13a636e83bd6a,Mbpp/565,Ab1-Raw,c7bd44662f24e077a74606e47ced6001df641e2f609ecf79410d14a98b94d5d2,True
93aac1c76cda6c19e6c7bdbda38c79b2342342b6b2e64cd16e6cf8aacbf79675,Mbpp/565,Ab1-H2,e881ba321d637b7560d5efee66e6c6ac6a667fdf412b07b6a49d40cb8ed53738,True
dae263dcf0327cc886e4ae10b5098484f9c32d7e8c92bff9320ecd7e661af3f2,Mbpp/565,Ab2g-Raw,c68669ff31eb2840666b0998783400f3c925fba66048991c6d34ca1836a806bb,True
db2a10f875ffefc752b5036aed35deac478f95608a1e4f579bc9a2784473760e,Mbpp/565,Ab2g-H2,c68669ff31eb2840666b0998783400f3c925fba66048991c6d34ca1836a806bb,True
9b61af93e9c7de709523a57ebd5abf5e3d0ebdb9eec878af56b08ac19aeeaa78,Mbpp/566,Ab1-Raw,4882681a4b2623bff10c1c7aa51438823320c364700b0f342b34da2fc2004d07,True
b95b761dcec8de2d41403f9c01e54082d832da362dff7e3dcb6b6ccc350275cd,Mbpp/566,Ab1-H2,9e16477aa7c6763c8175908ec902a761344c6472a60706436a7975746c62c4ab,True
cb9017e1193eb621475bf2c92135908afd306fe3f12f80b8bf4bce4b710e635a,Mbpp/566,Ab2g-Raw,c513822ddfd32f6ef6a7c092e7198e73fe75d129d250689f7e2b33d9dadbbe71,True
c9f934fc0daef30d0c0608ee478fc6deee003b8bce1e1c39a462ceaa1ad35ffd,Mbpp/566,Ab2g-H2,c513822ddfd32f6ef6a7c092e7198e73fe75d129d250689f7e2b33d9dadbbe71,True
74130958d54fd593c913507f654adf966fe135355f472f8939b00445b2a74e67,Mbpp/567,Ab1-Raw,889f910d4da9703c681d3b43b5cab616e37d4c0484fdf33a829273342d7dd2a9,True
98eade956c0db5cc63e3969bc4b6033f417f510f023b0086609488b2ab69d97b,Mbpp/567,Ab1-H2,53f01e91f8237f84f1db9306a897902e2abe7f4f574070c3cbd6bb4b78eb676f,True
0912c91c57bc6222df25122f3978a0b0a547c2608a57b746a68f04afbb0c0c43,Mbpp/567,Ab2g-Raw,7db5317f38a48a08601cec780f75b2d29fc05c66af5159b9fe587c443c5ab6b9,True
514f06f885200461bfe47b00fea980ff5bb321a15e5f1fd56ba9742a2a0a30d4,Mbpp/567,Ab2g-H2,7db5317f38a48a08601cec780f75b2d29fc05c66af5159b9fe587c443c5ab6b9,True
22cf289be46a0a99cb9847deebadc00ba226e8667e967289fc5671a699baf3aa,Mbpp/568,Ab1-Raw,074b8700b7b30d5529548defcb79369312f4fbc39f8cccc4ea028fbfee37c860,True
87b217fc821a02515741c84d52777b38dbb8e8556920e71f2412d3ab40c2ed30,Mbpp/568,Ab1-H2,41d28d9811f2bdc8820fd6ba530e06f5bb5eeb6608fd1143cd4dd17b9c944e4a,True
2605db8748f4f24628a88b6395f7739f386c398d64263dca57de5d2d00b14dc1,Mbpp/568,Ab2g-Raw,865f666d3083ede721f8b8ea708d1d34318779384acb8b85f956bfd2e4b6db21,True
97dfc1aeb8ce7ba604717fdf3e3541541799e03da0f5bd7af27c51615f3d7ff6,Mbpp/568,Ab2g-H2,865f666d3083ede721f8b8ea708d1d34318779384acb8b85f956bfd2e4b6db21,True
d29d762a6824a04063dbf57894b38531f1a1cf6b2b48be6cd5741215943f309f,Mbpp/569,Ab1-Raw,987e607b933746b15e523ea803d0c35884f905a997b6da24d2126bb0ab50c2c4,True
105db8ea5cfc61364434c899946c281ae1d53a8b4a69b36e63eb6527ac296907,Mbpp/569,Ab1-H2,175b98d99864f35916c0126deb7c7bd163e048cf71a17890624b76b28581875c,True
c6056aa0e67c43e148790bab4b5acb3fdbeb60e069cb671d1d8e5b43f4667b85,Mbpp/569,Ab2g-Raw,d11303fb1048ceb3e1159c035b722029c84353f5c140d7006a10f1e195fdbc7a,True
b26ca4812acadced68cc781c2829f5ec133bd9804bc0822d85d015206fba3c03,Mbpp/569,Ab2g-H2,d11303fb1048ceb3e1159c035b722029c84353f5c140d7006a10f1e195fdbc7a,True
7d0f6fac80defba0d79fc10ed587d58fabd620ad78a0bad2933625032a776af5,Mbpp/572,Ab1-Raw,,False
13e203e8e77b1cce9b2159f5b13f8abd70a50b0ae3f0bae4fd4231f782f59182,Mbpp/572,Ab1-H2,,False
d7420e0ba7802353983c13405ce9c5ffa512ff3b213c47c9e766e73c70bcdab5,Mbpp/572,Ab2g-Raw,088060ff0a0b38a1492fbdb1367775fb790baecc1320e5df569d21f8c3da1423,True
f0a04eead76772475ca48050e2f79932d348eb8102f51bd8701f7f4aebc3d330,Mbpp/572,Ab2g-H2,088060ff0a0b38a1492fbdb1367775fb790baecc1320e5df569d21f8c3da1423,True
b0a661543dd2c99925d5d5d56a0d82b34ad1fa0eca6508a788a17bee8fcb76bc,Mbpp/573,Ab1-Raw,f94fe2dcc47dea6d88e23e0d56a370e4e371746ce384f20c0f31adad74b1604d,True
c86461bc12e4cddce3b87e6c89af22d051f24cecc6c3ed1567d0dbb09c419b06,Mbpp/573,Ab1-H2,c979ffe1c0efdc5690da065021fb792a118d0ae1522e7ea9434d5842123738ea,True
21680cc724b0cba49c43214127a950b9735356947483ba19fb3ab89098146d05,Mbpp/573,Ab2g-Raw,6524a0d459842076c300e0aa83b07123e5ef023aca568a6eafebc49ab8d0e1d9,True
35f49b47d3b4ca0373334ef85b4f8ec13b307f3ebf8c9850e1e0371bf3fcf4cb,Mbpp/573,Ab2g-H2,6524a0d459842076c300e0aa83b07123e5ef023aca568a6eafebc49ab8d0e1d9,True
cac74d6f8479ce2b60344f4b0c68956c3c4325b92168b058b987c350787de7cb,Mbpp/576,Ab1-Raw,3ab702978faf6da6bec609dfb827e03c588d911049172301331331f835650b4d,True
d021d67fdd714c7025afe96db9b62ee74538e4cf89bbdef634907d0f5920ff91,Mbpp/576,Ab1-H2,3ab702978faf6da6bec609dfb827e03c588d911049172301331331f835650b4d,True
40580a45ab48f2ae176af82b82d3f0a4ada0346edb99fd30a8bec53dd232a081,Mbpp/576,Ab2g-Raw,eb1b7b6e42b21d8074b2379fd6b507e5a6796f5f2debde090edc601f1b498362,True
e7aba695e219e32a681475a8ceb995985a0dc027ffc2815941587bb443c50df2,Mbpp/576,Ab2g-H2,fcbaab24bca9181cbd8a9ba15b157c7724b123d4b7461edc35f735b26ac347fc,True
1dc3e11fc444eb1781c1cf53c46f4e80085641492df790f4d41dd3005e2a60d9,Mbpp/577,Ab1-Raw,,False
3492d598b89aacd66a347eb2b8e1ab5be61922e3379b20d8c7cf44bd4756cc09,Mbpp/577,Ab1-H2,,False
ff6e6559bf83118de7e343dd68607dabd3ca8e8d2c57496da6b31281f45d7184,Mbpp/577,Ab2g-Raw,5a12aeac1c638905e4b7e7cb0e2c22e051d46cde57c72674821d4dabc81891f9,True
a9ba1c99fa5729efe717ea947b2b8cb50756d052ee3ae77efd80acd5d882d358,Mbpp/577,Ab2g-H2,5a12aeac1c638905e4b7e7cb0e2c22e051d46cde57c72674821d4dabc81891f9,True
1c68dc4a448a16df84b7b117f012bb2c7874fb362d5ded9eed40edcf797b501a,Mbpp/578,Ab1-Raw,69bc174fecbe392a217d3ee2fa8a7e3aa21b40b306c9d0e817695b7c0fd9a821,True
b4f4637b31bd4899dda578b62e688170179f9f168f1f9fc2b1d0074441bef989,Mbpp/578,Ab1-H2,69bc174fecbe392a217d3ee2fa8a7e3aa21b40b306c9d0e817695b7c0fd9a821,True
fafa262e7125f1757164acbf6f4ed9376d6f3e956f37cbe210809bb796010f9f,Mbpp/578,Ab2g-Raw,2300c8bf5c47d32352180767b635775382f5b059ec52653adc95f18f2fd7d0f7,True
ff126f9c3605a8db76699e772ea636c8318bc1f7840a27f8240c5ff68c02708a,Mbpp/578,Ab2g-H2,2300c8bf5c47d32352180767b635775382f5b059ec52653adc95f18f2fd7d0f7,True
9fb36fe439bc953db63744a68862765477f281be6ec5d6d15471ed3ad14372be,Mbpp/579,Ab1-Raw,d18183902b1fd4d7d140b30b5d667715a5405cf88ab86569d9cde7a57cc73198,True
0fd7dee3027eb53dd519382a59de857a8077733a9eb5d52796dc6874a3fd1368,Mbpp/579,Ab1-H2,1dde0dcd10a55eae851e382568bca39be94256759c3787a03c3b9fcbb13e2df2,True
910428ef59ec90cd8f0f3c3ec47a4de336761d047d85517db854c04330cde3e0,Mbpp/579,Ab2g-Raw,273b33974522b1947312e7ba06c3d88cf19272685d2d9939484644b266a488b4,True
de7d6c127238fa28168bfa5fe812ea20ef9633a36b5fb42dcf40ba827dfee0d1,Mbpp/579,Ab2g-H2,273b33974522b1947312e7ba06c3d88cf19272685d2d9939484644b266a488b4,True
8c132ae98f759278e9e8bffc781156c01e741208d6ebbadc832b7baeb5ffe138,Mbpp/580,Ab1-Raw,19a02888d4d5b0892194769bb462acfa30e3f6272a21ad0206968b3552195000,True
8fb6ebed55f434d3aee6f56f0fbc0ae93a68a9c293b00b9edc6571dc0132047d,Mbpp/580,Ab1-H2,c30fd9bc5759ffcb8ae904ca5c015de96a9490c025e509b9738d4850925e2497,True
cc543131185e54f995304baf402b82c8bbedbef239a50f95a56e47edcc6aa09f,Mbpp/580,Ab2g-Raw,19c6e7451a091f0b093d5f6e4a0753c02b8deae151881dd2fbad97fa4a5017b5,True
f261ab1cd5cbfb9912ac5f6905b1ce8f5bdffc029efdc54c9bb9655c09c66be9,Mbpp/580,Ab2g-H2,19c6e7451a091f0b093d5f6e4a0753c02b8deae151881dd2fbad97fa4a5017b5,True
a092454557310a1e7a6afc6acb820cbd9c0d5ef1605bf510a4ded5e79f6ed802,Mbpp/581,Ab1-Raw,d4ad844cbaa7a3f39f05dccea828c4a8ab47328c66137784d407a8eac5c67a46,True
f09503e60cb5c7a65a1f0352a62681b928d3b9a604fc3756b4ea65b2fb663f7f,Mbpp/581,Ab1-H2,d4ad844cbaa7a3f39f05dccea828c4a8ab47328c66137784d407a8eac5c67a46,True
32f60f31134cbf52d487696dbec60a7a8b75991cda5bb517e1850cd912f95859,Mbpp/581,Ab2g-Raw,04f7873723c2b9082ebb63f2acc30d1fbd9a0f12e572971837e8738f505c5755,True
fb59e8d004c54bc8253a3cf842b366fb9339f6d3c3aaad5d2367bae8f4c7769a,Mbpp/581,Ab2g-H2,04f7873723c2b9082ebb63f2acc30d1fbd9a0f12e572971837e8738f505c5755,True
4b3a722fdb9b7c107a7509c2111c10fe4a6faa51398546205345c02b6f7f98e2,Mbpp/583,Ab1-Raw,0da4b33dab9b290de5f090b11bc50da8400e4a899e1b739b3f56c1a832ae57d6,True
51f5c94d92bb3475e5edd289b8837503a9c4d7a726d3d7fc832acc5467fb1ee3,Mbpp/583,Ab1-H2,064e4fdd31141a01e382774f2e757f7674e9a05f71ce9e3b1aac5f8b4a88aebf,True
e32ffc79d005aee22deaa4ab189aa32b0033e4ee4ef007d47e2236d308434c1d,Mbpp/583,Ab2g-Raw,38a6151e1b59d594720feead9ecf174a715be96cc58e7c43b4c3ea2161f71703,True
9c8464ea5c9292e3b8c3554c2aeb17064cbc729656a697e9c92f591b714c43f5,Mbpp/583,Ab2g-H2,38a6151e1b59d594720feead9ecf174a715be96cc58e7c43b4c3ea2161f71703,True
e2401c1f411f5758bc3d641d578465071d2fd27cdde196c437b5a8181613f194,Mbpp/585,Ab1-Raw,8d2e4ecb05189a8286c888b9bd6d06127336d169e83ba2dab261ee25862135e5,True
62e2c5762ead28e6a2e4ae30204d12161a183ddb16574459355011130d628c21,Mbpp/585,Ab1-H2,28966395b86ff589286dc50af3535b6212849ce4a1708900996032a892013e0c,True
715f4e66b8bcf971800e7e0dee51c93c0b4f13477b5aa9b928dab673da73671e,Mbpp/585,Ab2g-Raw,7d637c27aa496aeccadf8317cb3000b1a8279e063bac0556c0c529a0ef93251a,True
c9860109c556f3f1bf88ed379443c20b309e1468c8bca99c6a9853b6277d0519,Mbpp/585,Ab2g-H2,7d637c27aa496aeccadf8317cb3000b1a8279e063bac0556c0c529a0ef93251a,True
ace623b7b0ae0d7addc8216b9665e038c9c154240dd6bd3a32bc204957d567ed,Mbpp/586,Ab1-Raw,cdcaa8930e9738fc1f49dc1b201b611dc891ed4d698f96434e50faa14b72c963,True
236f7201acadaafb3f66239739fda17911a2e641b3dcf45dc9ebe5d86840068a,Mbpp/586,Ab1-H2,cdcaa8930e9738fc1f49dc1b201b611dc891ed4d698f96434e50faa14b72c963,True
83499eaff059cc5ba70b0f6380fafd8c3b4440e0348da04c70155c09b50a10d0,Mbpp/586,Ab2g-Raw,5a86a64000a4a872d4d2f8a6cbddfe2718f4d7a7f037c421b73b78005c004cf1,True
303a87b5c0882174d000e05e887ac77e3c60805d263528a93830287758b91d2b,Mbpp/586,Ab2g-H2,5a86a64000a4a872d4d2f8a6cbddfe2718f4d7a7f037c421b73b78005c004cf1,True
c22860a9c79811f4f5654e72fca85974157a68a7595cf527c10ccc0502e5a294,Mbpp/587,Ab1-Raw,c5c748a476c44fc36a10396ab5f69a40da52998ea48d13f64788d6764c462412,True
149d323bf9d9f780c9f2d622975656ceb7a681b1dfba8379af179592a89fb4b0,Mbpp/587,Ab1-H2,c5c748a476c44fc36a10396ab5f69a40da52998ea48d13f64788d6764c462412,True
e5bd3f349edc355a1fce3a1d744876c4f027feb4bbc0bd24228c2ed4cf3dcf31,Mbpp/587,Ab2g-Raw,28407f35c960d69958f9fbd4825bdb36b959a2fb323e3ff1208134e12cc14a9f,True
6e820ace03a3eda05706234f9f2dddf7116af95083dc74904664ddcf791d0f17,Mbpp/587,Ab2g-H2,28407f35c960d69958f9fbd4825bdb36b959a2fb323e3ff1208134e12cc14a9f,True
38b0d6556786b0d43414f213da20606f5c3acade19a259c26a93c5eb9120ba10,Mbpp/588,Ab1-Raw,6e56c929b30097e40b893910cdeb74df062c29e7f6cb0c8f79f630991115afc6,True
2c9144f76644d149e6f05be6f7be1fef12cf83eb8fde408026066968f1f2e599,Mbpp/588,Ab1-H2,93f3454c886d52c4e2bb6f89620dc153f40b9fa4294495421a53e12648bec1e0,True
69ecbd8816801d280a7ad1e964c91cd80201b94e7b2c90af2ca1b7a4888fd1c6,Mbpp/588,Ab2g-Raw,3fa28cb81abcaa34058909fced1e7ac16544451157ffec40e6fd61f0702b25b6,True
3b5a483eedd1700a5fbcbe1d31d39ebd7f480ddbe60e35e8cca04d6b57446658,Mbpp/588,Ab2g-H2,3fa28cb81abcaa34058909fced1e7ac16544451157ffec40e6fd61f0702b25b6,True
ea8cb85c01901ceede352a7fa6280d7668cfa9df15c5662e586c54dfcd5b0144,Mbpp/589,Ab1-Raw,8e847cb828d8b84f62bb5c4a04c8962cae1fe437cc30f1ce6d62515dbe9b964e,True
fbc6ff2421c5c7f34f2ff2f2f8cf36e1f64b5e0d1f04100bb8b19b78655a6d5b,Mbpp/589,Ab1-H2,18e571162589f85431c2999917b9e97ac54f40a04e644ff01fcffcb6a6a4697c,True
d293a4644a8bdbb39bb8938643626ef243889f0866a4a7db4b05085f522419a2,Mbpp/589,Ab2g-Raw,be6c6f9a3df37ab7e8a56f7c44b42ce55afefff77e667ed9f406a11c2ecb3143,True
47d0b14e41d2eceb997d3dde860ea78687e0a82bd0c7d56a1c91b51689b855d6,Mbpp/589,Ab2g-H2,be6c6f9a3df37ab7e8a56f7c44b42ce55afefff77e667ed9f406a11c2ecb3143,True
f2bae2f41be229ba18fbd77fb75ef79fc067cee411af50dd1458192d090bce46,Mbpp/590,Ab1-Raw,d2b9f5a6f70ad251c1a12d01d405003c48c37f0854d21c59ed6f8b2d27b061d0,True
7cb4dace13f9455e28a07b63b38b56ca55da6f25ceb4bf590527166f49179590,Mbpp/590,Ab1-H2,d2b9f5a6f70ad251c1a12d01d405003c48c37f0854d21c59ed6f8b2d27b061d0,True
9c6ca369bbf03f29f95d15dd4c933f30177bb1716bb933387a5f2e4f01885bb6,Mbpp/590,Ab2g-Raw,e6078b63c3d30c5bb38dcbc1d95753e2b8112017805a25420423ac63945b88a7,True
1f20c7896f3b55b9a66423ab7fae2845aeadd88a32c052784d1609f0eecabaac,Mbpp/590,Ab2g-H2,e6078b63c3d30c5bb38dcbc1d95753e2b8112017805a25420423ac63945b88a7,True
faef4e5e7953f7c19967739e04bb9c5a38a74abf10f22f2de35d6bcc535a88af,Mbpp/591,Ab1-Raw,090721b06e50a1423ae94a69f6337e4c7cebe383e9b7bbcb320abc3ca93ae15c,True
a895cef55b201607b343e9669fd574b04a9c77fe50f133d5b3f40cb53b04a0e3,Mbpp/591,Ab1-H2,090721b06e50a1423ae94a69f6337e4c7cebe383e9b7bbcb320abc3ca93ae15c,True
ffe4daced633fbed907a1d4f37b21d197572e4776d78e1ea0271d5b054fffd90,Mbpp/591,Ab2g-Raw,3c87e7c862047192a166642393d42ad0bfa727a52c7d060dc1913a5491decb49,True
d894291b81d38cf19fd97b3c620e669fbc78ed982b8efd55ef4434b771928c29,Mbpp/591,Ab2g-H2,19520708f52f0d7337d30b325a3edd72f95b50d87a4948c7b6dc5d1acba18549,True
3ca509c1630c56e3b5bfd5b7b6d6b18e08910de07c96d3db135ff466646a9cdd,Mbpp/592,Ab1-Raw,613b750b7f2f6ca9d64d8d276de2df8afe669cb1c0ccfacf8d8261ec2b4791dc,True
6b528f226cf3ec014711a3c5e32ca834d4d6e7e2ec5564fd2cf5bdedf7b6be05,Mbpp/592,Ab1-H2,e4378ea1e9e45de487d8731efb21a2153a4ff08cdfb3ed960a1210e7d952916d,True
617aacbe833eed04806104821d13bda521dc38d149463eb47e7202777eeebcef,Mbpp/592,Ab2g-Raw,b0c7838b88e520f5c8192af283f5f0e0459b7899e18f0c7396fd53d8a4942339,True
c91379fffcdd291e101f8cdcd1265d106619499c837765c8e894a57c98a351e1,Mbpp/592,Ab2g-H2,b0c7838b88e520f5c8192af283f5f0e0459b7899e18f0c7396fd53d8a4942339,True
67e38217c87c0590e682aeeea56459af38029ea28e859afacbd78880f934072b,Mbpp/593,Ab1-Raw,c8d58031db31554e9ffedef79dabd6de8a24af01ff1c8d80778a40eff116a62b,True
7cc4bb056547f3036a4bade7e171d6234d1f7c35a452282f61534893ebec73a7,Mbpp/593,Ab1-H2,c8d58031db31554e9ffedef79dabd6de8a24af01ff1c8d80778a40eff116a62b,True
b350b70681df4091f1398189ed3b7c27f8fe4da97bd7d2f831d16ef440277b7a,Mbpp/593,Ab2g-Raw,d0bc4a78fefa79ba0ba13ffd6ecaf7943799db0103f8b48c25b8cd8003048673,True
a91218a9d74a096f83164b49acec3a728c50552ac5b0f510727bc7b697d5bfe8,Mbpp/593,Ab2g-H2,d0bc4a78fefa79ba0ba13ffd6ecaf7943799db0103f8b48c25b8cd8003048673,True
6ef38d8174b43768af048b0bc972d92462d0923db4edb066fae0a3f1d8b44426,Mbpp/594,Ab1-Raw,,False
4b36114811d40d654303be65b78124b7bcea3fb5c37ccc871beacfe2e97276f5,Mbpp/594,Ab1-H2,,False
c8210953302abf67e57ade22a875d8eac730306322ba6d81ebb3ee9606da4b8d,Mbpp/594,Ab2g-Raw,7c232198a791b371cbb7a7513ab74b435dec926db60df9a43afb3410c53314e9,True
94f4bdc90a51391cb2b835f407736f757bce992eb3cc888986b5adc360d12bc1,Mbpp/594,Ab2g-H2,7c232198a791b371cbb7a7513ab74b435dec926db60df9a43afb3410c53314e9,True
1640bc59fd2af77d2b9403fa7022e4f1c88e0c5851746870a6141d46e579c034,Mbpp/596,Ab1-Raw,fe6b73db25061ba651c8e9ae62158a78247e06474385688d2804937a62c56aae,True
f5e7db912fa959a0998717fb535f5ce89c4764b770bf6a50d9ae817436518e74,Mbpp/596,Ab1-H2,fe6b73db25061ba651c8e9ae62158a78247e06474385688d2804937a62c56aae,True
9268edbaa574b58317a3b0a4b22dc576c5a8d1d85593fe7af4bd7c76a8d161f8,Mbpp/596,Ab2g-Raw,2fb3739a685fc56d7b5dbb374553d5f9fbd26478512d282ff476696a5ba97b8e,True
26e1f785ab85ad5a9fd3faf6af57d2677daef86df587ba0d407c7adb1b754ede,Mbpp/596,Ab2g-H2,2fb3739a685fc56d7b5dbb374553d5f9fbd26478512d282ff476696a5ba97b8e,True
610e6e056ac74f1eb6c2c2da04b78db501221735557ee86c56dfdd1d81804e50,Mbpp/597,Ab1-Raw,08c910539772a78263884211d5c5dea5060851a70793ce0a71f22e8c32a749ac,True
76bdb09a15a141755720d60cedd56034e2fd49af4e39ac8a3d3cb23df33e677f,Mbpp/597,Ab1-H2,08c910539772a78263884211d5c5dea5060851a70793ce0a71f22e8c32a749ac,True
95de82ca7e611d854cdd3094c3c79ba13091560f1c19ba6a9fe53d5597caf5ea,Mbpp/597,Ab2g-Raw,c012871e150fb3019173e08b0f40dbadd3871048e5e11c7e99730439479123ff,True
eb0bb58ea5f8189932aa8ab0dd55181016b0fed54a56d789e5f7b6805ced822e,Mbpp/597,Ab2g-H2,c012871e150fb3019173e08b0f40dbadd3871048e5e11c7e99730439479123ff,True
f363c5e5c06fd4d284156b809dabc971c1bfaa57579b2cbc3f9d08e2dc25280a,Mbpp/598,Ab1-Raw,40c10ae6cb756d2cd3593080f7857344b68a632e28218aa666015427bdcc5d4c,True
cb31f22eb1467874866a75385f6915aece2c5d5c8e1f944d1b65c71dde193cc7,Mbpp/598,Ab1-H2,af332fe985f34f634c3002e132428af46d567ccce28ccd7027574ff4df23014a,True
13761bcd1df9cebfddebbf74bb5f759ed6cb5ad0649932d74f04f320ba951ee7,Mbpp/598,Ab2g-Raw,ef48f7378919581260d758216a4ac490bd685cbcba0a6b69c1a6fa03ad133ae4,True
8a9997b357a20b309c82cecc9d36cc223b3446666ebc9f6d7eda68360a063482,Mbpp/598,Ab2g-H2,ef48f7378919581260d758216a4ac490bd685cbcba0a6b69c1a6fa03ad133ae4,True
3be3e5f06aea7179acc09d664e2ed7623da32fb56cc0b5080d806f96fe4887b2,Mbpp/599,Ab1-Raw,be5d83e93e597fd2f22c8bdfa8af09bffed49b5ad67dedaa39c3a11490937033,True
b8af0a8188d8da068aeaaab3d0025f577c9c5b914d71a11ae0a632f0a513e745,Mbpp/599,Ab1-H2,7d94d566c7363f9de38f787b6ab7b142394993eff7184646867598ae5c1186a5,True
4020e96aee5a373075669e5fe269457a50b589af25d888e52d2b57ace1bbe03d,Mbpp/599,Ab2g-Raw,9cf7171469e8c3ec90b617b9ce9921d11ee068ccd23d0a1cd3417629845e81e4,True
db0ecbfd4f35491474fe2cdbad1db30b3d2d4749588adc08f1dd661003516e6f,Mbpp/599,Ab2g-H2,9cf7171469e8c3ec90b617b9ce9921d11ee068ccd23d0a1cd3417629845e81e4,True
5eab71de6732b25ebd9cf48f11feaaf4389404be403b0ab886c51dcbd1ca4b9f,Mbpp/600,Ab1-Raw,e9f9d3673444e57ea3d6579e0b7c7fd913cc3a55d1c767657e0708df2150bef4,True
7126a1ec3bbc6f3aed93e9a94cfb8e4093a82f86166640875e6943ad99a7fa35,Mbpp/600,Ab1-H2,e9f9d3673444e57ea3d6579e0b7c7fd913cc3a55d1c767657e0708df2150bef4,True
9b4e2f0bc45ec127070328a73c6665fd4f9e9b5bdf3a4c82ee4b81a8d88e6b99,Mbpp/600,Ab2g-Raw,fb0c819f998c097c7c2824d243c06f780e3a40aeb483e840a72c156673ef67fc,True
1892594fbec9b80f76cb5b113417303efe41ff6aa489376be7cdb0a9553fa8e0,Mbpp/600,Ab2g-H2,fb0c819f998c097c7c2824d243c06f780e3a40aeb483e840a72c156673ef67fc,True
e7241dea3ee28a200636d24c225b963a2ba82b15f932b7ef376b8e48bd35d85f,Mbpp/602,Ab1-Raw,5310406f549b6d107c68e8aef0e12f237fa7a5a02c5395988b76bf36107b7dbd,True
1100fcb3c15e56864562f46d843b7eb2e9371d47655458dbf497b55800f976c0,Mbpp/602,Ab1-H2,db7c2c768aea903bac03262e1eb41eeb614b0f7d4a386f20dd432c0cef669110,True
d31b95193ea5abb64cfc1d9b736764b6e316da0609281e1d47de1961b30f015c,Mbpp/602,Ab2g-Raw,02c468e4ba17ac01e3faad3c2dbc38328db2b953ba4b2d6f90a526b47d728aa8,True
e675c12b5dc88b72e4c67805691098ad428ef88e93748d836b4741509eddbc60,Mbpp/602,Ab2g-H2,02c468e4ba17ac01e3faad3c2dbc38328db2b953ba4b2d6f90a526b47d728aa8,True
055433e1772d18c571eb99e61fb919a847b216457f7f7e3a9a619aa2675ec01d,Mbpp/603,Ab1-Raw,32037ea1c04bb05aeaef09dda6206fbb9bff9f35cf2dee620abbb0fdba2a5117,True
e764409e4fbf01e5316e6ef150624370ae7effbbc152d586958b60c496b40596,Mbpp/603,Ab1-H2,32037ea1c04bb05aeaef09dda6206fbb9bff9f35cf2dee620abbb0fdba2a5117,True
14005abba28f830888dc26652dd59a7fcc97a9cbdd74194f1f8ea8394ed9b0c8,Mbpp/603,Ab2g-Raw,1a81af287e12a9bcde65bad27eb12a5886ab875ba550f9a09d6f2ccac93954bd,True
bccd0d2d4286140dbb66abf520c6f73a2af9404d2c6bb364dedd7b8667f1edc3,Mbpp/603,Ab2g-H2,1a81af287e12a9bcde65bad27eb12a5886ab875ba550f9a09d6f2ccac93954bd,True
6ba6747382a006d6077b7c009063e058e14d6fec1db7feaf7f369be5bbd80bab,Mbpp/604,Ab1-Raw,c2e79bed82c70fcd3ddb0ef87f4ec95c77c9e496b2c579ab087812824f14fffd,True
52a875fd6f60df98f62407bbfba44002e14f51abf4116bfa73c2fca1d70d2485,Mbpp/604,Ab1-H2,c2e79bed82c70fcd3ddb0ef87f4ec95c77c9e496b2c579ab087812824f14fffd,True
a1041b20b1598d7d95ad438012241d18b8f25cd9c3387092c85c620c7a9c9a03,Mbpp/604,Ab2g-Raw,ee08b1dfbd29e93dc8a217890f167a44d58663a6ab1f21e99515fcd2419b4a2e,True
c6ec21608281a8c911509b73a9cf5e996edc30f871f29d03bdd7a4e0961e1f91,Mbpp/604,Ab2g-H2,dc8d109a6af3fc4606ccda18894a15d7b37846e9325ee8c317c6f67bb4a6189f,True
85fbdb82b03bdd245d8389607126765ea7cd1dd850db1f866f14fdd52e20d9b0,Mbpp/605,Ab1-Raw,a2cc808a3c93dc9bec4cd1f102e780bcbb0d6cee6c46c0962800449a0c0a2171,True
e937f5aea11dbb71a444d517fdad8ac4d36900d220e947b9634dc65353aa5a31,Mbpp/605,Ab1-H2,4d2b903030e7d7be4c0d75a5a9514dc5ea44bff669ac141a21d7b126b46f8cb6,True
b398129540f9c445652bb4078e7233494e5438762436d585b06c2ada897e4a24,Mbpp/605,Ab2g-Raw,0448a53e3ec9bfdb46e12c8ddcfbd0d66500d726ce680a01cda6bedeb64de31e,True
e96614febd0455bb52cd586cb899af4765a5c2798ec1ebef5d2bb18991a0b7c7,Mbpp/605,Ab2g-H2,0448a53e3ec9bfdb46e12c8ddcfbd0d66500d726ce680a01cda6bedeb64de31e,True
298ce7a2b9ddf577c16debaf30f8fdee32ab9c5975567715311e4f379f78721c,Mbpp/606,Ab1-Raw,1f2774dc035f7b82f82709d501641e0a1a186f6401b7c5a9a68956e1ddc46845,True
77fbfdd3039b12d918cbc150aeeb5312f1b261608f661b9600d4b695b3aebbcb,Mbpp/606,Ab1-H2,916c2dfa173bc77ed633e63a67ee0e9d4ed6c1a1c99f89e7824546ddb46aa44d,True
8135c50b94f1377901f6bd432255a90a939c21c3e3ca94936425d84f24f3b750,Mbpp/606,Ab2g-Raw,2aff9fd067ea05c168d8f5706e70caf99e4798e2dd587ab8e1abffed27086f8e,True
6b26a5452c1dff713ce54cb7a75308cfaedb22939b22cafe54db3232a6d92f34,Mbpp/606,Ab2g-H2,2aff9fd067ea05c168d8f5706e70caf99e4798e2dd587ab8e1abffed27086f8e,True
c846b59f28d65dee503e2bf384b9449cb93279ca831eb4b9f5ee1bb3aa9b59cb,Mbpp/607,Ab1-Raw,213fb66518c96728f7ddeec4ef94221bf3613971ab7b3808772850285f6151f5,True
be56c1865cfd0afb5082d12ed01ea9733a6a4bd6be960d0fd69131fa70d6c61e,Mbpp/607,Ab1-H2,213fb66518c96728f7ddeec4ef94221bf3613971ab7b3808772850285f6151f5,True
0931a0639535d69fbc379877bef606829798df602f1d188dc5abaa84c6a15741,Mbpp/607,Ab2g-Raw,4f5df0afd27648bb952d301d62f821edb6074dd77d7a084717ba657609ff66a8,True
a7fc9e5f206a0640758670532c42aa721f0841b949d3e9054fb43ed6f7ee9ee8,Mbpp/607,Ab2g-H2,4f5df0afd27648bb952d301d62f821edb6074dd77d7a084717ba657609ff66a8,True
8112d0bed35ba7a99872eefbab95378daa51739220a1a7db5b8d3d38c19f9b39,Mbpp/608,Ab1-Raw,848d1b652213f4621138c117dd0cb136504a86e7ffab12e49e1df65450a64827,True
0f24e75a562cd2ea9802a091212b528b668ae9380997e142b8b1fb4a121c3855,Mbpp/608,Ab1-H2,848d1b652213f4621138c117dd0cb136504a86e7ffab12e49e1df65450a64827,True
ce58e7cd6fa206c3b3bee97d894cd802c8c8323ecfdbba3e11c812f8f62744e6,Mbpp/608,Ab2g-Raw,f25f85e104895edc17a6e7b819754cd7881eae40438a96869b8c7c6ead0450bb,True
2629c4c0edd640fc713b6210b0926f64729b3932cd2a7c394e0a06245f3dbd2d,Mbpp/608,Ab2g-H2,f25f85e104895edc17a6e7b819754cd7881eae40438a96869b8c7c6ead0450bb,True
e2b9deb212cef60abe0ee0121073b0fa11db6dd151db3244294189ce1975a2df,Mbpp/610,Ab1-Raw,dd5e47cef21c2de0a70fb6ddfde65fa1fc9095379a28c8fa1b17d6898cc86ca7,True
b06608aa76ef37354c7365d9819456fc2e0dfd0ac477579affb7826f45d68d97,Mbpp/610,Ab1-H2,dd5e47cef21c2de0a70fb6ddfde65fa1fc9095379a28c8fa1b17d6898cc86ca7,True
586d6ad4106a049d2bdf9f49754da9751255f8204f8cbb4ab2ecec922929a48c,Mbpp/610,Ab2g-Raw,2b6f5f135bf09ff93a55e58d9cf41efcb9c4de2e832fa920cb733c6981c78889,True
2b9c9f7fa53d80c65e70043874ca42ad4746bca7609b8ccbcf454d6598a9291f,Mbpp/610,Ab2g-H2,2b6f5f135bf09ff93a55e58d9cf41efcb9c4de2e832fa920cb733c6981c78889,True
70514c435b998811e9b48da8d76e14bb38bf177ab1165c1ab1771232152b47a6,Mbpp/611,Ab1-Raw,5355c336fcc6bb86156a14140375dd41e811dfd5013f08a150be0afd6aa99b70,True
fc389cbb085ba25e4264aed1daa2690266e799931f800ab2bc603d864f758850,Mbpp/611,Ab1-H2,5355c336fcc6bb86156a14140375dd41e811dfd5013f08a150be0afd6aa99b70,True
2c2332ae8e2d2836621f5ba290650dd26e818e9f9a0e1df3ddea07dbf1d0ebb0,Mbpp/611,Ab2g-Raw,cf5aad359698433d4886ab355eed7c3856e95434e6f1ff429fac569dd30c1a4b,True
3448098cd4d64a7f2fb7fed00cd7d02711a0aeadbb8505b849b1b400e966342b,Mbpp/611,Ab2g-H2,cf5aad359698433d4886ab355eed7c3856e95434e6f1ff429fac569dd30c1a4b,True
7d11d44a79893246649f445e06ae17888254af5239b4bb6163b98f5d92247aba,Mbpp/612,Ab1-Raw,b7d696756b273399d38cd0f8f420913c1bd1be7426adfd6de111b4814505ed51,True
7e74f3b8fc91b34c829620b436afe213361c8d1d2318afeb4ee231b74986c8ef,Mbpp/612,Ab1-H2,b7d696756b273399d38cd0f8f420913c1bd1be7426adfd6de111b4814505ed51,True
3bb9f51658e21f6030a4d10d3a0e466fff6710ef54043a194032f31950bdc687,Mbpp/612,Ab2g-Raw,f3a924cecccfcf928f6a4cbe1335cc7e15df5e1e882f83e4eb3924896c14fcba,True
bcc3e91526ebd32bc767e3442e08ff2db08ef95b6c4826dbdb6c10172f544ecf,Mbpp/612,Ab2g-H2,f3a924cecccfcf928f6a4cbe1335cc7e15df5e1e882f83e4eb3924896c14fcba,True
d8fb2665b8b6ce4ff8e10d6fd31eeff3ea0e47fa2ec3c0458e96c9bf3a8f1cbc,Mbpp/614,Ab1-Raw,5e00fd8e716c71e80d2e217443227e21d84c5a537f7368d58c2dd837a3861aed,True
21a8ac31bbbfa9a408f6f3684b076ae18f8802798bbb11aaf206699b5e15b6b2,Mbpp/614,Ab1-H2,6c5ee904c73053e7ab37e4a419a4cb39cd88b1d6acb2dd3ad8878cfb40dfa2c3,True
e05fbce4c5d7d503207976c1e4e0476879cc5d93f4703314817e10f5e3872b91,Mbpp/614,Ab2g-Raw,594f3fc1d41c60996e86fa8c1ef6567ce39870d36c0973834c624b0731248559,True
c9bb7cb8f64733d5045a788ed3b285d33f219566e3b0d93eb2cf804b49a2e2b9,Mbpp/614,Ab2g-H2,594f3fc1d41c60996e86fa8c1ef6567ce39870d36c0973834c624b0731248559,True
7168f38f3b933138d03dcd4697a4b91b67b9fabb9506780053e54a1f380a718a,Mbpp/615,Ab1-Raw,,False
b034b808cb47104b71372f21ce068f195114f7953cdd20a39af426f87832fc3c,Mbpp/615,Ab1-H2,,False
3b4498db708c3226a2a20f4869f4714821ea78292c78f669ebadd1f3e8e5d199,Mbpp/615,Ab2g-Raw,39c4491948b5233880c6174efee41f2bcf4fa0f883ee3e5e9b2f83a54c071d1d,True
fea4321a882a58d90ba8b9275a272ce12a41061c8a37c03d62040db6422559c7,Mbpp/615,Ab2g-H2,39c4491948b5233880c6174efee41f2bcf4fa0f883ee3e5e9b2f83a54c071d1d,True
a30f4a59c00dceca1c1eda04e33cef299c1eb70b0a9fc71d62988bb1712e904c,Mbpp/616,Ab1-Raw,70e670b71e84ecff0d9ab73c5c0fe5c483921b65b746d753412a153d479d10de,True
f20c005ed183620349476d7b17f65055446efb8a972eb636f6020765bc6f8c06,Mbpp/616,Ab1-H2,70e670b71e84ecff0d9ab73c5c0fe5c483921b65b746d753412a153d479d10de,True
cd5d98a554bb6081d915a07e9e7ec926e40ff1a54a080f9cd117ac72a05fe77a,Mbpp/616,Ab2g-Raw,c49113ab44787315001d9b2fbc7ab1e533674c3b722c4cae699d23d5dfc06e8c,True
4bf23bcaf921445224feccd770f180c2e1ff435cfd8763982e6abb9c76163fda,Mbpp/616,Ab2g-H2,c49113ab44787315001d9b2fbc7ab1e533674c3b722c4cae699d23d5dfc06e8c,True
c35cab066a6c4ed19dce03700008e80fb8251f0814fe83cb42c49d5ff52727d5,Mbpp/618,Ab1-Raw,6e3aa1fbe42a55bba28668e5227b6e718f86995514b4207effc8ab80e46c4b46,True
1258527c6d29d07c344fd4938e3b016f14e77e6af91c9053bfe8b7bb18342e71,Mbpp/618,Ab1-H2,ef0ad9c85d6119c68d77578eb45b422dcc138d2311f7bea6bbe14c927545d7a9,True
fdbc8b62aee5820f5994fc6cfa79b8804f903647364021527897447936f1888b,Mbpp/618,Ab2g-Raw,865c449e2c022400034b4f35d08a253f38bd3cb533ae6ad5c0bb9b64fa29b3f7,True
082dc2eb105f28496983a1517f9155f6fda917a43c5b901181836612dbe939df,Mbpp/618,Ab2g-H2,865c449e2c022400034b4f35d08a253f38bd3cb533ae6ad5c0bb9b64fa29b3f7,True
acf3e8bd8b5653ab2c3dd52eccf3344016a325778f2c91a1e6810cf12e0443dc,Mbpp/619,Ab1-Raw,1f4c75eaacb5ee4956fc6923e03419115ecddda394882707283a9ab22fac498e,True
c14263640d58e3b508c9d4d64be0d06cb9ccdf147be147ca02eb44cb88ca2e32,Mbpp/619,Ab1-H2,1f4c75eaacb5ee4956fc6923e03419115ecddda394882707283a9ab22fac498e,True
2ffbc0bbc9d94c56ba2228ce56b488dad520f16277c6ce65b9dff9d7f25779e8,Mbpp/619,Ab2g-Raw,2bbef6240d7fe0ad42d220a94bf270d03e7787334a34c3895beb57b3f8c4843c,True
41b6cd845792cfa69e419b79fecc99de709fcc77d0280d47a21bc27abadfec87,Mbpp/619,Ab2g-H2,ddea1ce46c2d2e85b0c76c6fb9b2ff03aea4c243b68aab8e277b4a83edabdce0,True
eaed96058a757bde16a78b8461e9a41c102d9f490675e5be38141561e52fb5be,Mbpp/620,Ab1-Raw,924834ebcc9240c98c32f992be119742390f91ec6b48f54e3466ad2fdc1a7323,True
be9fc67a8e6c1a404b9acbc9bf863f31eb69d0bce1a6d6e8fbf134d9bf18a5d0,Mbpp/620,Ab1-H2,924834ebcc9240c98c32f992be119742390f91ec6b48f54e3466ad2fdc1a7323,True
fd39a02077a6d09de0920180f6973dd51d205328259457cf8a85a6ee2c606c2c,Mbpp/620,Ab2g-Raw,b458d150b89111ec6000feca750caa861f0d0c25dcc1b7c1600b7a93767a5d3f,True
8bc50e844cfc8d03a8cd3135a73707289aaa86510a5bb44e50f8fb590debbae4,Mbpp/620,Ab2g-H2,b458d150b89111ec6000feca750caa861f0d0c25dcc1b7c1600b7a93767a5d3f,True
c47dc368804f3d025a3cd0d3d78e5e6e7b7a736cde0671cbdbc4d9cb1775bb15,Mbpp/622,Ab1-Raw,7b91b733401c1e95f5acd6aaefa567d8f3cadb384904e17a6f3d1e5b713ef153,True
385e606ee9150b715390c4a55c265497d829bd1375617694c99bfd02782883f9,Mbpp/622,Ab1-H2,7b91b733401c1e95f5acd6aaefa567d8f3cadb384904e17a6f3d1e5b713ef153,True
32bd6f42a406418799b512aab1544372f618fe7f80de26442745b6d42d69b3e5,Mbpp/622,Ab2g-Raw,6aa2584e8399c3d37af42c27934eda1d200e389dcac7e9ff60e625320ec8bfc6,True
fba06e7777a3cf7d29ea60e73baaf1570e98a7e36833507db99c16b723d970c2,Mbpp/622,Ab2g-H2,6aa2584e8399c3d37af42c27934eda1d200e389dcac7e9ff60e625320ec8bfc6,True
5c45cc3fb202b2264666ce519d99b77f529edee602806edb4c210cb5468be68c,Mbpp/623,Ab1-Raw,41aeb15cb09d91549fef9549ff477c07c3c5410981f3dfc7c0cf37d13227ac0c,True
fea36d6cef290781448be27c8f1bf12e96d7f0774151d4bd18f47f8a340f43cc,Mbpp/623,Ab1-H2,03a656f305fa3d46e11acbd8532e0c23f174e2b12e4d809fa45b66f94ab44fab,True
03c696b5089eb829e7e580d45b12f535ec730dc55353f32a376c4bcec091d8bc,Mbpp/623,Ab2g-Raw,d4c990beda21c7275dd8b20e4795f1be44a3c960422ae31431f4279e81a174af,True
e1d3e7b7ee68c2e9b32eabdbe6822ae9d47e77a43f57c6797c7291d18d2bae22,Mbpp/623,Ab2g-H2,d4c990beda21c7275dd8b20e4795f1be44a3c960422ae31431f4279e81a174af,True
a51041fec75f8f8685a424681f6671e250e627b52d9d7393184cc630fad0c120,Mbpp/624,Ab1-Raw,,False
0943f8da3155ca29833d05b7547625203fe92f074472c445ab138f7a551fc918,Mbpp/624,Ab1-H2,,False
0a7f004abe73907b9bcde1d8379e935d50fb4a8613d37dd6aeb1d4deac1540c0,Mbpp/624,Ab2g-Raw,809263254554d8ba5d364e66628835184ecf66fcb44b291dcefe2d134904f405,True
bc4a9933f8feaaba60339f4ef45a8cada753d6f8338b6f184a1a35c861084fa3,Mbpp/624,Ab2g-H2,9c31d46bc6a307a633c41921832043d2af35f06692af86f7532e467f1bbc1923,True
d4fa13452949a451e5ce214b5613364b2befb339fd7d73d80e247a9537bdb144,Mbpp/626,Ab1-Raw,cef32642b66e229d84d03bc9e17747e1aea815d309e376c29dd613301f624228,True
cc0be32d68c2069d373b5f75eb749ff421b72df6af206700ce77ff55c3109b6d,Mbpp/626,Ab1-H2,cef32642b66e229d84d03bc9e17747e1aea815d309e376c29dd613301f624228,True
456113efa66efb4478aaf140bdf78eec81d37a1dd4087a8b6a22ff8a8c1492ba,Mbpp/626,Ab2g-Raw,219ee7ce54f7c1374e225d5f0b27214febbb80ab0443938c9539ac4e90722889,True
77064abbb37ade75a437efea4d1300aa4efce0b442d32c8c05c004d1ad02ff5d,Mbpp/626,Ab2g-H2,219ee7ce54f7c1374e225d5f0b27214febbb80ab0443938c9539ac4e90722889,True
bec8b9593ec14c80de7cfe33c37edef3da53d98201fcd7e427c9554c46e80df3,Mbpp/628,Ab1-Raw,,False
26360a1ebe60a5ee8272db507236aafcf63fe8d5c7be86a020adff30d6f5aa56,Mbpp/628,Ab1-H2,,False
e1e22fe7c3c24c9f10dd07e46b28394d192f3630f987a974997e01f12cb30218,Mbpp/628,Ab2g-Raw,0da57e83efaa58938ce5c4bc033c0dbea50ea78358d0d961621179048ecd2b79,True
4eef99b8673358c0bb76c209ff6792ea91aaf661826988de29d74d5bd3c0987a,Mbpp/628,Ab2g-H2,585f4065475b38a5ca0f639af195fdb34c34f4cd652ca1727f79e35e5569a2cc,True
579e4e9c857d2bbbbf01b5e7ccd9c7d283fd3d45303e21d12505fff36fdf011f,Mbpp/629,Ab1-Raw,64b3ad5fc3e56daf78ba3734016efabd09129a6c838af92f9bc891ff338324be,True
e40f772dc9194187cd012c81daf1bc97492bc890546f412be8de85f64a7c7fe9,Mbpp/629,Ab1-H2,64b3ad5fc3e56daf78ba3734016efabd09129a6c838af92f9bc891ff338324be,True
66983e4735ac0cb6a3f8ba46e6682f3a059e2323affd91cc9801a0b45a173463,Mbpp/629,Ab2g-Raw,010bf3c4968a9078107af64c3147d9f270438ecd7625dec39cafc696e8dea7df,True
17a98c0c0c53d5e95cebb29c32d6a65910871d720a1632cf883a943bf438c27f,Mbpp/629,Ab2g-H2,010bf3c4968a9078107af64c3147d9f270438ecd7625dec39cafc696e8dea7df,True
3168a19b0af58d2ae09c7a742287e55621a3923883fa68ff6910d480d44de6ef,Mbpp/630,Ab1-Raw,d99c8336b2021e9725a2a4c50862e4163c448f5b90d7f7356be9de2346db13ef,True
5077963406bf97122f231da01aa8b8b50e2fdd09174d8d55e216186f8d0c983e,Mbpp/630,Ab1-H2,1496f939fb2480e0a0c5b21869aacc5330f37ac29204893b788dd5aa8357e303,True
09be2ac142b4212034902bb1c4595d3f9cd989d094458c57b9bfd82e9dbbb139,Mbpp/630,Ab2g-Raw,c5183026b3ffcf857169c9725a40028c63e6c89f2ae28860f522a2993349cc06,True
f107e61b0b1376444b70ab9c6c2b199423626c1f2492dedbadc7a5af698657b2,Mbpp/630,Ab2g-H2,c5183026b3ffcf857169c9725a40028c63e6c89f2ae28860f522a2993349cc06,True
3ac1b21b4019b5349511d231c0d110737f40e35c7c050e81b5632c05cee04730,Mbpp/631,Ab1-Raw,e99e23fda85afd7a9ebb031c5600f9e24213698b133a9d6bf376303c1ec056d8,True
e5e3cbb066f0a2cbe792da29d93cf2421b2f99ab7a245437482c759c433ca20a,Mbpp/631,Ab1-H2,e99e23fda85afd7a9ebb031c5600f9e24213698b133a9d6bf376303c1ec056d8,True
e3903cdbe67495d5f1f6b1d34210ec12cb35b042c5d7f31cff42b869bdc9c6eb,Mbpp/631,Ab2g-Raw,4ad6b5962ef548f4a0365fc9857ff8360e835ebf51557228b8c5b115c615555b,True
ba838938ff0d301ed4f090d0c9582b0014b8dba2db2235d344ddce9455369a36,Mbpp/631,Ab2g-H2,4ad6b5962ef548f4a0365fc9857ff8360e835ebf51557228b8c5b115c615555b,True
6db96b783f657f8e9de6177a698d72bb0027a9f9598d0757da3adabcc738b874,Mbpp/632,Ab1-Raw,f8cf7f9b1c178a1cecfc7a1a9c517fc595fb147d5430f901f76978b94540501b,True
1d4730f28710700e14753f8176faf65433fb80fdc88b7a3898865fcfd7694930,Mbpp/632,Ab1-H2,27ee648fd1de5101cb51ab9e462cfbd5fe1903df94f758a178ea614333970f5b,True
1d4da7aa9dc0d2928249dfbfeb0b53a09838b5c352eeb019f81a6c690028c7e5,Mbpp/632,Ab2g-Raw,8667d9073d749ae3f3e6f1b5e3c3b6dae09f3bdda200d9b331a0889b47ed8099,True
ef3a1198f84e4cf7117e6928db3cab40e2fbd5b3bebba4365d6f62443531ebd2,Mbpp/632,Ab2g-H2,8667d9073d749ae3f3e6f1b5e3c3b6dae09f3bdda200d9b331a0889b47ed8099,True
e0d3b60a58e2e29b4b4848b5c3c0aa91a6ca67b9a059d20c95b15b5a942a7202,Mbpp/633,Ab1-Raw,de51f61e394f5b1c5c95fc36091eb1f0162e1fd2544f51b162b2099bf4139663,True
c39bae54b561f41e1797c82c46120102017b36c32175967a0005ccf211f92ddb,Mbpp/633,Ab1-H2,de51f61e394f5b1c5c95fc36091eb1f0162e1fd2544f51b162b2099bf4139663,True
5ecceb1a45c916d5cb889fe952e3f53ccda67f5e31ce129ef2249c3880af6d1f,Mbpp/633,Ab2g-Raw,7f3ffb3fe870c32c23aafeb88333e6108017bb78cf950b73e49f6df02c8fd3f4,True
77e61c06bbc0f77cff25eeea642556556593929de665287fbf18fa27cd4e420f,Mbpp/633,Ab2g-H2,16416788a49f4618d72bcee5bcf012a1267c3cf77f8e584de0d3c33b287b8a46,True
45d5ae3d6df52321f81f3dc3698c874bcc0af58f6b057f6e77e30d606602200d,Mbpp/635,Ab1-Raw,b19d484ab27516536a2051457e5293cfdba0b312961ba07bdb67210b06e7d7a2,True
91b6d2a32a9cda14239bc4c33d9a0a1ba3e7e688a8f029a0887ec67445600798,Mbpp/635,Ab1-H2,5329890fe89d610226b9610d560ff6dbf1b7c31d5747a455826fc76b9f6cc77f,True
53e6048ce05fc3b4cb22218e08b32c706eeb46e229320de15e9827fa74a7ed85,Mbpp/635,Ab2g-Raw,317fefaacf0d71e117c113acc94ddae1ab1765afbca1b1f12c568aaf68381ef6,True
cfdad6485ae37848ad37eb1e24f50a000448bd98dbefa2a4bdb93a98fece75e7,Mbpp/635,Ab2g-H2,317fefaacf0d71e117c113acc94ddae1ab1765afbca1b1f12c568aaf68381ef6,True
b2ddb23633e8aa8e2c3f1f88cd30acc0ff1c159bffcddc124e4741b7149f0fe3,Mbpp/637,Ab1-Raw,4ee20f92301eeac03fb93791ea3a48dc5f4df2ece74a9d1ae2dd836ce8ed4885,True
73405ddf3daaadb6c13634bb669a5316564c0f722f51d2b165d95574ceb66b9b,Mbpp/637,Ab1-H2,fcdc319fefd478aaf7052ebea94582e9bf7e2964f1d197537358fa78b53b82c2,True
61230614beb0bbe78b120b0cd7be47753420c0b4ee3759514b9216cd78abf8a9,Mbpp/637,Ab2g-Raw,83970d1b9e3bf321b91acf7448c9e252855d05bb7a38b2c6559e1ab027eb30fa,True
fb6539730c613adee3b04b4d21f677224cf4144607dc66c891246bab0fa04c6d,Mbpp/637,Ab2g-H2,664b7b78e5bc984b251d5176f443cc0fdc67422e1aae2f97e6d4ebd2159679bd,True
b8df49ce9a41af47985e61a9945db4fcf856e245292c93f681ed317bc39c627c,Mbpp/638,Ab1-Raw,0e939c30116677b6285c3669a89a74b3de52273fdbd416326a6a990107d0e395,True
4077f7c1ae7ba1e08d92794d316542aeec3208bdf45664d5e9191b1229a0d78b,Mbpp/638,Ab1-H2,fcc1eae34b811f841bc723d2b2b73113f2631973d60f6879a8875e1da6d0cd44,True
228741195ff118c1a5073ac8dafd48e11e202f04b2954f24ff48f04db18f6d38,Mbpp/638,Ab2g-Raw,a811721f4caf50d4cee99ad9bfd3c55e33261abf9961102e5fd2c7a69bd69011,True
f76333d5ef94f5de2aa9ce82585ff0a354d203d9ac895c755514159b447ac113,Mbpp/638,Ab2g-H2,a811721f4caf50d4cee99ad9bfd3c55e33261abf9961102e5fd2c7a69bd69011,True
5f8516674cc8953896f0f3382b425814b4f01548953ab9a2c5c8d38e5e8ce2a0,Mbpp/639,Ab1-Raw,78ed603e63f3ba8caebdd8640edab276a0fe0f1b25d1804948dde63a6da7cbc7,True
d1e96e7ef1edc63a0af0f322a0e667e3b6f69ee61893cc138eb02685a815d27e,Mbpp/639,Ab1-H2,78ed603e63f3ba8caebdd8640edab276a0fe0f1b25d1804948dde63a6da7cbc7,True
7c7e8de731a2ee0f7e490f7c5b69c163fff60b50a6fcbe9b6840eb3cc6fd2dc8,Mbpp/639,Ab2g-Raw,6686b43e8aa1ed96a111213949ff8813cf04fd90596daf9cb36b2c8aa56915b2,True
7215e64d322461e84615d43f8236ed12308f650a93293e6c390d4456fb53ad6f,Mbpp/639,Ab2g-H2,6686b43e8aa1ed96a111213949ff8813cf04fd90596daf9cb36b2c8aa56915b2,True
2abddb187ab11e25329b54ad8d48de615437f7d24a2f72c828783a4996c11828,Mbpp/641,Ab1-Raw,8c6b45c36f06d4e6a2fbafa20e307a0ecb8b78c594634dc732e7aad032902ae2,True
42410e4c007bbaa532ea66820fadaf5c3faa20e0a62417dbb16ecedb0633879f,Mbpp/641,Ab1-H2,0e24d1a57e176cede9ebff3a49226123b4ebcf5ef82fda012150bc2d7cefa020,True
bc72d89947a6df5b7673b2e806bad935c2023af00eece5ed5486d870272a803f,Mbpp/641,Ab2g-Raw,5c575bcd17880ce3c5ac2da64f7c0dfc9409b5d57b0ca31af4029646d4106228,True
a00b6b7848119c557ceb0f316f29b191103689f8fa4894a0b0b0769b06192878,Mbpp/641,Ab2g-H2,5c575bcd17880ce3c5ac2da64f7c0dfc9409b5d57b0ca31af4029646d4106228,True
21308308e2205a988a80e58e2c5d86004401450d167bd70c2b4b9aa7dd4af6b6,Mbpp/643,Ab1-Raw,,False
744b8827d1fdb09d68ec69f436d4c89cfc1d78e1d660e83b603148ef1efc34dd,Mbpp/643,Ab1-H2,,False
5dcc3e07a945ff98cd07f1a397641e566862c8f63531df02fd8e6d83e7e3bf21,Mbpp/643,Ab2g-Raw,795a6a04cb69b2810f7409c7be1333ea96a11ae9e68e2cab1259e44bb756ce3b,True
8d89dacf20e3f34d843102e17e73dbfe7d87e6bbfb9ce125e9a62a66e445f80a,Mbpp/643,Ab2g-H2,795a6a04cb69b2810f7409c7be1333ea96a11ae9e68e2cab1259e44bb756ce3b,True
f2e2401c01791616f9a620244629e56fd49cea1e14f361ad724b247ca0db84fa,Mbpp/644,Ab1-Raw,35bec8719901a66becb1ff2eb32c699a3d4bc99cf2f3d4366f344e77c5910ff7,True
96657fefb2880c56693cfc284d595da262708ce6fd184f51c612e755c3088caf,Mbpp/644,Ab1-H2,35bec8719901a66becb1ff2eb32c699a3d4bc99cf2f3d4366f344e77c5910ff7,True
790f239652095e9713ef1f48cccae349be1b797cea8e4e07404759c88e3af896,Mbpp/644,Ab2g-Raw,966d886e6ead869ced4a3028db5284c739719faf0060a814014c3c8ba113a28f,True
2125f4f85184a43913bd7f91c092ce3508183c371f2bc933a79e4151b8f693d2,Mbpp/644,Ab2g-H2,966d886e6ead869ced4a3028db5284c739719faf0060a814014c3c8ba113a28f,True
0194f9acec4b91f70b9c02fd43b36ac51a37cee2fb26077b3c908ce55e07ecaa,Mbpp/720,Ab1-Raw,,False
35440ea288ad7e4bc27fc40677985d2a470d4fdceb2f63a5560e2b1d80c37e40,Mbpp/720,Ab1-H2,,False
8d510b7fd0280494451183c48efbacddde5952321c3cadc5a45933b7b6f53f84,Mbpp/720,Ab2g-Raw,e3d3b93985c708bc5b8b2a5f549329772f8e099f44ab1f4cca03f26c5e57a74b,True
315f7dd71b0184ce8bcf55f84a3cf6588d4da403395cf875eb0a820b6a576db8,Mbpp/720,Ab2g-H2,e3d3b93985c708bc5b8b2a5f549329772f8e099f44ab1f4cca03f26c5e57a74b,True
65de23057e35b3a56f03a23c994d62a2979dbe9b293d442910d8c6153ba12187,Mbpp/721,Ab1-Raw,b85d659d00eecc13a6a391471decb167614efe8e49d30f0bf905547a6435782c,True
02c009d8d86c85a4b5a3fe72e5ff23e1dc184513683480dabafee099f489bdc4,Mbpp/721,Ab1-H2,b85d659d00eecc13a6a391471decb167614efe8e49d30f0bf905547a6435782c,True
aa2e402a3a927dd06ec1bd96510ca6fbc3aeae85135fda430bcd7d7cdca4d205,Mbpp/721,Ab2g-Raw,d08ae6a44b8638af1d4d244ac4d9c03ca3007f65ba6fe851e78ec5a0318b5bcf,True
e74b648f79a7ab19dd601600280927ab22bf1b8cc91d06ec9b77975b69ff913d,Mbpp/721,Ab2g-H2,d08ae6a44b8638af1d4d244ac4d9c03ca3007f65ba6fe851e78ec5a0318b5bcf,True
dad56b5c3e0b33ac29b8b617f4ca28b6b1511a41d1fc06779a2fb33e6362ff0b,Mbpp/722,Ab1-Raw,f71d8819ae35b5e68c33a65c1e5fd635e8eda8d351a7e8fed8712780f0cf4736,True
b370954dab70ada5b282bbb032710c05a7705a4729017cdff66cc1c01103ae1e,Mbpp/722,Ab1-H2,f71d8819ae35b5e68c33a65c1e5fd635e8eda8d351a7e8fed8712780f0cf4736,True
dbbee38941f3351b840203e908bd15655bafb1a9ea367a669952cc72fca72b16,Mbpp/722,Ab2g-Raw,137b4d1cbd8ac9f8c96dd5f9caf3514d1ce19522e5ecf09c3ce7419c70546325,True
963a7ee20f79083404c0ae8952698aa78457e082b9fb9d23a3f80f5f4c8f1bf0,Mbpp/722,Ab2g-H2,137b4d1cbd8ac9f8c96dd5f9caf3514d1ce19522e5ecf09c3ce7419c70546325,True
1a8a559697589f3240a64fb6a3eadb8d4d9e41dbfa5834d8739a90a39fb1ead1,Mbpp/723,Ab1-Raw,b304f2954b08c2852a2e08caa5d583237c1e19db602a1cd43be6aa5c1bf1a924,True
240cb1ca0d2820f47229fb84822bdf0bde5aeb25d0fcc3ff0ef7d60bc31b8c8f,Mbpp/723,Ab1-H2,4980d4d63982b6a10cd311d528c5edabfff3357751250d0172edc8e33e7176e3,True
4443723bd0a87059019c9c1932e3f8863ad028517c10439603c27573cd400f92,Mbpp/723,Ab2g-Raw,bc9cc9d83e940e5be5c32f2dddffb507c4d58b2672da53752c721aa6b7241b5c,True
85f43f0023b41e648bc55716b72f95460b50f77e885e10ddcd97477cf0cf6678,Mbpp/723,Ab2g-H2,bc9cc9d83e940e5be5c32f2dddffb507c4d58b2672da53752c721aa6b7241b5c,True
acff82a1ce123f261cbf58f5d043cb969dff4be204bc085716d3615cddceb196,Mbpp/724,Ab1-Raw,5a87cbe9fc240580f5626e04811bde08f2122c74ecc3112d836d09f14746b9fe,True
ebe26c39e091d487fc3e95cfbfc814fa660a363e33f23b1ec0bce0362c248f04,Mbpp/724,Ab1-H2,1b4c3b55c4b90b0b9fc7b7cc466c0bdb239049d8f3b3d2d1c19c9874629d3438,True
912cf97d30ae6d806914af28d428e227961182c2e45564c2445cc9a7ed67ec29,Mbpp/724,Ab2g-Raw,b54b97068f347dca02a49ea19add7740f12c111a529af60fe2eee3f476ae04d8,True
d82d2871575ca78b99c899a5de02141195fbb3a169e0339fa005ff3ac5a00310,Mbpp/724,Ab2g-H2,b54b97068f347dca02a49ea19add7740f12c111a529af60fe2eee3f476ae04d8,True
51d7415489fa40fe0282bd2b10da075a3e7eb664a5b945b0daa080460c7a7131,Mbpp/725,Ab1-Raw,91ef250b19c0f7078876ac58ff0812a86900e642f02b70845dee4e3020d706b7,True
882a4aa06ac44cad87adac379cb25831d546c22734d19d7ab9ee528027d67477,Mbpp/725,Ab1-H2,91ef250b19c0f7078876ac58ff0812a86900e642f02b70845dee4e3020d706b7,True
4521b16ee4ec6176965d547c1ffc967b7a8dff6834e896f572b7d944c743a631,Mbpp/725,Ab2g-Raw,db3f27cad75c92b7e6febfd4917e00a1a047ed26e86337c98774514bb2781abd,True
21b6e6b0f2a27a564a11fd809b78fa35264a4aed968c14264f81cb804b04af5f,Mbpp/725,Ab2g-H2,db3f27cad75c92b7e6febfd4917e00a1a047ed26e86337c98774514bb2781abd,True
7e00e4c5347082d06dfb5c7659cb2bb624b52420c7db934c8e78f218750321fe,Mbpp/726,Ab1-Raw,1f8204b780b60a9e1ff22d86121482859d2477997e79b843fc4031661a8a92d3,True
fbe33859e9610ea937b4681fed4ddd873a94437b93c74be7540a08d49eb51456,Mbpp/726,Ab1-H2,b161ba2fb828f9b10006fe4579a339f0976eede09671bf6bc4ade5d0e00757fa,True
940af7e398b17b426b0d10f5f7fdfffa60e792790b705819cbf0493407118a0c,Mbpp/726,Ab2g-Raw,9970aacfb95eb0358a03dffb3fd88d44b2b7c6b58dbceb39452185c573d4f0a7,True
b1b17a77bb848473f4dfd6eddddeb056504d143fc56f0edf83e835fb018904a6,Mbpp/726,Ab2g-H2,9970aacfb95eb0358a03dffb3fd88d44b2b7c6b58dbceb39452185c573d4f0a7,True
2228f9ddd86667a8380062e7a52b2f091cfbac8e622a04e412b70531186e89e3,Mbpp/728,Ab1-Raw,2e45ed6db566a5c1d2c3858b8681b16cb64837c87374800d5681f44005e0a515,True
6a6581f45774a2faf7099e9f442eec6b292abf45ce167a66b4781b4a596cd416,Mbpp/728,Ab1-H2,2b65588ac7cd6d605b127718073f347d11ae438af670eb428edf071347730ca7,True
4b057743e7f9506729658818f21978d0f86bcdb9cb1cd9ddd7097fc63dd4e8b3,Mbpp/728,Ab2g-Raw,24e585d87cad550b3627c427333912113dc2d9f66bec25b686bdf7a9ba2df008,True
b0c235d896b05882ac393f800c8320305b325029848cf1cff1b9d45923164072,Mbpp/728,Ab2g-H2,24e585d87cad550b3627c427333912113dc2d9f66bec25b686bdf7a9ba2df008,True
7128e6ed028ac27a0f10931d44c9b66de7be2aee82eb69c666eff390a4d7d65b,Mbpp/730,Ab1-Raw,273fcef0c6cbd35096ffefc206d3c360596d89e04d6e6b90f31024a718c88d4d,True
a8d19779aaf630e007d2e0e73742db2f80b0a0bdd0115ae5a4513a971d148410,Mbpp/730,Ab1-H2,273fcef0c6cbd35096ffefc206d3c360596d89e04d6e6b90f31024a718c88d4d,True
60bf3a0b2915cafe5830e78f3de830c307610ae03bb8e59ac30503bba39e14b4,Mbpp/730,Ab2g-Raw,176340f1d76143e9d6573c67e1a794182b2a2678697a70dbff9c4ce7c48a0dd0,True
a1620b3d8022364af3b482bfbc861753124830e795933e3916e72e6fe49f232e,Mbpp/730,Ab2g-H2,176340f1d76143e9d6573c67e1a794182b2a2678697a70dbff9c4ce7c48a0dd0,True
1d1972bcd9f594808e2dd6f1c32431bec59903c1afab5bc8348e27c63cdc7ec3,Mbpp/731,Ab1-Raw,0a4b8aa6d5bcf802bf8f251c7df0acf653b2e71e73b914cd2bfbe17fc0a6c438,True
a574f7c8090893100dd98e533e9fe4d5e27361752b0da46c254a24579b0eaf2d,Mbpp/731,Ab1-H2,0a4b8aa6d5bcf802bf8f251c7df0acf653b2e71e73b914cd2bfbe17fc0a6c438,True
758cb14ead512e7484dad236102323653ebcfa27e06e92dc19ae08832306d430,Mbpp/731,Ab2g-Raw,80047bc7f03ae3f0851c6b04511fe4c445351fb16464ed450f8b9848026ba924,True
48dc2bddb62fd675d9cf81b6aa8f92b0844a9b2a8452fe8b31b07cf52990faac,Mbpp/731,Ab2g-H2,80047bc7f03ae3f0851c6b04511fe4c445351fb16464ed450f8b9848026ba924,True
1f7bc3b6d755c2ee237c505a872aded93d596fc59874c8e1899fa69085b5ac73,Mbpp/732,Ab1-Raw,cc3b0fc15abf5c8382de9b0ce4e55bd6bff9a3a79d374f659adff66b409aab5c,True
90eb2d5e912e0acb05ce036fe9234e5578a5c3e3fe7cc1257cd1d2aa7a7711b2,Mbpp/732,Ab1-H2,00faec0aa594689b43dd5dffcc2ac7d68a0a80cc2c6019e7a12f878c7c1f3d0c,True
0b73ed03d4b1fa943dcf94876fb4f8d694d89dc10d290b32cd9609b02979b908,Mbpp/732,Ab2g-Raw,1354579ce1c0d39a08420d08d9508d1bbd69789fb5ac463ed85c4a6971567654,True
81c7d9f1852dba04be8e9d48f3a2839ef5ba345fe1f6f7f64c7b12364dc8d928,Mbpp/732,Ab2g-H2,5726043201622ae55f47fb7788c8e38950493e6119646d7349d037e0b72806cb,True
8e2fa5391f08f403cb6696aa64de2294df0a5a2496061fbe2e358d6a8e2a30b0,Mbpp/733,Ab1-Raw,9166600ee4b1d17d0b5cfb6d41f77ce7d378de937c01a58f72362cf2d731ecbd,True
7892c2c93908d92a4399f1adc4e703316ca020b59d8e8667675bbb704eb20732,Mbpp/733,Ab1-H2,9166600ee4b1d17d0b5cfb6d41f77ce7d378de937c01a58f72362cf2d731ecbd,True
eafa4d6cea05955bec7c1bc5d8b28388ada7372f1b9f1733d1688b6a903fca41,Mbpp/733,Ab2g-Raw,07830bec54450f90d51878f12d8381b0b51472a59ef7e98e0a062ca9c19428aa,True
23b29bdd3fc8720e9e3b03ad6216c4dcb481bbd7fca8f08c1f2b41b5090f93ec,Mbpp/733,Ab2g-H2,07830bec54450f90d51878f12d8381b0b51472a59ef7e98e0a062ca9c19428aa,True
d00af72c372df664048df72ddc6fa6ff1beb5520d306472eb7651e61dbd3cf4a,Mbpp/734,Ab1-Raw,6d21cc8dd028c2d1da0118f7fbcc69572f4464787e06935cfce40edb521280e6,True
84dafab3c005cdbb95c15101c0f1bdc3f8b314681e21d7c36a3a5f641927d165,Mbpp/734,Ab1-H2,6d21cc8dd028c2d1da0118f7fbcc69572f4464787e06935cfce40edb521280e6,True
77264141293b0e6558d9466ef41606d7a881ba009e213881ae97b904448029c3,Mbpp/734,Ab2g-Raw,02b9ec2022d4706c464720f4cfe6a61f9d3a0120a17338bf8a8c741fbcf57420,True
abfa584b45c5d2c2ed3413c93dfc10798529cc415806df0133a2d714a77c695c,Mbpp/734,Ab2g-H2,02b9ec2022d4706c464720f4cfe6a61f9d3a0120a17338bf8a8c741fbcf57420,True
75adc1fe1e805d02ed5c221268685c46dc63a72b64de9704449cff63710ae992,Mbpp/735,Ab1-Raw,dc4af7eea59a2ca945db669adc73a567e085ecc1ca3b3321d7a98067fad8f3b0,True
1402e4d1bfd4cd761da611a6436756c27db7b4246805c840853ac8f1cb0587fa,Mbpp/735,Ab1-H2,31255848c9934a7e527ebeb7209000e66c2faf1bbccf6bcc3cb557d4f25feffe,True
b4effec6ab39a7f0ba00889a9202d0e10b19623924344488216ad41423ba1723,Mbpp/735,Ab2g-Raw,05a68ce1ab248a79e92268dfb96803341de8d0f6eea28cfee200830afb9f3a78,True
ff01f9516cb829e9e4169dc62d2de21fc69de4b9a3eb8388743bad786e626155,Mbpp/735,Ab2g-H2,05a68ce1ab248a79e92268dfb96803341de8d0f6eea28cfee200830afb9f3a78,True
7172d377567ab10db3d1ab4e99544d194c194fde2e4bba777a13d1b5fb04833a,Mbpp/736,Ab1-Raw,d86a1ced131954bd079d09e7cf1d1b9151eabf7b89e46fb6c2169e755e7fb645,True
6cc820f6aeb7e332a47dca94212cd6c5a7d6ed9f4843c38b7172c19e40c1af69,Mbpp/736,Ab1-H2,d86a1ced131954bd079d09e7cf1d1b9151eabf7b89e46fb6c2169e755e7fb645,True
5c0ce19c5a65f66e9ada87c3ce65370961e2199a8ba75a7e0e9665b995fa68d6,Mbpp/736,Ab2g-Raw,8e08b3706d90b1470b3d46bea3ed258a5fb315e31388fc8071bca3ff5b39a9ce,True
fe3a8edcf8fa523219d232404481fd6f3019bb3b467a5c32fcfaf0bb3a380294,Mbpp/736,Ab2g-H2,e5e842bc69525118af53c7465e8e410298069a9b03e42e5a442c41304fcd345f,True
4a3fc1942ef9714647c99f571ebda1b96de9dae5d2042d50e038b02178e0c73f,Mbpp/737,Ab1-Raw,,False
5f015ddf7f6e7b66343caf369173621874572f1a13a5a63a1e4f5c828e6860b9,Mbpp/737,Ab1-H2,,False
aa8349aac4beabfd72a22fd577f767d6dbe01d930782072c356b1e6e21a24394,Mbpp/737,Ab2g-Raw,cd2d1d9b7a6890099af4d89627b9dcb8833b26b61c22e1ba54989a7fdc2306a9,True
49e7f968d906d61a38da24d10276430d8dd9fa08dfb90d239a49617d2d8d26d2,Mbpp/737,Ab2g-H2,b60305d7dc5aed13877d98b1174a629d561c6ac65e087afc64f21f6d2ef7ac18,True
e7b12e32e9cfa03ec7074f833ee82a07fad918f6443098750890fde86fa30ca5,Mbpp/739,Ab1-Raw,a5c1a4ad53f3582fb2f7c4c9482c7b054260202fabe854ebf6fc51f439f6a397,True
116ad74e17645f04e75921d0d1c2a617037d5ce34291adedb96ac01a5b939d1a,Mbpp/739,Ab1-H2,a5c1a4ad53f3582fb2f7c4c9482c7b054260202fabe854ebf6fc51f439f6a397,True
c94291a7938e48b1e809b4cc60f6eae24f7c6a6b76b0b55265839cb83415f066,Mbpp/739,Ab2g-Raw,a473e903af28235fe9ec4c09408e8b7ddf991f11633137caa4a75def8f2a1450,True
61066311e25a5afe6d7a47c54dfc4e86bd4d73d3f91a03c9a841d317dfc679e8,Mbpp/739,Ab2g-H2,b0f8fb59cfb4d738825b37e7d37e7428b55eb0277ec7ea3ed96458bd0783f472,True
464eb4be480a3f55a1f75648a0c294898fc9fff0736a4bd670649265df5faf6c,Mbpp/740,Ab1-Raw,d8ff098f8fc6074824468e19ac4a8e913460659caf9341c498b271559cea50a0,True
8b6d1a27ffd3aae8b37ad5b71d699fbe7439a0d86a6b623065079703de2be84f,Mbpp/740,Ab1-H2,422fde9333db5dbfa3fa04cdba8a1fc5850c3f08186fd53c9b18d12d1680af9a,True
c3fdd25172915dacde17bf5b129042d488ed9c94411580d86213f45bbae6415e,Mbpp/740,Ab2g-Raw,5f806c440d2a59544a21b4038530861b2d868237833f349d6855537f36c5738a,True
158357df67938a0738a69556635d86c23c1b6af19b2ad21cf6086ec36ea0e6dc,Mbpp/740,Ab2g-H2,5f806c440d2a59544a21b4038530861b2d868237833f349d6855537f36c5738a,True
ed6e0b005e83e6a6bf60997327cb8fccb82a71ee81c866cdb04e717264f5cc80,Mbpp/741,Ab1-Raw,,False
74e35d41c251e710f7c8363fcbad64889bc1e171acf09d29fa577755344ca043,Mbpp/741,Ab1-H2,,False
bd640317c0bcd1936f2c1b3f8dd2be4fe3909e4a4995d3ec7fd04f2ee8ac4ed6,Mbpp/741,Ab2g-Raw,29ea397fd0f16affd4bdacb7601308cdd859463bef34d70a562bfb94471b227f,True
03b747adc008cece3dd04777bac399eb7956513ef17260a9ce951976b0ecd6d1,Mbpp/741,Ab2g-H2,9a6abc44319cedc6780642abb27847de5a3c4b2cfb385b06deb475b4a2143c2b,True
f4b54162da0227afa1692978095e0b453a31bd22630c279160f6d6007751b70f,Mbpp/742,Ab1-Raw,e463b9dbe42c03003dff7022f9c2975b5a0f12c9081214cb0bb4b84cacea5d03,True
59180cdd982a8e24817c02bfa09eda7d7dc05b2210ff0562baf4b06b59b59db0,Mbpp/742,Ab1-H2,4e7ecd9b70ce63b1d4a01615378f5b78739338f10d5e5d51d1704f9d19a51900,True
e110686daae0068ad5ce65c7f4438e834c3105650c8282b1daa7f45a249b7467,Mbpp/742,Ab2g-Raw,a0b644a8e33e8137768780d8a179364dc9fe4023aa5c63940809f43b29f4cada,True
22353180a45ec9f95e3b3b07f4686b29fa7fc122b35388f090e9001d6996efe8,Mbpp/742,Ab2g-H2,24ec6b39e7503a8e5c295dbe9ab0463a6a3864030e47f0b5850003ac288fb09d,True
17902f5758ba1a113da7dcfc698b1a309bcdf7f426541ceee8d7aeadff1c12b7,Mbpp/743,Ab1-Raw,1a7fbdf820b3d2c824579d5fca1fc24096265ae39c78b502e111c630be996ac6,True
18b88afb0e80d1f46c3e1eea57ecaa6da4b54baf5660d36ae3bada7be41abe60,Mbpp/743,Ab1-H2,cff5a38069eee7c6de70756d48af1129781471f155040a0ba1e2d1abbfbbb083,True
902bd6db9c51c0679efe04d0f72f408fe97b9248a753c44b777b0a93de68c2d9,Mbpp/743,Ab2g-Raw,dd371d1296c7bb729330e2f0471f926ae61fa73913c14cf409b2ac3844dfff31,True
87bed8e4c69e997cc7378a7e2117289c0b9324ddbeabe1670db42cd368a703d0,Mbpp/743,Ab2g-H2,dd371d1296c7bb729330e2f0471f926ae61fa73913c14cf409b2ac3844dfff31,True
af581db6676e6348fe0eb8b82eec5e5f26a6c5eb12d67fbba4d2e074b3db1bf1,Mbpp/744,Ab1-Raw,,False
4897ec5e762ae3e1c16ea3f80f0afb3049a4f8a9e6d90a371425bae573b0df6a,Mbpp/744,Ab1-H2,,False
41c1c2b19a4675eca93e7cfbea8e8e0665e5ceb25c432a97042ef77e412b7ffa,Mbpp/744,Ab2g-Raw,53a4948175286946413d2afd2e2e1eca87d08953d3e5f1ed60f6fd9d026875fb,True
252b878eda236f718ff9471bd614e1b61786c41a5a46cf0f70e0b87f3016c9c9,Mbpp/744,Ab2g-H2,53a4948175286946413d2afd2e2e1eca87d08953d3e5f1ed60f6fd9d026875fb,True
5eb4ca86c9eb1b7b420291e291d38d0e2be92a2b7aad7b5a15d3ecbc3e09826b,Mbpp/745,Ab1-Raw,24259866a325cf6082cc4b8da31b981b41a1dcaf4238edc0d75a5f788e3f6c60,True
01053a7b69e34a2f8e24ef14345f5684faab31faf60062a48ffa93943281398d,Mbpp/745,Ab1-H2,24259866a325cf6082cc4b8da31b981b41a1dcaf4238edc0d75a5f788e3f6c60,True
a622065e6b8e1d07df675531f5dfbc54fbb70056121764f5f067a35691d01ebe,Mbpp/745,Ab2g-Raw,1d35356acf87fca81dc00f6981592357b63b22b090a626a06c41cb1a3e5d20fd,True
4f3739faf87f7e60162b07bd422eb5b1b7e81c835b5b0ac253f06e681f8e4bca,Mbpp/745,Ab2g-H2,1d35356acf87fca81dc00f6981592357b63b22b090a626a06c41cb1a3e5d20fd,True
e83cabbdb7de4d8f53667e0c585ca34bfed2c3bc4ceffea0801d98cd8d06b7bd,Mbpp/748,Ab1-Raw,819cd399169968ae06460c8daf2a0aeb73e2383d8817b9bab964432f689189de,True
3ecd3cdfba3fec2fe12787c0c54676a3faa3156d435e1f547862c10ea0bb9e62,Mbpp/748,Ab1-H2,5879f30c5c4cac9ef251b355f5eb63ee7d7d5a69e3430564927dfe5cea75801f,True
c1562e8866d732aab72b29b8e5385e4ccc59526a3899d4650958cdcbf33be802,Mbpp/748,Ab2g-Raw,39ad5eb4b4d40af8e31b133d7d159848a1c9c11223a8f04365f8573e97e9786e,True
3e5d90a92d6450fc0694b19492f0e32daad16471d55ed8de59bf4b742ea90b6e,Mbpp/748,Ab2g-H2,39ad5eb4b4d40af8e31b133d7d159848a1c9c11223a8f04365f8573e97e9786e,True
6ec06b43b642423aa2796cdf96b07826c79d8214a04adfddc88356824c088cdf,Mbpp/749,Ab1-Raw,c86f4d0b9dfade48c754aca48f04c3901548c0b8e60173fe1f9e18dcf995fb04,True
7928def65d15a405b2c686589bebdc5617b5949ee6e9f2f9eedf8941dde53692,Mbpp/749,Ab1-H2,1d1dc2c324dedc6541365ea21866e0a9d3e9ff431c5fb508262832ce6ef4431b,True
5c6b61759a75eeea21d94e5696fab006033c27907146b08f060e6eb91dd91c8f,Mbpp/749,Ab2g-Raw,760a094c8f30d108f9349fdc77aa5b83535c290c860160345a71c4bbc353cb26,True
9032ee882d9a4a0aeef8b0a62c20f6be4ef376967a10f541b7ba0d02dcbaeec7,Mbpp/749,Ab2g-H2,760a094c8f30d108f9349fdc77aa5b83535c290c860160345a71c4bbc353cb26,True
860b217af7133f95c9826b5cc13ce7f011b61cdb16c4537d10998a697350bebe,Mbpp/750,Ab1-Raw,d3077ace3fc09cde5dab11b121eb0a538cda7a894468e9fd3a4c42ba2b5786fe,True
1925f4aec9937bbc5a6e15757dbfa34bdd2e0c83235c244ea5cd830f907d9057,Mbpp/750,Ab1-H2,b51a1969e1524e846afad25dd13079bea3d47d1b13aea73998f9133df535e550,True
54b172668a2bd46b2dd8b0cc8458c05715085e90a73cf5d2be2f3a86926280c8,Mbpp/750,Ab2g-Raw,27cd47f4a27afa36d145e6850a84a1ab1e7e85b8db2821fdbad3063468249566,True
6a44cbf264629dd9fb89b1304a4176f7f96909f84f5c11520f43136181b21791,Mbpp/750,Ab2g-H2,27cd47f4a27afa36d145e6850a84a1ab1e7e85b8db2821fdbad3063468249566,True
49e7666acdfc3c23a846043cc5d71e434cbd8488a6c71fc4f9af3f65c4465955,Mbpp/751,Ab1-Raw,57f24f15bc71e32dc59e7e1ecc6e5578fe3aa0186d683cd2bd2fb017db64bd93,True
98b9f50dd4ee5b8b11d5ca1f041384cddad927e46e9b400fb9fd11de605864ac,Mbpp/751,Ab1-H2,64c7872b94883ee5847e0831555509e94d37b5960e396d50e8dbbd8cc220dbf3,True
734b29d073ccf30079c119cb9369fe8c123e3e71557d04178786cac30d303d0b,Mbpp/751,Ab2g-Raw,2604d36085fbf9a82ac9b5dc5cf948fa6ed71182319c2e4add079b655b220a59,True
04e2492ed135f37997a2fb193d88125a2c5cabc79cd481ba8a87eb9e13143ea5,Mbpp/751,Ab2g-H2,2604d36085fbf9a82ac9b5dc5cf948fa6ed71182319c2e4add079b655b220a59,True
6fe95bd8568b6dd41f3bf53811dd3a01eb7dcd6b04e53b5b56975cde3224325c,Mbpp/752,Ab1-Raw,c582a8375672f0742c842c8bc708a261fc458fb54eec963ca2f096f9cb2882f1,True
22c8ffbccebc4aaf600ddab785e0f713460e17ecbf885eab5d5061ff0cab2fe2,Mbpp/752,Ab1-H2,0fb131b9f5614adfdfc69405c1b008cd03da70520926ea054f730d45cbb87597,True
0d1221b4a48430ac9f39cff5cb3f3334251c09afadb649d4b35b7e6819d5d280,Mbpp/752,Ab2g-Raw,5cde8de10cc631c9d300e1a17a55b09eef5863f324c7386222b39490b263eb32,True
6670d6f8e38668837f5b370a13091672a6bba9d1c31d16f6da3c5a43108d2b79,Mbpp/752,Ab2g-H2,5134ecd43021ecf24bb696b73bd81ad447966405b4f6c94a6a778174ffb2405d,True
6b9e3bf4d02a4bea9c6b4699c038f7ada8f6de74e23b15a1f69978e073858555,Mbpp/753,Ab1-Raw,87727b67382212bbc725a923b972cfdbb2e77be27fffa2c40f1c7343c2b3d30c,True
514fbe8581e781c24dab29b5f855975c34e70b47ff4bee7cefe383d6b191f136,Mbpp/753,Ab1-H2,87727b67382212bbc725a923b972cfdbb2e77be27fffa2c40f1c7343c2b3d30c,True
6bd91b81b0c4845d8aae743c765cf3ee9fcb903a9a43d9562cddd048f6eb39d9,Mbpp/753,Ab2g-Raw,f7303a5c43e98915e63dac68938786dc5ea214ae9bdf5b97286913c29b5729a1,True
b48395613382fafdfb763577a4e852657ba4571ac172eb85a36e397fcb04dedb,Mbpp/753,Ab2g-H2,2e526eec0672eb296809286db758cdfc5ccf8639d3000694b42a96df4810b2dc,True
32c5abdaa007870be6dc8239b1f56d6f4453b30232f8267335bafa5713597a0b,Mbpp/754,Ab1-Raw,183cdbf1147c95d710f6db5e64a090059230c502f0060c786cf1908deaf05a85,True
2b091ed33e7b7b226c24b456e24812d8523a852bab3d2c4a47d7adf5aad386ac,Mbpp/754,Ab1-H2,183cdbf1147c95d710f6db5e64a090059230c502f0060c786cf1908deaf05a85,True
c2d7778464827b323f7134cc9a42658e593d5dc75b1e99d9ce21ecc4e5990931,Mbpp/754,Ab2g-Raw,85e5ed37e9323130f9c80488d9e0b138fb749602091c59721ac59d7e1a91f9d0,True
7f70cc2c48bbf398c50b44162a9ecb8687e167b1bee3b25a547d5b463f38ac11,Mbpp/754,Ab2g-H2,85e5ed37e9323130f9c80488d9e0b138fb749602091c59721ac59d7e1a91f9d0,True
b98ce80a3476ea393325facb3f767d8da13b6fa943dee9f730dd8d43ee952b22,Mbpp/755,Ab1-Raw,fd3e449d4fec2fc834d011b4bcb59e8374e61df2826624bf643d44b9b156ef0a,True
040b94e2873b30014b80d2ac6fd2cdfb04be19ced249250f54a5f44ea71916fa,Mbpp/755,Ab1-H2,fd3e449d4fec2fc834d011b4bcb59e8374e61df2826624bf643d44b9b156ef0a,True
4e87032d3c760da717fc30c49edab369341d17297d842c377e9836f0535ddf70,Mbpp/755,Ab2g-Raw,52c313b9678a94fe983ff5521cf25acefd3bd4a7cc68231def800f9d27ba8780,True
79ed45aa4d21ec70941d940dc08aee7a16f767315b0f09ca9aa7a5d9b1d7d926,Mbpp/755,Ab2g-H2,52c313b9678a94fe983ff5521cf25acefd3bd4a7cc68231def800f9d27ba8780,True
9ec930a260ec4aeb39326970517553607899a739059fe01b58ad664f87b0bc6f,Mbpp/757,Ab1-Raw,3f0e6b64843f165a4f8ad73218518bc6b5d7564fde2372918f5846660937120b,True
7dbe2434e18f125f8bb8197cb8068717bac75d9db41156425ac1b295229a2c6a,Mbpp/757,Ab1-H2,3f0e6b64843f165a4f8ad73218518bc6b5d7564fde2372918f5846660937120b,True
38c55ede6a09fdb8e94920fe04111900bca8655a96d91d512e96aff78e01800a,Mbpp/757,Ab2g-Raw,9fff34df722f8835060ed905b158703a28eab0cd84d9fdaa306a8a8dbe2c3cfe,True
df91002799fbbf21e940f270ec92d60bf9dae21f762a559828ead7c1a0cf26aa,Mbpp/757,Ab2g-H2,9c5013e29d8055959817ae0ce3e33cd1499b6b98539fd5872873775174256a38,True
9812ac4ee3b3c545ef3238ab9a4e80beb92359393712a6c205a14bdd77df257f,Mbpp/758,Ab1-Raw,cb80389348b385a7394e1024493e1183145e0cd1ca3f24960b96be8c2d27399a,True
fd43631e3969e8b16308e27429c8d1ec27aab204304cb95a930381645f865506,Mbpp/758,Ab1-H2,cb80389348b385a7394e1024493e1183145e0cd1ca3f24960b96be8c2d27399a,True
7c74520568f2e93f232055cb6bb275640cb77417c8449f0f52dc93677dba654b,Mbpp/758,Ab2g-Raw,642c3cb1f823ca97456077af0e7adf349da22ea6c9fce65c04724d5cb24e36bc,True
612b1217b7f3ca2d04ab6c319f7fc38638c7c00e3e6092dc2ac310e60c5cc6a9,Mbpp/758,Ab2g-H2,642c3cb1f823ca97456077af0e7adf349da22ea6c9fce65c04724d5cb24e36bc,True
5025a6870af92f3dd85df89ec04eba52585669a0a2977713a7ba6bb9c418d04b,Mbpp/759,Ab1-Raw,,False
099ab8c3b3e3dbe4d7b397652a00335abfe8a59fe39a0be258658e51ae49906f,Mbpp/759,Ab1-H2,,False
c564573ac2992e290137888e8d6fd608a5e84b5b7f0d5f9bc68cdba444b5566a,Mbpp/759,Ab2g-Raw,6a32009adcadcf0ae7faabd5d8a09a6973dfa430789123ff7f7eca47c3a37a3a,True
297cdb1ba421c41bb8e746a21e4f08128f1574f277922c444864735016e1f9e1,Mbpp/759,Ab2g-H2,6a32009adcadcf0ae7faabd5d8a09a6973dfa430789123ff7f7eca47c3a37a3a,True
c61dc656a95ae7993d151b8051eaff379ff66a246ca627b68231e61446496b1c,Mbpp/760,Ab1-Raw,638d80f72b30eab125d9a0aa1b5c91e6bf2c6db4b649021a5b226a94bdcbced0,True
f42c499fc1872f9124576c820477d8b1d0a14e9d1bd4010cea86e0a6191021f0,Mbpp/760,Ab1-H2,638d80f72b30eab125d9a0aa1b5c91e6bf2c6db4b649021a5b226a94bdcbced0,True
61c105666662a44c5b0bb13667520d871952d624e6920fbc42e6301ae03c9169,Mbpp/760,Ab2g-Raw,1094d1cf1bc22feb665165867fdfea26041ce58bad2781fdcb41253192caef61,True
34dd7152d6757d1bb94e08248a2312cd51171c065c2d3a0cde7ab5753e236070,Mbpp/760,Ab2g-H2,1094d1cf1bc22feb665165867fdfea26041ce58bad2781fdcb41253192caef61,True
5918f673a22b4286bc10f7c86671918b13c5de5ae9b264b63ad98938c6e40f35,Mbpp/762,Ab1-Raw,81c3946c9d0cd5ea985fd41cd9def69d111c4048b2d2ebccb679c8cf32bff1c2,True
05d2bf53965853b6af9d9b2c1d902bb2e82ade5de9cb291719bab7572bad802c,Mbpp/762,Ab1-H2,81c3946c9d0cd5ea985fd41cd9def69d111c4048b2d2ebccb679c8cf32bff1c2,True
a304f3c58913c1004fee5119d22c08482d3bf46f5b4d9cbacc6c0bd528b29d81,Mbpp/762,Ab2g-Raw,0bbbca6ee971303e7a865c4b73696c6a19625975629658c0635c2be09da5ead7,True
f8d2c2791d2e8df4e1a91d1fd466e23116951f2a80b4ba573d428567c3880394,Mbpp/762,Ab2g-H2,0bbbca6ee971303e7a865c4b73696c6a19625975629658c0635c2be09da5ead7,True
55c057b9bb85b3a39d0882981f203ef95ae480870af90909151dcba146fe3375,Mbpp/763,Ab1-Raw,69b971de47a2c66706d977b52952963e0118a8b3c96399ef396347bfc69a5b99,True
7c6470d1d5373d0e2e0aa67ac3bea8223e6db9629018f53deb354a90ee647aa4,Mbpp/763,Ab1-H2,32ef31660c8377019266193318d2f74c8037a2b92b58cf432e701ea8e1b72d79,True
cb9e1d3255f10649cfa0e9ea59303d7cf2097977495f751f058fcb9b1433d4ab,Mbpp/763,Ab2g-Raw,39361ba0281fd42b10d4347317d5c9e0300b3bfb2edc6a0517ef11ea277be414,True
0584249d128207ec431e7b7300fc37e195c82db5326a7c4efe64b24a796609e3,Mbpp/763,Ab2g-H2,39361ba0281fd42b10d4347317d5c9e0300b3bfb2edc6a0517ef11ea277be414,True
61a868028954698e1461d0b0e395995e7fbb00888e171eeee2894aa6e8edc543,Mbpp/764,Ab1-Raw,0c7d37801aa5415fbb3e924ba999ca8471cb855a096a221d0e71ea8337bc1f8e,True
23d75fcd4cefc89a333f0785007ab70338e044a22024b0db4bc1d5a552230d78,Mbpp/764,Ab1-H2,b834b816dba66ae6f77a2403bfa41ace48dbc9d74bf1dff10f87ef5772916858,True
46e6f385953fcd94bcefd864e1c3640256f044c8b8b51385bb8c4d29fae170f9,Mbpp/764,Ab2g-Raw,b63b2669cf956628e86c54c0a5920fb4b5a5d1737b5266833e8079054d02d65e,True
21be76c0617f27ed8a702bc38dfab8f6da81ee3af3ba59002d93805f79322a9a,Mbpp/764,Ab2g-H2,b63b2669cf956628e86c54c0a5920fb4b5a5d1737b5266833e8079054d02d65e,True
8288b5070b9f21f290180e4b6ab336a68940ca961d8555159e5f8348f3d86b32,Mbpp/765,Ab1-Raw,8dde7e9af7006cdf6218b6032865e335e1439f4245eab5bb7afc7108b56ad3fc,True
988e26a5eec2547c5d8cd3ffd98f9846df955f934ce0e6f8409a79e9fb1941da,Mbpp/765,Ab1-H2,8dde7e9af7006cdf6218b6032865e335e1439f4245eab5bb7afc7108b56ad3fc,True
9509249ec25a501eb405dbb1feeefdbf69830e026672215862b7a0cbcf08fbff,Mbpp/765,Ab2g-Raw,1bfbceb5c1b284abcbf8093018050965bc55f0f2c1c9f09c033d912207590332,True
35169e14693d52bcaa837d495ca9e3887a3dab2fd89ec55e088732503fa9777c,Mbpp/765,Ab2g-H2,1bfbceb5c1b284abcbf8093018050965bc55f0f2c1c9f09c033d912207590332,True
1e763bde703e99079fabcfa5f7bca4bf9626a77e7e7648dca8f5dbc55899c337,Mbpp/766,Ab1-Raw,2d541dc3e8778d805cc4799971be73057b9fabed9a3388e1b6cb6178fe080d85,True
788de0a69f66cb4dc4bab1ba39b1755a1556f71cab5874e9430833ffe5d446ba,Mbpp/766,Ab1-H2,b21be3471597e0a89627cd344fcc5b6f9eea9252d6b38cc671cccc041b168880,True
6f0cfcde9d9f3c5e351f5b055275ba3db58d55100958b13e5c70e7669e3b01bb,Mbpp/766,Ab2g-Raw,c7ab8f6ba2567d1fba1f90b8bb313fbaa24e387bfc71dd01d6a3998701db9769,True
33bd05714b3efefd44ea941bd5f8da3e7d5f9a9ef59a38b088a6103dcc0b95f0,Mbpp/766,Ab2g-H2,c7ab8f6ba2567d1fba1f90b8bb313fbaa24e387bfc71dd01d6a3998701db9769,True
094ea4ae41c3581136a4115876c37c923016bc7139ecbf876efe0ce0f79e4c2b,Mbpp/767,Ab1-Raw,,False
7a31c84cec8e50f2122b47e0692031b4627d795fc84aa7dd1c03ab8ea01e0fcd,Mbpp/767,Ab1-H2,,False
0bf32cd3926d98f6ca09e087f4e12e3df345842c4b923f85476a271fa9d7c1ed,Mbpp/767,Ab2g-Raw,2691e7e9233cd68cd99f92a5b8ca97313917ecd0c639583156674af174e2a6b8,True
3ebb22451842b92ceb5f663e024e16a6550ddf36839418c3fa6cff2fcefc990b,Mbpp/767,Ab2g-H2,2691e7e9233cd68cd99f92a5b8ca97313917ecd0c639583156674af174e2a6b8,True
6fabe84e75c42690fc3df94cfc24e1f7e5403b84f76078074c2bd6d053c3d75e,Mbpp/769,Ab1-Raw,21411f375e7c9e807b0600ef9b6712cd3e86a038b0e40f13608ef00c1d4ba3f8,True
0b3b4e7fd4322aaaeababb12cdbe739274854854771b087446ff375c541ee822,Mbpp/769,Ab1-H2,21411f375e7c9e807b0600ef9b6712cd3e86a038b0e40f13608ef00c1d4ba3f8,True
7251a8e28700435da9b91808f760faa77f7678644d9a31902acf5f4930114fb0,Mbpp/769,Ab2g-Raw,7abeddacd764af1927914ed04e688a24bfba3c72ab5f0ad89081a37a7e00419f,True
171288cb6c96f5bc64b774bcb1276ad6bffae0e330ae31df1206ebd5421524c1,Mbpp/769,Ab2g-H2,7abeddacd764af1927914ed04e688a24bfba3c72ab5f0ad89081a37a7e00419f,True
fdc5f37b4d2abe87cc41dc02d66ce0dc91afb9739a32ff8210618376bd07ac92,Mbpp/770,Ab1-Raw,c30a3edef2caa0b57c4df7508b83143b3ad6b8f264abe0139905c4709ed2dc44,True
c070c3f31268539ff547b4d7116aefaa6fa19d9da52e3215b2d778b272f099e5,Mbpp/770,Ab1-H2,c30a3edef2caa0b57c4df7508b83143b3ad6b8f264abe0139905c4709ed2dc44,True
6697b46d51877341f237e083bf3babc08d188e0ee5f6f995950ca73071fe86a7,Mbpp/770,Ab2g-Raw,f2a2bd063b808c6e625a83250c666bc20bdbd4e523555c198fd29c850e9f889c,True
e6eab0ecd07456f85a4a2e3d8a5443242db52e9e8d195bf7acbb7b2b7efc6361,Mbpp/770,Ab2g-H2,f2a2bd063b808c6e625a83250c666bc20bdbd4e523555c198fd29c850e9f889c,True
13a8f4b29da8c1f8100c8808f28b7e0664e1ac9fcc5918d6b00749b8b004d041,Mbpp/771,Ab1-Raw,b70e6622e8a9f0e53de83201f2fa02786fc8c4f6e47a8379acd2956297449159,True
323763d9c9ecc045970e8740ee916f19e60dfa869ca44a920a1efd1f24418549,Mbpp/771,Ab1-H2,afb102f2cf5906e103b49ebc1003c7336cf964fd30f722f69c43dff3fc99cbc0,True
7a2751d13d60ba2216fbd5d5723b089119ad7ae85595deb0c2dbcad1eeffcd72,Mbpp/771,Ab2g-Raw,71f36a3c933f1cb9abe8cb1b099a83583bce56dbd2dccfabb0ccb8951950fece,True
1396c77a94a21ce78f4e7f13c31d68a327d6efaaaad7e6247bb203d9a50ee10f,Mbpp/771,Ab2g-H2,71f36a3c933f1cb9abe8cb1b099a83583bce56dbd2dccfabb0ccb8951950fece,True
32e1123861ab8f98e1926b62fe290dcaaaa58075ad4e4a2e74bc0328d61fee35,Mbpp/772,Ab1-Raw,816b68ab96019529676417358df1626e6fdcbd6badb212a82fb85c0bb482838e,True
657c3acd02117a91f9374acbdca565d21c967e253228f16dfd4255530ffa5103,Mbpp/772,Ab1-H2,595878a47acbf324f826a6d8aee09f510e4bfc4b0503089cbb3903405e1df3bb,True
eb36873ab16b2bd1ae42ac8d7f3b3693936728ceaaf254ffe289667bf862ba11,Mbpp/772,Ab2g-Raw,a6431c47cf48645690a4a17b679f1d3dccb7db0eea7734395e65086773e49c49,True
9f135c8e1912c656b80f7887d88d29a70fe3d9cbc6159843d960cd78bb3111d9,Mbpp/772,Ab2g-H2,a6431c47cf48645690a4a17b679f1d3dccb7db0eea7734395e65086773e49c49,True
f919f2b8a6cfd0ff69f8996ff0032522e03519f6d79a94d9bd800c6ee350855d,Mbpp/773,Ab1-Raw,6a5784ead58017c961186a165776e5784ce96a7c970e136e4e79e677cc6a4967,True
8ad07dab8ba4980ad4fde9ab590beb7c7f3089f2e30f8aaaa4a0cf4f50551703,Mbpp/773,Ab1-H2,6a5784ead58017c961186a165776e5784ce96a7c970e136e4e79e677cc6a4967,True
ec0e7a9ea4986ed1a65529c0d0c24f4d42e5ba1351cc1d8c64f17159e6906398,Mbpp/773,Ab2g-Raw,c4477d99abb10316eb33096ede34576cd93509c83a183bf1f0eda7d00b33671e,True
a33fe7b908726d6e7fd739557766d887f404b561076ecc99cb1a2e965b1ffc4d,Mbpp/773,Ab2g-H2,c4477d99abb10316eb33096ede34576cd93509c83a183bf1f0eda7d00b33671e,True
e51553c291ae831303d00333f444303f5adca4370485eee3c5c626551d63d736,Mbpp/775,Ab1-Raw,3a18f3232f8a5e4ff87b5b5d0e382efba3d52dbcad2a997677ff6b1942329c16,True
5764e819ab86cb468fceb7beadfcab3be6ab21cabf801bc10b636693e4467126,Mbpp/775,Ab1-H2,d39ff6b96d6ceb9417cabd9f1b0d38ec315c474ecbc7d88fb34fbc158de72299,True
5a516cb7132e11dd944d4c1be097f9d6d49a1ca9f564ab419fbefe32595602dd,Mbpp/775,Ab2g-Raw,4e1d15404ed978c03ac85873dcb4b54bc07334adf420cefc675c52b5bde63ae2,True
7d865cb18f8496ccd65d5ed6a2982964804a599e9ab4a06cebe72f915adc625c,Mbpp/775,Ab2g-H2,4e1d15404ed978c03ac85873dcb4b54bc07334adf420cefc675c52b5bde63ae2,True
6937c5b51275e03a7029da09ed2a50d36ee661583a1f728ae8f06173fd28da5a,Mbpp/777,Ab1-Raw,7ca538291bb89f70feb99af3d404fd990107c0698266322487613c9e0702976a,True
ce47344590844acabdd940686f17a4e70f6725f7c4fbd97b906a9a8415534613,Mbpp/777,Ab1-H2,7641d12b91eda39d7d6360265947e6aa5bc855b05c5123e94cdb9f0bed1908f1,True
315a491f9683037be5adcada88e4846edbf08945d7321d6c788a97ec6d514e48,Mbpp/777,Ab2g-Raw,fa239934e893c78479ba5f4814b915ace7c90441d020b6aa5196a5e5df75129e,True
85e2c46c9000217a87619ad1ffd55b6e0a8b1b3f7f5c3f161e37ebf5d0de6e9b,Mbpp/777,Ab2g-H2,fa239934e893c78479ba5f4814b915ace7c90441d020b6aa5196a5e5df75129e,True
b1a14b13b465ef7fdc156b1e90f02c0fd266db69096dce5d2830f0220aeaa0d4,Mbpp/778,Ab1-Raw,05913be584c5290b8b0c5c20b77903be08553629b7574d30d6974b3767ffee4f,True
2ba7005ad919585eb0afcb348f5813e9508596b3dabe72a199b1c11cbbe3d184,Mbpp/778,Ab1-H2,05913be584c5290b8b0c5c20b77903be08553629b7574d30d6974b3767ffee4f,True
781ed72878ace027cb7cc7cf680df2efc22c0389b17febd86f660b6a769642f6,Mbpp/778,Ab2g-Raw,75b1e53b0b1fbdad56cc9d0a8128880a9010be6b494b8fbeacff7b4cda9b526f,True
bcdc1ebad177022ce08ff236c166eca93e83da79efb33a0f0fe018b985e36192,Mbpp/778,Ab2g-H2,75b1e53b0b1fbdad56cc9d0a8128880a9010be6b494b8fbeacff7b4cda9b526f,True
abb042fbdd8ed7fa71933c31c0099ba32ecbfeb5b79e94be8966bde27d8d97bf,Mbpp/780,Ab1-Raw,a2d28a33b50bd3019a207a41ac42933a9af661d40dd97bcae476a434a0b0cba3,True
abe6d23e903a07064cfc6e3af2bcffb28ee7ad37a41ae6044c6303e542f33340,Mbpp/780,Ab1-H2,a2d28a33b50bd3019a207a41ac42933a9af661d40dd97bcae476a434a0b0cba3,True
2c7f52a27c80b89d6350f889b5788227cc31548f306e74df0227bb1a6a9be4c7,Mbpp/780,Ab2g-Raw,13d78e71251b96ab6506aa84162102d4510bebdaa34f3ed99bb32bf1f6390dc2,True
377ce0e1f9822d6545349abf56c24bf6b940f42c95385bab2b6db88a817d25ce,Mbpp/780,Ab2g-H2,13d78e71251b96ab6506aa84162102d4510bebdaa34f3ed99bb32bf1f6390dc2,True
1fae97e84f1d23e3a3247e747d9efd47c388a41c5e912b38b7b565dd5119d432,Mbpp/781,Ab1-Raw,657ef15d86510a21d343e26b6ab88f002247579b8dbf93b1ca55652491bcc6b9,True
ad857888bd79e2a54d8ab76432ae8a948f43dd143381a2401c49738f5fe0cf97,Mbpp/781,Ab1-H2,657ef15d86510a21d343e26b6ab88f002247579b8dbf93b1ca55652491bcc6b9,True
62c5ab9a54d729e05b9607df229ec8f677b454a206d45ff47eb23d8b8cba40e1,Mbpp/781,Ab2g-Raw,aee19de6cca658e8a592a0ba68dc2111714aec8bce29e9087cf940c73be1dea4,True
d500f4161611ecd9937616d86586bae597b1cde9e35fbe7548044c769ca04574,Mbpp/781,Ab2g-H2,a1a3c363a35d1b2aadc7096705d2e38fbfbd8ccc07832e85f4c768b3ba3a14f8,True
9b52e73fbeeedf4aac0bb10a3fba2839774f839efda6c4b3b37ec4a666de0d7e,Mbpp/782,Ab1-Raw,a8b595b4ed4f04f282f1d2057da8e06a9d0affb0b6e033504a5433317425ea56,True
f0f3a190af0d1b1a5edb577153af491a353023eeba172041d3c9e9e1a5d88b5c,Mbpp/782,Ab1-H2,a8b595b4ed4f04f282f1d2057da8e06a9d0affb0b6e033504a5433317425ea56,True
4d2fda9f17a2cc3efd830240912a5675aaa85c0dc48e42c8925fa560cd710308,Mbpp/782,Ab2g-Raw,6d92931fa333ca1ce3f9a92ed81041b3f7a2ac9267dde14ae2e1eac8ebc15898,True
d07f1be23e48fc9024ad0dabb9637f2b84a04bdc4b1735411df5928b2e8d1f97,Mbpp/782,Ab2g-H2,6d92931fa333ca1ce3f9a92ed81041b3f7a2ac9267dde14ae2e1eac8ebc15898,True
f0de31b3b15a6acf973f3dd1307006168041a447e7215acaf2daf99b74b9cb74,Mbpp/784,Ab1-Raw,,False
065878f12ede6f2c76c555a3cf1299e1c9c0fa91d95442a8a53ffdaf31948ef1,Mbpp/784,Ab1-H2,,False
32ca12202bfc8242030b41ab13cabffd56b277d85e558128dd05fb4f4415ee9f,Mbpp/784,Ab2g-Raw,a7209b266e270c2364241ddeb0e0de9b03b2a2c623cb2e53bbd0ddaa971f73d4,True
ff11cb65a6af789bc0111089685ca8251d86aeba0a0e0d5c9ed54b4bc634a56f,Mbpp/784,Ab2g-H2,a7209b266e270c2364241ddeb0e0de9b03b2a2c623cb2e53bbd0ddaa971f73d4,True
a9ed1d46035af78328fe71ad91901c5fc6457630b56f74bdd9297c7156526f2e,Mbpp/785,Ab1-Raw,79a7ae78236bca9656771af878135664c8217911748e1fd0de0d729d9e399c92,True
4158df654ec3950bcc4ac9e3804e5d46a6541079d8ef07a2a362a405cd74e296,Mbpp/785,Ab1-H2,79a7ae78236bca9656771af878135664c8217911748e1fd0de0d729d9e399c92,True
1317ea099ac0d69e6c0c611197b530555aac7a32e1b200dc8d8bf9b0733d8002,Mbpp/785,Ab2g-Raw,43a94f36b0efc4acbd0555280709d67a6c19d2ff0a943849588ff8eae298879b,True
8f2c75663dbd69bbff5e079ef727aa7f3af7c3ede34719755a22610240e9d733,Mbpp/785,Ab2g-H2,43a94f36b0efc4acbd0555280709d67a6c19d2ff0a943849588ff8eae298879b,True
6757fcd0639553419c10e57f1870432447b88c66082a92e9aa732074fa1507aa,Mbpp/786,Ab1-Raw,7c4b53f9b799fbf328430b7732819ba103d185f8e02bbf8dfe2515dfb5430684,True
b3c9dcbf34142f9da8550612234fb6be26e28e30cf49d752ae9b0685ff147042,Mbpp/786,Ab1-H2,7c4b53f9b799fbf328430b7732819ba103d185f8e02bbf8dfe2515dfb5430684,True
39a617d09786d72dc88e56e97472d9eaf3a2f036fa9a926a8065816f823d75fb,Mbpp/786,Ab2g-Raw,ba775ea71c36ee249dba2bb51719d6fdc6b0276554a6296edbe67e44b706479c,True
c1de6d33f8b5c3ce782b31868b940940be192d5a084557b2b6d46542bd819534,Mbpp/786,Ab2g-H2,811e9936aee4ab092245e7ae4bddf57eb76f053b21c3dfedcbedef50a67f46f2,True
43566d198af48ffab5537ee6469fa149f28e09125b70dc86d1a2755681d30d87,Mbpp/787,Ab1-Raw,719f3dc5114d5a55610606b99dcc7176bc8c9448f26822f2515b027550407a5c,True
fe67e1375eb0df933ad2a9db540d457ccb4db18509ea300b025c0c39f4ea07dd,Mbpp/787,Ab1-H2,49f840a9fadc82f66b429df178537f73bd4c9a2ae0454be7bc4c6c5cf560f941,True
a22147ab2d406f0565b983c4a3d42c0a8ea386a91732f0815b2b8c31a0127938,Mbpp/787,Ab2g-Raw,eca72b35ef77b155ad655c525fd4a3a40de6366aa7875b3caf3bc51ac152c690,True
f37990af5053990344443e5e3b615da8797ffb67ae64bea9858bcd41bb0befad,Mbpp/787,Ab2g-H2,e0f062709b57f66bdff977ae9499b6b0cf2e1dda304046582adc40793198fb06,True
6e310112ffc658a34ce74adc09cb222696623aa1c363a180d2e78c44248592a2,Mbpp/788,Ab1-Raw,536d293a0b099a57feccf94de07a1ac5a4048988801ee1dbdc137c38dc776380,True
2a5f5bfe0d82cbb0ebbbab9c7ef00373d6127d8dabd4038cf3799b102e60a659,Mbpp/788,Ab1-H2,380f4e5d1ff604daaae899c4bd795bf9e60de1cd310b06f3b62d3f6d12725d99,True
e82bb242aba05ed431dc84427ccd12da5b1c5e742adb566536f8ade5c4f9d9c2,Mbpp/788,Ab2g-Raw,9a7ec182322edc70fa0f9f76a8e73e51657ab24d420f93b696f85aa481f004f3,True
942bfc84f60e5715844d1bd2bd114002bfa3e4fdb58953c50949e0acb21573d5,Mbpp/788,Ab2g-H2,9a7ec182322edc70fa0f9f76a8e73e51657ab24d420f93b696f85aa481f004f3,True
5c522d4586d38a2090d6c944f20352e721e60af219bd5851b4f1bcada0711aab,Mbpp/790,Ab1-Raw,701d4df8b8bd91efafe153bfd71bf57fd3941422fa289f53454488218a1bb674,True
5ae20070f7b92675dfffaac5dba3b6c20d0efc735b31f5a377a59f02dc859de6,Mbpp/790,Ab1-H2,102980c147a2c213732b9723e475547a0987ae325cb722b70496819c23dce4b6,True
4a4b1d1c42a17743ef9f54d4f556a3a982810c3e3336fcaf77b0ad5cc9fb4194,Mbpp/790,Ab2g-Raw,eaa1cfc63a3541290bca70588027bbe542fde329763262292a50fa26342d3ab8,True
5fa78aab91a05e8a4fa957f3ff23e0a04a01610e3f9482a6f74b9656c3a2ba85,Mbpp/790,Ab2g-H2,eaa1cfc63a3541290bca70588027bbe542fde329763262292a50fa26342d3ab8,True
a5a8bd8a4ce2302ed35a92a2818d018753b0d9b0660bae9169a98d3369011e8d,Mbpp/791,Ab1-Raw,262fa1b7dfb15c0b3c595b6e8e72b89a9f45dc8ceeef969d976d3af4c548077e,True
90a674abe66d841712cccac5665a50a2ab5757f0a24f9111700f7e07343895b6,Mbpp/791,Ab1-H2,d50b6d80874f2b513a6ed61b5b7fa4f21872d9082ab6bc734986c65c3ee0aa5c,True
17d2392a90356d11a61705635675d12da7c96032dc1e9f0596ede954b8294628,Mbpp/791,Ab2g-Raw,042f2dcbb3e2447a97c002728c35f9fe333217797d4bc050318161376461465d,True
5beeda8e6b3d8592848050876f49333789b1e526ffafb0277dce2e176740b3f0,Mbpp/791,Ab2g-H2,042f2dcbb3e2447a97c002728c35f9fe333217797d4bc050318161376461465d,True
2a301dc595bc763d0ad110797d413fb1df8de2411d3c983f1a5c60f2542651d0,Mbpp/792,Ab1-Raw,76516d9f0e1d31f76aa1e961bf593c372dba13270de3c601c9094448ac3be313,True
ffcbedaff8aabdd40cb6a726ac9b3b318a6e6f23ee0298017357c3253222d8cf,Mbpp/792,Ab1-H2,9514333e648353394184478c465061e3c9a9e36b0a6c37528218fc4738fa8f27,True
25ff63c672e0d0d0701b86dfce940cdc5c060732fff7a1d529e9aea5a587c507,Mbpp/792,Ab2g-Raw,15c91980cb67e3fda1fd1dc45e925ff9252018cc16cc4f6598d805689c7d5859,True
2e3bf92b92ce36350961942d992ebd8585bd73ab2d16c8c3eed275c49e30f8f0,Mbpp/792,Ab2g-H2,15c91980cb67e3fda1fd1dc45e925ff9252018cc16cc4f6598d805689c7d5859,True
46d258814279bd68eacc00f6091a462e05514ba9cf7b00254d7128e98c5491e1,Mbpp/793,Ab1-Raw,066bed584e4991016f33028110749131343aee0dacd58f5dee384b97e30fcaed,True
21b4fe0467b2aaa78def8265b45d40cdf47faf2d6aee58543176fcb3b4f47339,Mbpp/793,Ab1-H2,066bed584e4991016f33028110749131343aee0dacd58f5dee384b97e30fcaed,True
1cea1309cd46d5332be248d19cf0eff800800fbd25dc4d5faad8a683bb60251b,Mbpp/793,Ab2g-Raw,49de9e66935d492628b81fb0add6e127d5547f5b8ee73fe9faf16eb7848a0331,True
12b880c8131cb976fe5c667b6a0025a0d67fd8fe1c51e839fc7c5840cb2805e9,Mbpp/793,Ab2g-H2,49de9e66935d492628b81fb0add6e127d5547f5b8ee73fe9faf16eb7848a0331,True
924e99df6c7267916019426fd54e68522234b91572c0894e50121bf24b5b601b,Mbpp/794,Ab1-Raw,,False
4c63f653bb39bd49ca1cca742f8ba69efe38794c8fa43ea031279918e115e221,Mbpp/794,Ab1-H2,,False
6e672a7035163a955ec94d9913b8938bacf5c9dd755c252aca754124892e5dab,Mbpp/794,Ab2g-Raw,9ab248bd530f065cd3e0d87c74f183e77450e1037d3e380ec4be91d07d40cdcc,True
ad42d481beb4d38e68ccc5fb228ef2ae812c57568e4e9a8a78de5d263e0e2dc1,Mbpp/794,Ab2g-H2,9ab248bd530f065cd3e0d87c74f183e77450e1037d3e380ec4be91d07d40cdcc,True
b679158ed99f395e700b69690f745c8514bdf8d98096d0093e3d48c2c6018ea6,Mbpp/796,Ab1-Raw,7acad4f4a9cd332df4dd30f71541fef2e3a032f3c85583a03cc5e23d5951c672,True
a11c8ee72032a5678f4b7fdccdd52d8f8b59d823e9727585188d8ef894306982,Mbpp/796,Ab1-H2,ef3be387a4eb8c96cd74432c98d87e19c48ae3dadae870e02e02b9f66f8bb18a,True
4099a07da24ee6de6b0f125ed39dbe0a59b4c1ff7d00a678f4300ec44b249ffe,Mbpp/796,Ab2g-Raw,2102d8eca89d16583bad06c1800e134d1a873e6f299525292352ac64e833524e,True
2bd8fc03576f1702c5f4f158ef2e580e718c6bb93d2b9eae26254d9c7bbbcab7,Mbpp/796,Ab2g-H2,2102d8eca89d16583bad06c1800e134d1a873e6f299525292352ac64e833524e,True
6df4c2774f4d49453ff4adcbbdf0a1b410e621f3b045cb5311a55fc81ddf017f,Mbpp/797,Ab1-Raw,153166476d12201b0e75151d8bd598af9e202f237a75cba5872bd9e7eabb6a20,True
545b3576c323e4cf51529d1290d9c02589414a1f9e537549c7a8c40d283436af,Mbpp/797,Ab1-H2,5de1b22c55006ee7eca312d0c032fee83291ddb071172402755477d1e30c8a17,True
c34889fafd94e6dafc1507bdd2f2916984515d2b481b15af23426d59811a8657,Mbpp/797,Ab2g-Raw,4ec7b5900c1e0f045f471be7085d89001a5b1bee21c9acc7d2e6f0e72d1dd2b4,True
19ee101fa1982641771906c680222c4d70c6f6f02606ed8c0b98d337267e889f,Mbpp/797,Ab2g-H2,4ec7b5900c1e0f045f471be7085d89001a5b1bee21c9acc7d2e6f0e72d1dd2b4,True
b06672b506950be8269e49ccd68f7791a4b4c7449f1319f180c84653670ff77b,Mbpp/798,Ab1-Raw,95041fd363ffd7dd8ef6b306161ea8c11c8dd3177bb343bbd2490c9226a6d6d0,True
c0cda2cdd25398b0520eeb2c04e0b808840c83c60ec2a89588fd53436ec0bd58,Mbpp/798,Ab1-H2,af1351a283e339d924be094fd4f1edd45d84d810c78c0fc269bc8f8a491a4fce,True
8bc7bc0736ddf2d0d36f48037a0e8ed070f293e5504985824efa77e920d4e30b,Mbpp/798,Ab2g-Raw,795bc95d3e93864824e2439de2ed5935bd4c19ba7921bf8ac4671fba224d597c,True
0826679b2c5667644754b9f49d52c555624a08158cb5b7830156e702a751a08f,Mbpp/798,Ab2g-H2,795bc95d3e93864824e2439de2ed5935bd4c19ba7921bf8ac4671fba224d597c,True
01be6038f7c08f3e9fc6d1bb6193c3c0560ef9f2cf6d331b1fc577ce78796b9d,Mbpp/799,Ab1-Raw,6bd9ce57a009f9f44dbff52113bcc2542f8d95c335c1f50a9eda9bbf16183f2d,True
b840bd0385e1baf615b7a02304ef0bad6dad959c63724e76d4d89a9aa96b1299,Mbpp/799,Ab1-H2,de5a0045f688f501b2c8118b1e194a64c9dd66026acd69e9352afbceb6ea2d7c,True
9b2b0b19dbcd7f690561308181e455f7f7e2e23bf28ab59d627aedb75e9c44de,Mbpp/799,Ab2g-Raw,ebc2210b099af47705df92f6a37c9e0591b8384f35a47d85902c7c52601fd317,True
764a156809b5a2a610626e39affef8c822c1bc7a765bf628e9840fdebcd79359,Mbpp/799,Ab2g-H2,ebc2210b099af47705df92f6a37c9e0591b8384f35a47d85902c7c52601fd317,True
e3428e89367fc6afe6abe3efd37ce535488b7939f7f47b1707b51d3f273d2dd6,Mbpp/800,Ab1-Raw,,False
c0951c2671f1a01191c1c94878f1f83f015d8eb091e2c3151566500609074725,Mbpp/800,Ab1-H2,,False
4b350168fdca04ae2bcc4167887dc76cebc422e3cbc65c9c89cda129b0d54127,Mbpp/800,Ab2g-Raw,6a5d1e159464e5c037627c611762028501dbdebdd88daf52556a7534fc96de33,True
2f2f2103ac3584266e481651c6b2f8e2e678605421721ca5bb73c8da6e50bbe6,Mbpp/800,Ab2g-H2,6a5d1e159464e5c037627c611762028501dbdebdd88daf52556a7534fc96de33,True
361a536396379b60d4b762944b16cabf5dfd85a77dc751a1890cdf3fa1d5dae8,Mbpp/801,Ab1-Raw,69d96d4b595b6fddf8d58c3410fdf8c34efd955e54f26cea9111266ec8cf34a7,True
b1c41b3a546bb8d06dfc2a60759713afb5b1300f9c259a11020ce4de60199e4f,Mbpp/801,Ab1-H2,605e29ac315668feb5c9a0060b707f76ffd4d79a91f121efcecdffef57618e74,True
1df7e589dc0c7b2ec2cc820ad551119551cd62598d71b9b59e45f89d13f8517a,Mbpp/801,Ab2g-Raw,eb1fb627027faa4a4e6af1e4d73d71b4ec3a03c6a66a7e8b76ab498fb222c5ec,True
17188cc4988dce099021d165dfce0fdac658b01e381f870ab6e73214d7e4393d,Mbpp/801,Ab2g-H2,eb1fb627027faa4a4e6af1e4d73d71b4ec3a03c6a66a7e8b76ab498fb222c5ec,True
129e94abb90dc5339166a9b17b505d54452d8aa02cd05767216abdc518816644,Mbpp/803,Ab1-Raw,91eac325603475aa6ec64c01b0fa0844e45308c883a8614ddf0850a3cd676143,True
befa30f3cded81adae2ce9700fdecadf00385bedbe98526f67cde15d98e54a6e,Mbpp/803,Ab1-H2,94231e99db565afa5667d3c866dcf19fc993ebcd9df35a2186652fbad72524de,True
df651d9f7ef3ec5e5f8af60522696544f78cb41541723d0d195900139e475e6f,Mbpp/803,Ab2g-Raw,57bc7919d51e4c8b22f70f9304559a511d1b8964387413e036021ce97587d3f1,True
21732162f6de735cb598ab13a60e3a1047c9b3745c5cd33b72e2d3eabf8dfe1d,Mbpp/803,Ab2g-H2,57bc7919d51e4c8b22f70f9304559a511d1b8964387413e036021ce97587d3f1,True
ca69d721f6e677a4e1fc5a194b9e4721286a6fd3e32978a682fddcfe5da6ed1f,Mbpp/804,Ab1-Raw,,False
031cc19e4b01478d45b63d0bc0d4d53b258c0cc289cb4521b1da59753b8e6161,Mbpp/804,Ab1-H2,,False
171d97753df12a066d8c551fe044a18f738ce7d2c47b3b890916dddb421ba1d8,Mbpp/804,Ab2g-Raw,481d162582723ce1ef02f636f9f9b83021cfc4406da66865e17d44a9b87db700,True
3baec443a61749c5c1f76752b0a832b06978c49196d76fb3c8909587d3f15b88,Mbpp/804,Ab2g-H2,00899b88db57b7b8e4db437453de93d2fbb6e6392ff6290cff5e10a3c60c3b6d,True
b14b049f03368702e71b9a62157685668a4bccfd7aa0f0e093f644ea6ff3d481,Mbpp/805,Ab1-Raw,b6b0acc39cad5f06bab6a52971a039c2e971ffdf99b9caf76ab1afda690dd648,True
0584bd25313cb920d1235bb5f33a990c58b1a90d4b1a1f1b1d45d466b779f62f,Mbpp/805,Ab1-H2,d3d5e3e7121bd248053a6a1cb13cec800c281f7da8c3096739017dbbe08da923,True
d8d22fe8fe92b117810db4ebdadfe1d81b84d915afa48779b754ffff682e1a98,Mbpp/805,Ab2g-Raw,ba2a643029eeaa6aaff0204722f6d98303aef6d76838b56ff65bab25119e136e,True
897c1d0201e2e53584c2637c9535896e5d04accb37c4d933351cc1775d8e18af,Mbpp/805,Ab2g-H2,ba2a643029eeaa6aaff0204722f6d98303aef6d76838b56ff65bab25119e136e,True
dabbfca93142d3df80ca5eeaee6a0208b4575cf0bb435b4d0d3e8d9dbedf5da4,Mbpp/806,Ab1-Raw,355824a33a7b163a8738a93a1490a2cf69383a094a960fb9fc1d952aef663cc6,True
addde9c8970106f51272a69e372cfc7f247ece10469af83d38d583c89e881495,Mbpp/806,Ab1-H2,314d375587105a66965df5d21b923b57b6b3244c300db3e0126ce68de003f9a7,True
5c6fce79599311361582ec333ccce8b5a32b1f8b8190594db8e53ffc6d002f03,Mbpp/806,Ab2g-Raw,cc8e202cc6581d9f8f2fde89f8dbc5be7ca5f4ccc7564f19bf95a7ff5ecf11f8,True
ec5930ae2eeb899ab17cedbb21766bed39e5a8b29de68cd3fc4f2fdcfa9e4820,Mbpp/806,Ab2g-H2,cc8e202cc6581d9f8f2fde89f8dbc5be7ca5f4ccc7564f19bf95a7ff5ecf11f8,True
ac1ce4f1d0fa93a45919a86f8602d8443f80022d68ccb94bfb1734aff88e4617,Mbpp/807,Ab1-Raw,d99f9ff1e03740e210693ecf408dbb28e07ec11262cce2d8ffecf23aabbb8a2a,True
8e2aa815139af63c069af779f10d68485c491dfbf8bf6f95990f975e5673153b,Mbpp/807,Ab1-H2,07c2c04bbdc47d6821a8737ad7e3abb68766306dd1500f966b949aacc47cd9cd,True
1a9f0b34bece02a0aa3cd9079ec167b35d69030c158f2939c39ef7521c28b42f,Mbpp/807,Ab2g-Raw,7171997a31d8a118539d749bb4ff04d8d9d1beebec1c9bcf3d120ee66cdb0c18,True
405e4b313cf8ed83982f82626078d51ccd33d15cc8a811927a1608276fe5e62f,Mbpp/807,Ab2g-H2,7171997a31d8a118539d749bb4ff04d8d9d1beebec1c9bcf3d120ee66cdb0c18,True
f5b3ba2220b1cecb0f80670cbdc91b482ab156787b19d34b6de879549d417338,Mbpp/808,Ab1-Raw,3f1bbfa2fe5e1864fda3165b21d58fb33d1eec5255f599f8ea2c9a7fc7f7b0a4,True
2bf4e9c6ce617daa9a2d934aa65dac82efc37d32ae1d5e3c5ee21cb1dfda6ade,Mbpp/808,Ab1-H2,3f1bbfa2fe5e1864fda3165b21d58fb33d1eec5255f599f8ea2c9a7fc7f7b0a4,True
f004e543de63146ec634b995cb8c35cd0573777d2b07b14a8842e7771ba82b5b,Mbpp/808,Ab2g-Raw,a1500bc5e8d8535c5508f5a490e28b94eb273f0a72c73e6e49824adcd1cab9ee,True
74438b9921c36ae49ee6ec6c38b154909d030605cba691e67b1bd236c0b60f05,Mbpp/808,Ab2g-H2,eed9a894097915231dfe4e5f7e9b20a5306cf11b67b3589eedd7d3fa5daac997,True
3002c09556fa347d28f12a192ac60405a9858cb1f25807f4e875c1c4cf085ee9,Mbpp/809,Ab1-Raw,3eba3269e93625bbbd873db22657ba5bb9fe3b49b0f43b72bc0eedfb701d09f8,True
ab4851f74cdb174e1c459c7bff98c537548f9950fee36f44c564be2e46fc8de2,Mbpp/809,Ab1-H2,ce49bec3c300c4857cad1d14dc300dc79f8444c531c6ed9620eb990362ce49a2,True
096fd0b35e2bfb7bde4b12cb1f9d854b2e1a087a82b14939badac61f04126c2b,Mbpp/809,Ab2g-Raw,6d356ce980c5b31ddb491f5f8e30d356592153dfc13edfc4f11cc9ddf71c7b0f,True
661444a14de67e7e2ea6c6fca63705def5c19e2278f385518a69adc93ded02c2,Mbpp/809,Ab2g-H2,6d356ce980c5b31ddb491f5f8e30d356592153dfc13edfc4f11cc9ddf71c7b0f,True
